-- INSERTING into MOB_ATTACHMENT_TYPES
Insert into MOB_ATTACHMENT_TYPES (ID_ATTACHMENT_TYPE,STR_ATTACHMENT_TYPE,DAT_CREATION,ID_CUSTOMER_CREATION) VALUES (1,'Invoice',#CURRENT_TIMESTAMP#,0);
Insert into MOB_ATTACHMENT_TYPES (ID_ATTACHMENT_TYPE,STR_ATTACHMENT_TYPE,DAT_CREATION,ID_CUSTOMER_CREATION) VALUES (2,'Scanned registration form',#CURRENT_TIMESTAMP#,0);
Insert into MOB_ATTACHMENT_TYPES (ID_ATTACHMENT_TYPE,STR_ATTACHMENT_TYPE,DAT_CREATION,ID_CUSTOMER_CREATION) VALUES (3,'Scanned passport',#CURRENT_TIMESTAMP#,0);
Insert into MOB_ATTACHMENT_TYPES (ID_ATTACHMENT_TYPE,STR_ATTACHMENT_TYPE,DAT_CREATION,ID_CUSTOMER_CREATION) VALUES (4,'Scanned thumbprints',#CURRENT_TIMESTAMP#,0);

-- INSERTING into MOB_IDENTITY_TYPES
Insert into MOB_IDENTITY_TYPES (ID_IDENTITY_TYPE,STR_IDENTITY_TYPE,DAT_CREATION,ID_CUSTOMER_CREATION) VALUES (0,'Generic, see Issuer of identity',#CURRENT_TIMESTAMP#,0);
Insert into MOB_IDENTITY_TYPES (ID_IDENTITY_TYPE,STR_IDENTITY_TYPE,DAT_CREATION,ID_CUSTOMER_CREATION) VALUES (1,'Citizenship Card',#CURRENT_TIMESTAMP#,0);
Insert into MOB_IDENTITY_TYPES (ID_IDENTITY_TYPE,STR_IDENTITY_TYPE,DAT_CREATION,ID_CUSTOMER_CREATION) VALUES (2,'Identity Card',#CURRENT_TIMESTAMP#,0);
Insert into MOB_IDENTITY_TYPES (ID_IDENTITY_TYPE,STR_IDENTITY_TYPE,DAT_CREATION,ID_CUSTOMER_CREATION) VALUES (3,'Foreigner Card',#CURRENT_TIMESTAMP#,0);
Insert into MOB_IDENTITY_TYPES (ID_IDENTITY_TYPE,STR_IDENTITY_TYPE,DAT_CREATION,ID_CUSTOMER_CREATION) VALUES (4,'Personal Tax Id Number',#CURRENT_TIMESTAMP#,0);
Insert into MOB_IDENTITY_TYPES (ID_IDENTITY_TYPE,STR_IDENTITY_TYPE,DAT_CREATION,ID_CUSTOMER_CREATION) VALUES (5,'Business Tax Id Number',#CURRENT_TIMESTAMP#,0);
Insert into MOB_IDENTITY_TYPES (ID_IDENTITY_TYPE,STR_IDENTITY_TYPE,DAT_CREATION,ID_CUSTOMER_CREATION) VALUES (6,'Idependent patrimony',#CURRENT_TIMESTAMP#,0);
Insert into MOB_IDENTITY_TYPES (ID_IDENTITY_TYPE,STR_IDENTITY_TYPE,DAT_CREATION,ID_CUSTOMER_CREATION) VALUES (7,'Passport',#CURRENT_TIMESTAMP#,0);
Insert into MOB_IDENTITY_TYPES (ID_IDENTITY_TYPE,STR_IDENTITY_TYPE,DAT_CREATION,ID_CUSTOMER_CREATION) VALUES (8,'Correspondent',#CURRENT_TIMESTAMP#,0);
Insert into MOB_IDENTITY_TYPES (ID_IDENTITY_TYPE,STR_IDENTITY_TYPE,DAT_CREATION,ID_CUSTOMER_CREATION) VALUES (9,'Foreignes Tax Id Number',#CURRENT_TIMESTAMP#,0);

-- INSERTING into MOB_CUSTOMER_NETWORK_TYPES
Insert into MOB_CUSTOMER_NETWORK_TYPES (ID_NETWORK_TYPE,STR_NETWORK_TYPE,DAT_CREATION,ID_CUSTOMER_CREATION) VALUES (1,'F & F',#CURRENT_TIMESTAMP#,0);
Insert into MOB_CUSTOMER_NETWORK_TYPES (ID_NETWORK_TYPE,STR_NETWORK_TYPE,DAT_CREATION,ID_CUSTOMER_CREATION) VALUES (2,'sonstwas',#CURRENT_TIMESTAMP#,0);

-- INSERTING into MOB_NETWORK_PROVIDERS
Insert into MOB_NETWORK_PROVIDERS (ID_NETWORK_PROVIDER,STR_NETWORK_PROVIDER,ID_COUNTRY,ID_SMSC,ID_LOCAL_NETWORK_CODE,DAT_CREATION,ID_CUSTOMER_CREATION) VALUES (20201,'Cosmote - Greece',null,null,null,#CURRENT_TIMESTAMP#,0);
Insert into MOB_NETWORK_PROVIDERS (ID_NETWORK_PROVIDER,STR_NETWORK_PROVIDER,ID_COUNTRY,ID_SMSC,ID_LOCAL_NETWORK_CODE,DAT_CREATION,ID_CUSTOMER_CREATION) VALUES (20205,'Vodafone Panafon - Greece',null,null,null,#CURRENT_TIMESTAMP#,0);
Insert into MOB_NETWORK_PROVIDERS (ID_NETWORK_PROVIDER,STR_NETWORK_PROVIDER,ID_COUNTRY,ID_SMSC,ID_LOCAL_NETWORK_CODE,DAT_CREATION,ID_CUSTOMER_CREATION) VALUES (20209,'Info Quest - Greece',null,null,null,#CURRENT_TIMESTAMP#,0);
Insert into MOB_NETWORK_PROVIDERS (ID_NETWORK_PROVIDER,STR_NETWORK_PROVIDER,ID_COUNTRY,ID_SMSC,ID_LOCAL_NETWORK_CODE,DAT_CREATION,ID_CUSTOMER_CREATION) VALUES (20210,'Telestet - Greece',null,null,null,#CURRENT_TIMESTAMP#,0);
Insert into MOB_NETWORK_PROVIDERS (ID_NETWORK_PROVIDER,STR_NETWORK_PROVIDER,ID_COUNTRY,ID_SMSC,ID_LOCAL_NETWORK_CODE,DAT_CREATION,ID_CUSTOMER_CREATION) VALUES (20404,'Vodafone Libertel - Netherlands',null,null,null,#CURRENT_TIMESTAMP#,0);
Insert into MOB_NETWORK_PROVIDERS (ID_NETWORK_PROVIDER,STR_NETWORK_PROVIDER,ID_COUNTRY,ID_SMSC,ID_LOCAL_NETWORK_CODE,DAT_CREATION,ID_CUSTOMER_CREATION) VALUES (20408,'KPN Telecom - Netherlands',null,null,null,#CURRENT_TIMESTAMP#,0);
Insert into MOB_NETWORK_PROVIDERS (ID_NETWORK_PROVIDER,STR_NETWORK_PROVIDER,ID_COUNTRY,ID_SMSC,ID_LOCAL_NETWORK_CODE,DAT_CREATION,ID_CUSTOMER_CREATION) VALUES (20412,'O2 - Netherlands',null,null,null,#CURRENT_TIMESTAMP#,0);
Insert into MOB_NETWORK_PROVIDERS (ID_NETWORK_PROVIDER,STR_NETWORK_PROVIDER,ID_COUNTRY,ID_SMSC,ID_LOCAL_NETWORK_CODE,DAT_CREATION,ID_CUSTOMER_CREATION) VALUES (20416,'T-Molbile - Netherlands',null,null,null,#CURRENT_TIMESTAMP#,0);
Insert into MOB_NETWORK_PROVIDERS (ID_NETWORK_PROVIDER,STR_NETWORK_PROVIDER,ID_COUNTRY,ID_SMSC,ID_LOCAL_NETWORK_CODE,DAT_CREATION,ID_CUSTOMER_CREATION) VALUES (20420,'Orange - Netherlands',null,null,null,#CURRENT_TIMESTAMP#,0);
Insert into MOB_NETWORK_PROVIDERS (ID_NETWORK_PROVIDER,STR_NETWORK_PROVIDER,ID_COUNTRY,ID_SMSC,ID_LOCAL_NETWORK_CODE,DAT_CREATION,ID_CUSTOMER_CREATION) VALUES (20601,'Belgacom Mobile Proximus - Belgium',null,null,null,#CURRENT_TIMESTAMP#,0);
Insert into MOB_NETWORK_PROVIDERS (ID_NETWORK_PROVIDER,STR_NETWORK_PROVIDER,ID_COUNTRY,ID_SMSC,ID_LOCAL_NETWORK_CODE,DAT_CREATION,ID_CUSTOMER_CREATION) VALUES (20610,'Mobistar - Belgium',null,null,null,#CURRENT_TIMESTAMP#,0);
Insert into MOB_NETWORK_PROVIDERS (ID_NETWORK_PROVIDER,STR_NETWORK_PROVIDER,ID_COUNTRY,ID_SMSC,ID_LOCAL_NETWORK_CODE,DAT_CREATION,ID_CUSTOMER_CREATION) VALUES (20620,'BASE - Belium',null,null,null,#CURRENT_TIMESTAMP#,0);
Insert into MOB_NETWORK_PROVIDERS (ID_NETWORK_PROVIDER,STR_NETWORK_PROVIDER,ID_COUNTRY,ID_SMSC,ID_LOCAL_NETWORK_CODE,DAT_CREATION,ID_CUSTOMER_CREATION) VALUES (20801,'Orange - France',null,null,null,#CURRENT_TIMESTAMP#,0);
Insert into MOB_NETWORK_PROVIDERS (ID_NETWORK_PROVIDER,STR_NETWORK_PROVIDER,ID_COUNTRY,ID_SMSC,ID_LOCAL_NETWORK_CODE,DAT_CREATION,ID_CUSTOMER_CREATION) VALUES (20810,'SFR - France',null,null,null,#CURRENT_TIMESTAMP#,0);
Insert into MOB_NETWORK_PROVIDERS (ID_NETWORK_PROVIDER,STR_NETWORK_PROVIDER,ID_COUNTRY,ID_SMSC,ID_LOCAL_NETWORK_CODE,DAT_CREATION,ID_CUSTOMER_CREATION) VALUES (20820,'Bouygues Telecom - France',null,null,null,#CURRENT_TIMESTAMP#,0);
Insert into MOB_NETWORK_PROVIDERS (ID_NETWORK_PROVIDER,STR_NETWORK_PROVIDER,ID_COUNTRY,ID_SMSC,ID_LOCAL_NETWORK_CODE,DAT_CREATION,ID_CUSTOMER_CREATION) VALUES (21303,'S.T.A. MobilAnd - Andorra',null,null,null,#CURRENT_TIMESTAMP#,0);
Insert into MOB_NETWORK_PROVIDERS (ID_NETWORK_PROVIDER,STR_NETWORK_PROVIDER,ID_COUNTRY,ID_SMSC,ID_LOCAL_NETWORK_CODE,DAT_CREATION,ID_CUSTOMER_CREATION) VALUES (21401,'VODAFONE Airtel Movil - Spain',null,null,null,#CURRENT_TIMESTAMP#,0);
Insert into MOB_NETWORK_PROVIDERS (ID_NETWORK_PROVIDER,STR_NETWORK_PROVIDER,ID_COUNTRY,ID_SMSC,ID_LOCAL_NETWORK_CODE,DAT_CREATION,ID_CUSTOMER_CREATION) VALUES (21402,'MOVISTAR Nokia 6100 - Spain',null,null,null,#CURRENT_TIMESTAMP#,0);
Insert into MOB_NETWORK_PROVIDERS (ID_NETWORK_PROVIDER,STR_NETWORK_PROVIDER,ID_COUNTRY,ID_SMSC,ID_LOCAL_NETWORK_CODE,DAT_CREATION,ID_CUSTOMER_CREATION) VALUES (21403,'AMENA Retevision Movil - Spain',null,null,null,#CURRENT_TIMESTAMP#,0);
Insert into MOB_NETWORK_PROVIDERS (ID_NETWORK_PROVIDER,STR_NETWORK_PROVIDER,ID_COUNTRY,ID_SMSC,ID_LOCAL_NETWORK_CODE,DAT_CREATION,ID_CUSTOMER_CREATION) VALUES (21404,'XFERA Xfera Moviles - Spain',null,null,null,#CURRENT_TIMESTAMP#,0);
Insert into MOB_NETWORK_PROVIDERS (ID_NETWORK_PROVIDER,STR_NETWORK_PROVIDER,ID_COUNTRY,ID_SMSC,ID_LOCAL_NETWORK_CODE,DAT_CREATION,ID_CUSTOMER_CREATION) VALUES (21407,'MOVISTAR Telefonica Moviles - Spain',null,null,null,#CURRENT_TIMESTAMP#,0);
Insert into MOB_NETWORK_PROVIDERS (ID_NETWORK_PROVIDER,STR_NETWORK_PROVIDER,ID_COUNTRY,ID_SMSC,ID_LOCAL_NETWORK_CODE,DAT_CREATION,ID_CUSTOMER_CREATION) VALUES (21601,'Pannon GSM - Hungary',null,null,null,#CURRENT_TIMESTAMP#,0);
Insert into MOB_NETWORK_PROVIDERS (ID_NETWORK_PROVIDER,STR_NETWORK_PROVIDER,ID_COUNTRY,ID_SMSC,ID_LOCAL_NETWORK_CODE,DAT_CREATION,ID_CUSTOMER_CREATION) VALUES (21630,'Westel 900 GSM Mobile - Hungary',null,null,null,#CURRENT_TIMESTAMP#,0);
Insert into MOB_NETWORK_PROVIDERS (ID_NETWORK_PROVIDER,STR_NETWORK_PROVIDER,ID_COUNTRY,ID_SMSC,ID_LOCAL_NETWORK_CODE,DAT_CREATION,ID_CUSTOMER_CREATION) VALUES (21670,'Vodaphone - Hungary',null,null,null,#CURRENT_TIMESTAMP#,0);
Insert into MOB_NETWORK_PROVIDERS (ID_NETWORK_PROVIDER,STR_NETWORK_PROVIDER,ID_COUNTRY,ID_SMSC,ID_LOCAL_NETWORK_CODE,DAT_CREATION,ID_CUSTOMER_CREATION) VALUES (21803,'Eronet Mobile Comms - Bosnia Herzegovina',null,null,null,#CURRENT_TIMESTAMP#,0);
Insert into MOB_NETWORK_PROVIDERS (ID_NETWORK_PROVIDER,STR_NETWORK_PROVIDER,ID_COUNTRY,ID_SMSC,ID_LOCAL_NETWORK_CODE,DAT_CREATION,ID_CUSTOMER_CREATION) VALUES (21805,'Mobilna Srpske - Bosnia Herzegovina',null,null,null,#CURRENT_TIMESTAMP#,0);
Insert into MOB_NETWORK_PROVIDERS (ID_NETWORK_PROVIDER,STR_NETWORK_PROVIDER,ID_COUNTRY,ID_SMSC,ID_LOCAL_NETWORK_CODE,DAT_CREATION,ID_CUSTOMER_CREATION) VALUES (21890,'Public Enterprise GSMBIH - Bosnia Herzegovina',null,null,null,#CURRENT_TIMESTAMP#,0);
Insert into MOB_NETWORK_PROVIDERS (ID_NETWORK_PROVIDER,STR_NETWORK_PROVIDER,ID_COUNTRY,ID_SMSC,ID_LOCAL_NETWORK_CODE,DAT_CREATION,ID_CUSTOMER_CREATION) VALUES (21901,'HTmobile - Croatia',null,null,null,#CURRENT_TIMESTAMP#,0);
Insert into MOB_NETWORK_PROVIDERS (ID_NETWORK_PROVIDER,STR_NETWORK_PROVIDER,ID_COUNTRY,ID_SMSC,ID_LOCAL_NETWORK_CODE,DAT_CREATION,ID_CUSTOMER_CREATION) VALUES (21910,'VIPnet - Croatia',null,null,null,#CURRENT_TIMESTAMP#,0);
Insert into MOB_NETWORK_PROVIDERS (ID_NETWORK_PROVIDER,STR_NETWORK_PROVIDER,ID_COUNTRY,ID_SMSC,ID_LOCAL_NETWORK_CODE,DAT_CREATION,ID_CUSTOMER_CREATION) VALUES (22001,'MOBTEL - Montenegro',null,null,null,#CURRENT_TIMESTAMP#,0);
Insert into MOB_NETWORK_PROVIDERS (ID_NETWORK_PROVIDER,STR_NETWORK_PROVIDER,ID_COUNTRY,ID_SMSC,ID_LOCAL_NETWORK_CODE,DAT_CREATION,ID_CUSTOMER_CREATION) VALUES (22002,'YU O2 - Montenegro',null,null,null,#CURRENT_TIMESTAMP#,0);
Insert into MOB_NETWORK_PROVIDERS (ID_NETWORK_PROVIDER,STR_NETWORK_PROVIDER,ID_COUNTRY,ID_SMSC,ID_LOCAL_NETWORK_CODE,DAT_CREATION,ID_CUSTOMER_CREATION) VALUES (22003,'Mobilna Telefonija Srbiji - Montenegro',null,null,null,#CURRENT_TIMESTAMP#,0);
Insert into MOB_NETWORK_PROVIDERS (ID_NETWORK_PROVIDER,STR_NETWORK_PROVIDER,ID_COUNTRY,ID_SMSC,ID_LOCAL_NETWORK_CODE,DAT_CREATION,ID_CUSTOMER_CREATION) VALUES (22004,'MONET - Monenegro',null,null,null,#CURRENT_TIMESTAMP#,0);
Insert into MOB_NETWORK_PROVIDERS (ID_NETWORK_PROVIDER,STR_NETWORK_PROVIDER,ID_COUNTRY,ID_SMSC,ID_LOCAL_NETWORK_CODE,DAT_CREATION,ID_CUSTOMER_CREATION) VALUES (22201,'Telecom Italia Mobile TIM - Italy',null,null,null,#CURRENT_TIMESTAMP#,0);
Insert into MOB_NETWORK_PROVIDERS (ID_NETWORK_PROVIDER,STR_NETWORK_PROVIDER,ID_COUNTRY,ID_SMSC,ID_LOCAL_NETWORK_CODE,DAT_CREATION,ID_CUSTOMER_CREATION) VALUES (22210,'Vodafone Omnitel - Italy',null,null,null,#CURRENT_TIMESTAMP#,0);
Insert into MOB_NETWORK_PROVIDERS (ID_NETWORK_PROVIDER,STR_NETWORK_PROVIDER,ID_COUNTRY,ID_SMSC,ID_LOCAL_NETWORK_CODE,DAT_CREATION,ID_CUSTOMER_CREATION) VALUES (22288,'Wind Telecomunicazioni - Italy',null,null,null,#CURRENT_TIMESTAMP#,0);
Insert into MOB_NETWORK_PROVIDERS (ID_NETWORK_PROVIDER,STR_NETWORK_PROVIDER,ID_COUNTRY,ID_SMSC,ID_LOCAL_NETWORK_CODE,DAT_CREATION,ID_CUSTOMER_CREATION) VALUES (22299,'H3G - Italy',null,null,null,#CURRENT_TIMESTAMP#,0);
Insert into MOB_NETWORK_PROVIDERS (ID_NETWORK_PROVIDER,STR_NETWORK_PROVIDER,ID_COUNTRY,ID_SMSC,ID_LOCAL_NETWORK_CODE,DAT_CREATION,ID_CUSTOMER_CREATION) VALUES (22601,'MobiFon CONNEX GSM - Romania',null,null,null,#CURRENT_TIMESTAMP#,0);
Insert into MOB_NETWORK_PROVIDERS (ID_NETWORK_PROVIDER,STR_NETWORK_PROVIDER,ID_COUNTRY,ID_SMSC,ID_LOCAL_NETWORK_CODE,DAT_CREATION,ID_CUSTOMER_CREATION) VALUES (22603,'Cosmorom - Romania',null,null,null,#CURRENT_TIMESTAMP#,0);
Insert into MOB_NETWORK_PROVIDERS (ID_NETWORK_PROVIDER,STR_NETWORK_PROVIDER,ID_COUNTRY,ID_SMSC,ID_LOCAL_NETWORK_CODE,DAT_CREATION,ID_CUSTOMER_CREATION) VALUES (22610,'Orange - Romania',null,null,null,#CURRENT_TIMESTAMP#,0);
Insert into MOB_NETWORK_PROVIDERS (ID_NETWORK_PROVIDER,STR_NETWORK_PROVIDER,ID_COUNTRY,ID_SMSC,ID_LOCAL_NETWORK_CODE,DAT_CREATION,ID_CUSTOMER_CREATION) VALUES (22801,'SWISS GSM Swisscom - Switzerland',null,null,null,#CURRENT_TIMESTAMP#,0);
Insert into MOB_NETWORK_PROVIDERS (ID_NETWORK_PROVIDER,STR_NETWORK_PROVIDER,ID_COUNTRY,ID_SMSC,ID_LOCAL_NETWORK_CODE,DAT_CREATION,ID_CUSTOMER_CREATION) VALUES (22802,'Sunrise - Switzerland',null,null,null,#CURRENT_TIMESTAMP#,0);
Insert into MOB_NETWORK_PROVIDERS (ID_NETWORK_PROVIDER,STR_NETWORK_PROVIDER,ID_COUNTRY,ID_SMSC,ID_LOCAL_NETWORK_CODE,DAT_CREATION,ID_CUSTOMER_CREATION) VALUES (22803,'Orange - Switzerland',null,null,null,#CURRENT_TIMESTAMP#,0);
Insert into MOB_NETWORK_PROVIDERS (ID_NETWORK_PROVIDER,STR_NETWORK_PROVIDER,ID_COUNTRY,ID_SMSC,ID_LOCAL_NETWORK_CODE,DAT_CREATION,ID_CUSTOMER_CREATION) VALUES (23001,'T-Mobile - Czech Republic','CZ',null,'205',#CURRENT_TIMESTAMP#,0);
Insert into MOB_NETWORK_PROVIDERS (ID_NETWORK_PROVIDER,STR_NETWORK_PROVIDER,ID_COUNTRY,ID_SMSC,ID_LOCAL_NETWORK_CODE,DAT_CREATION,ID_CUSTOMER_CREATION) VALUES (23002,'Telefónica O2 - Czech Republic','CZ',null,'202',#CURRENT_TIMESTAMP#,0);
Insert into MOB_NETWORK_PROVIDERS (ID_NETWORK_PROVIDER,STR_NETWORK_PROVIDER,ID_COUNTRY,ID_SMSC,ID_LOCAL_NETWORK_CODE,DAT_CREATION,ID_CUSTOMER_CREATION) VALUES (23003,'Vodafone - Czech Republic','CZ',null,'213',#CURRENT_TIMESTAMP#,0);
Insert into MOB_NETWORK_PROVIDERS (ID_NETWORK_PROVIDER,STR_NETWORK_PROVIDER,ID_COUNTRY,ID_SMSC,ID_LOCAL_NETWORK_CODE,DAT_CREATION,ID_CUSTOMER_CREATION) VALUES (23101,'Orange SK - Slovak Republic',null,null,null,#CURRENT_TIMESTAMP#,0);
Insert into MOB_NETWORK_PROVIDERS (ID_NETWORK_PROVIDER,STR_NETWORK_PROVIDER,ID_COUNTRY,ID_SMSC,ID_LOCAL_NETWORK_CODE,DAT_CREATION,ID_CUSTOMER_CREATION) VALUES (23102,'EuroTel GSM - Slovak Republic',null,null,null,#CURRENT_TIMESTAMP#,0);
Insert into MOB_NETWORK_PROVIDERS (ID_NETWORK_PROVIDER,STR_NETWORK_PROVIDER,ID_COUNTRY,ID_SMSC,ID_LOCAL_NETWORK_CODE,DAT_CREATION,ID_CUSTOMER_CREATION) VALUES (23201,'MobilKom Austria A1 - Austria',null,null,null,#CURRENT_TIMESTAMP#,0);
Insert into MOB_NETWORK_PROVIDERS (ID_NETWORK_PROVIDER,STR_NETWORK_PROVIDER,ID_COUNTRY,ID_SMSC,ID_LOCAL_NETWORK_CODE,DAT_CREATION,ID_CUSTOMER_CREATION) VALUES (23203,'T-Mobile - Austria',null,null,null,#CURRENT_TIMESTAMP#,0);
Insert into MOB_NETWORK_PROVIDERS (ID_NETWORK_PROVIDER,STR_NETWORK_PROVIDER,ID_COUNTRY,ID_SMSC,ID_LOCAL_NETWORK_CODE,DAT_CREATION,ID_CUSTOMER_CREATION) VALUES (23205,'Connect- Austria One - Austria',null,null,null,#CURRENT_TIMESTAMP#,0);
Insert into MOB_NETWORK_PROVIDERS (ID_NETWORK_PROVIDER,STR_NETWORK_PROVIDER,ID_COUNTRY,ID_SMSC,ID_LOCAL_NETWORK_CODE,DAT_CREATION,ID_CUSTOMER_CREATION) VALUES (23207,'Tele.ring - Austria',null,null,null,#CURRENT_TIMESTAMP#,0);
Insert into MOB_NETWORK_PROVIDERS (ID_NETWORK_PROVIDER,STR_NETWORK_PROVIDER,ID_COUNTRY,ID_SMSC,ID_LOCAL_NETWORK_CODE,DAT_CREATION,ID_CUSTOMER_CREATION) VALUES (23210,'3 AT - Austria',null,null,null,#CURRENT_TIMESTAMP#,0);
Insert into MOB_NETWORK_PROVIDERS (ID_NETWORK_PROVIDER,STR_NETWORK_PROVIDER,ID_COUNTRY,ID_SMSC,ID_LOCAL_NETWORK_CODE,DAT_CREATION,ID_CUSTOMER_CREATION) VALUES (23400,'Virgin 3510i',null,null,null,#CURRENT_TIMESTAMP#,0);
Insert into MOB_NETWORK_PROVIDERS (ID_NETWORK_PROVIDER,STR_NETWORK_PROVIDER,ID_COUNTRY,ID_SMSC,ID_LOCAL_NETWORK_CODE,DAT_CREATION,ID_CUSTOMER_CREATION) VALUES (23400001,'Virgin',null,null,null,#CURRENT_TIMESTAMP#,0);
Insert into MOB_NETWORK_PROVIDERS (ID_NETWORK_PROVIDER,STR_NETWORK_PROVIDER,ID_COUNTRY,ID_SMSC,ID_LOCAL_NETWORK_CODE,DAT_CREATION,ID_CUSTOMER_CREATION) VALUES (23410,'O2 - United Kingdom',null,null,null,#CURRENT_TIMESTAMP#,0);
Insert into MOB_NETWORK_PROVIDERS (ID_NETWORK_PROVIDER,STR_NETWORK_PROVIDER,ID_COUNTRY,ID_SMSC,ID_LOCAL_NETWORK_CODE,DAT_CREATION,ID_CUSTOMER_CREATION) VALUES (23415,'Vodafone - United Kingdom',null,null,null,#CURRENT_TIMESTAMP#,0);
Insert into MOB_NETWORK_PROVIDERS (ID_NETWORK_PROVIDER,STR_NETWORK_PROVIDER,ID_COUNTRY,ID_SMSC,ID_LOCAL_NETWORK_CODE,DAT_CREATION,ID_CUSTOMER_CREATION) VALUES (23420,'Hutchinson 3G (3) - United Kingdom',null,null,null,#CURRENT_TIMESTAMP#,0);
Insert into MOB_NETWORK_PROVIDERS (ID_NETWORK_PROVIDER,STR_NETWORK_PROVIDER,ID_COUNTRY,ID_SMSC,ID_LOCAL_NETWORK_CODE,DAT_CREATION,ID_CUSTOMER_CREATION) VALUES (23430,'T-Mobile - Virgin - UK',null,null,null,#CURRENT_TIMESTAMP#,0);
Insert into MOB_NETWORK_PROVIDERS (ID_NETWORK_PROVIDER,STR_NETWORK_PROVIDER,ID_COUNTRY,ID_SMSC,ID_LOCAL_NETWORK_CODE,DAT_CREATION,ID_CUSTOMER_CREATION) VALUES (23431,'T-Mobile - Virgin - UK',null,null,null,#CURRENT_TIMESTAMP#,0);
Insert into MOB_NETWORK_PROVIDERS (ID_NETWORK_PROVIDER,STR_NETWORK_PROVIDER,ID_COUNTRY,ID_SMSC,ID_LOCAL_NETWORK_CODE,DAT_CREATION,ID_CUSTOMER_CREATION) VALUES (23432,'T-Mobile - Virgin - UK',null,null,null,#CURRENT_TIMESTAMP#,0);
Insert into MOB_NETWORK_PROVIDERS (ID_NETWORK_PROVIDER,STR_NETWORK_PROVIDER,ID_COUNTRY,ID_SMSC,ID_LOCAL_NETWORK_CODE,DAT_CREATION,ID_CUSTOMER_CREATION) VALUES (23433,'Orange - United Kingdom',null,null,null,#CURRENT_TIMESTAMP#,0);
Insert into MOB_NETWORK_PROVIDERS (ID_NETWORK_PROVIDER,STR_NETWORK_PROVIDER,ID_COUNTRY,ID_SMSC,ID_LOCAL_NETWORK_CODE,DAT_CREATION,ID_CUSTOMER_CREATION) VALUES (23450,'Jersey Telecom GSM - United Kingdom',null,null,null,#CURRENT_TIMESTAMP#,0);
Insert into MOB_NETWORK_PROVIDERS (ID_NETWORK_PROVIDER,STR_NETWORK_PROVIDER,ID_COUNTRY,ID_SMSC,ID_LOCAL_NETWORK_CODE,DAT_CREATION,ID_CUSTOMER_CREATION) VALUES (23455,'Guernsey Telecoms GSM - United Kingdom',null,null,null,#CURRENT_TIMESTAMP#,0);
Insert into MOB_NETWORK_PROVIDERS (ID_NETWORK_PROVIDER,STR_NETWORK_PROVIDER,ID_COUNTRY,ID_SMSC,ID_LOCAL_NETWORK_CODE,DAT_CREATION,ID_CUSTOMER_CREATION) VALUES (23458,'Manx Telecom Pronto GSM - United Kingdom',null,null,null,#CURRENT_TIMESTAMP#,0);
Insert into MOB_NETWORK_PROVIDERS (ID_NETWORK_PROVIDER,STR_NETWORK_PROVIDER,ID_COUNTRY,ID_SMSC,ID_LOCAL_NETWORK_CODE,DAT_CREATION,ID_CUSTOMER_CREATION) VALUES (23800,'Debitel - Denmark',null,null,null,#CURRENT_TIMESTAMP#,0);
Insert into MOB_NETWORK_PROVIDERS (ID_NETWORK_PROVIDER,STR_NETWORK_PROVIDER,ID_COUNTRY,ID_SMSC,ID_LOCAL_NETWORK_CODE,DAT_CREATION,ID_CUSTOMER_CREATION) VALUES (23800001,'Debitel 3510i  - Denmark',null,null,null,#CURRENT_TIMESTAMP#,0);
Insert into MOB_NETWORK_PROVIDERS (ID_NETWORK_PROVIDER,STR_NETWORK_PROVIDER,ID_COUNTRY,ID_SMSC,ID_LOCAL_NETWORK_CODE,DAT_CREATION,ID_CUSTOMER_CREATION) VALUES (23801,'TDC Mobil - Denmark',null,null,null,#CURRENT_TIMESTAMP#,0);
Insert into MOB_NETWORK_PROVIDERS (ID_NETWORK_PROVIDER,STR_NETWORK_PROVIDER,ID_COUNTRY,ID_SMSC,ID_LOCAL_NETWORK_CODE,DAT_CREATION,ID_CUSTOMER_CREATION) VALUES (23802,'Sonofon - Denmark',null,null,null,#CURRENT_TIMESTAMP#,0);
Insert into MOB_NETWORK_PROVIDERS (ID_NETWORK_PROVIDER,STR_NETWORK_PROVIDER,ID_COUNTRY,ID_SMSC,ID_LOCAL_NETWORK_CODE,DAT_CREATION,ID_CUSTOMER_CREATION) VALUES (23820,'Telia Denmark - Denmark',null,null,null,#CURRENT_TIMESTAMP#,0);
Insert into MOB_NETWORK_PROVIDERS (ID_NETWORK_PROVIDER,STR_NETWORK_PROVIDER,ID_COUNTRY,ID_SMSC,ID_LOCAL_NETWORK_CODE,DAT_CREATION,ID_CUSTOMER_CREATION) VALUES (23830,'Orange - Denmark',null,null,null,#CURRENT_TIMESTAMP#,0);
Insert into MOB_NETWORK_PROVIDERS (ID_NETWORK_PROVIDER,STR_NETWORK_PROVIDER,ID_COUNTRY,ID_SMSC,ID_LOCAL_NETWORK_CODE,DAT_CREATION,ID_CUSTOMER_CREATION) VALUES (24001,'Telia Mobile - Sweden',null,null,null,#CURRENT_TIMESTAMP#,0);
Insert into MOB_NETWORK_PROVIDERS (ID_NETWORK_PROVIDER,STR_NETWORK_PROVIDER,ID_COUNTRY,ID_SMSC,ID_LOCAL_NETWORK_CODE,DAT_CREATION,ID_CUSTOMER_CREATION) VALUES (24002,'3 HI3G Sccess - Sweden',null,null,null,#CURRENT_TIMESTAMP#,0);
Insert into MOB_NETWORK_PROVIDERS (ID_NETWORK_PROVIDER,STR_NETWORK_PROVIDER,ID_COUNTRY,ID_SMSC,ID_LOCAL_NETWORK_CODE,DAT_CREATION,ID_CUSTOMER_CREATION) VALUES (24007,'Comviq GSM - Sweden',null,null,null,#CURRENT_TIMESTAMP#,0);
Insert into MOB_NETWORK_PROVIDERS (ID_NETWORK_PROVIDER,STR_NETWORK_PROVIDER,ID_COUNTRY,ID_SMSC,ID_LOCAL_NETWORK_CODE,DAT_CREATION,ID_CUSTOMER_CREATION) VALUES (24008,'Vodafone - Sweden',null,null,null,#CURRENT_TIMESTAMP#,0);
Insert into MOB_NETWORK_PROVIDERS (ID_NETWORK_PROVIDER,STR_NETWORK_PROVIDER,ID_COUNTRY,ID_SMSC,ID_LOCAL_NETWORK_CODE,DAT_CREATION,ID_CUSTOMER_CREATION) VALUES (24201,'Telenor Mobil - Norway',null,null,null,#CURRENT_TIMESTAMP#,0);
Insert into MOB_NETWORK_PROVIDERS (ID_NETWORK_PROVIDER,STR_NETWORK_PROVIDER,ID_COUNTRY,ID_SMSC,ID_LOCAL_NETWORK_CODE,DAT_CREATION,ID_CUSTOMER_CREATION) VALUES (24202,'NetCom GSM - Norway',null,null,null,#CURRENT_TIMESTAMP#,0);
Insert into MOB_NETWORK_PROVIDERS (ID_NETWORK_PROVIDER,STR_NETWORK_PROVIDER,ID_COUNTRY,ID_SMSC,ID_LOCAL_NETWORK_CODE,DAT_CREATION,ID_CUSTOMER_CREATION) VALUES (24403,'Telia Finland - Finland',null,null,null,#CURRENT_TIMESTAMP#,0);
Insert into MOB_NETWORK_PROVIDERS (ID_NETWORK_PROVIDER,STR_NETWORK_PROVIDER,ID_COUNTRY,ID_SMSC,ID_LOCAL_NETWORK_CODE,DAT_CREATION,ID_CUSTOMER_CREATION) VALUES (24405,'Radiolinja - Finland',null,null,null,#CURRENT_TIMESTAMP#,0);
Insert into MOB_NETWORK_PROVIDERS (ID_NETWORK_PROVIDER,STR_NETWORK_PROVIDER,ID_COUNTRY,ID_SMSC,ID_LOCAL_NETWORK_CODE,DAT_CREATION,ID_CUSTOMER_CREATION) VALUES (24407,'U.S.A. 3650 ATT 351102500 - U.S.A.',null,null,null,#CURRENT_TIMESTAMP#,0);
Insert into MOB_NETWORK_PROVIDERS (ID_NETWORK_PROVIDER,STR_NETWORK_PROVIDER,ID_COUNTRY,ID_SMSC,ID_LOCAL_NETWORK_CODE,DAT_CREATION,ID_CUSTOMER_CREATION) VALUES (24409,'Finnet Group - Finland',null,null,null,#CURRENT_TIMESTAMP#,0);
Insert into MOB_NETWORK_PROVIDERS (ID_NETWORK_PROVIDER,STR_NETWORK_PROVIDER,ID_COUNTRY,ID_SMSC,ID_LOCAL_NETWORK_CODE,DAT_CREATION,ID_CUSTOMER_CREATION) VALUES (24412,'Suomen 2G Oy - Finland',null,null,null,#CURRENT_TIMESTAMP#,0);
Insert into MOB_NETWORK_PROVIDERS (ID_NETWORK_PROVIDER,STR_NETWORK_PROVIDER,ID_COUNTRY,ID_SMSC,ID_LOCAL_NETWORK_CODE,DAT_CREATION,ID_CUSTOMER_CREATION) VALUES (24414,'Alands Mobiltelefon - Finland',null,null,null,#CURRENT_TIMESTAMP#,0);
Insert into MOB_NETWORK_PROVIDERS (ID_NETWORK_PROVIDER,STR_NETWORK_PROVIDER,ID_COUNTRY,ID_SMSC,ID_LOCAL_NETWORK_CODE,DAT_CREATION,ID_CUSTOMER_CREATION) VALUES (24491,'Sonera Corporation - Finland',null,null,null,#CURRENT_TIMESTAMP#,0);
Insert into MOB_NETWORK_PROVIDERS (ID_NETWORK_PROVIDER,STR_NETWORK_PROVIDER,ID_COUNTRY,ID_SMSC,ID_LOCAL_NETWORK_CODE,DAT_CREATION,ID_CUSTOMER_CREATION) VALUES (24601,'Omnitel - Lithuania',null,null,null,#CURRENT_TIMESTAMP#,0);
Insert into MOB_NETWORK_PROVIDERS (ID_NETWORK_PROVIDER,STR_NETWORK_PROVIDER,ID_COUNTRY,ID_SMSC,ID_LOCAL_NETWORK_CODE,DAT_CREATION,ID_CUSTOMER_CREATION) VALUES (24602,'UAB Bite GSM - Lithuania',null,null,null,#CURRENT_TIMESTAMP#,0);
Insert into MOB_NETWORK_PROVIDERS (ID_NETWORK_PROVIDER,STR_NETWORK_PROVIDER,ID_COUNTRY,ID_SMSC,ID_LOCAL_NETWORK_CODE,DAT_CREATION,ID_CUSTOMER_CREATION) VALUES (24603,'TELE2 - Lithuania',null,null,null,#CURRENT_TIMESTAMP#,0);
Insert into MOB_NETWORK_PROVIDERS (ID_NETWORK_PROVIDER,STR_NETWORK_PROVIDER,ID_COUNTRY,ID_SMSC,ID_LOCAL_NETWORK_CODE,DAT_CREATION,ID_CUSTOMER_CREATION) VALUES (24701,'Latvian Mobile Tel. - Latvia',null,null,null,#CURRENT_TIMESTAMP#,0);
Insert into MOB_NETWORK_PROVIDERS (ID_NETWORK_PROVIDER,STR_NETWORK_PROVIDER,ID_COUNTRY,ID_SMSC,ID_LOCAL_NETWORK_CODE,DAT_CREATION,ID_CUSTOMER_CREATION) VALUES (24702,'TELE2 BALTCOM GSM - Latvia',null,null,null,#CURRENT_TIMESTAMP#,0);
Insert into MOB_NETWORK_PROVIDERS (ID_NETWORK_PROVIDER,STR_NETWORK_PROVIDER,ID_COUNTRY,ID_SMSC,ID_LOCAL_NETWORK_CODE,DAT_CREATION,ID_CUSTOMER_CREATION) VALUES (24801,'AS EMT Estonian Mobile Telephone - Estonia',null,null,null,#CURRENT_TIMESTAMP#,0);
Insert into MOB_NETWORK_PROVIDERS (ID_NETWORK_PROVIDER,STR_NETWORK_PROVIDER,ID_COUNTRY,ID_SMSC,ID_LOCAL_NETWORK_CODE,DAT_CREATION,ID_CUSTOMER_CREATION) VALUES (24802,'Radiolinja Eesti - Estonia',null,null,null,#CURRENT_TIMESTAMP#,0);
Insert into MOB_NETWORK_PROVIDERS (ID_NETWORK_PROVIDER,STR_NETWORK_PROVIDER,ID_COUNTRY,ID_SMSC,ID_LOCAL_NETWORK_CODE,DAT_CREATION,ID_CUSTOMER_CREATION) VALUES (24803,'TELE2 - Estonia',null,null,null,#CURRENT_TIMESTAMP#,0);
Insert into MOB_NETWORK_PROVIDERS (ID_NETWORK_PROVIDER,STR_NETWORK_PROVIDER,ID_COUNTRY,ID_SMSC,ID_LOCAL_NETWORK_CODE,DAT_CREATION,ID_CUSTOMER_CREATION) VALUES (25001,'Tambov RUS - Russia',null,null,null,#CURRENT_TIMESTAMP#,0);
Insert into MOB_NETWORK_PROVIDERS (ID_NETWORK_PROVIDER,STR_NETWORK_PROVIDER,ID_COUNTRY,ID_SMSC,ID_LOCAL_NETWORK_CODE,DAT_CREATION,ID_CUSTOMER_CREATION) VALUES (25002,'MegaFon Moscow - Russia',null,null,null,#CURRENT_TIMESTAMP#,0);
Insert into MOB_NETWORK_PROVIDERS (ID_NETWORK_PROVIDER,STR_NETWORK_PROVIDER,ID_COUNTRY,ID_SMSC,ID_LOCAL_NETWORK_CODE,DAT_CREATION,ID_CUSTOMER_CREATION) VALUES (25003,'NCC - Russia',null,null,null,#CURRENT_TIMESTAMP#,0);
Insert into MOB_NETWORK_PROVIDERS (ID_NETWORK_PROVIDER,STR_NETWORK_PROVIDER,ID_COUNTRY,ID_SMSC,ID_LOCAL_NETWORK_CODE,DAT_CREATION,ID_CUSTOMER_CREATION) VALUES (25004,'SIBCHALLENGE - Russia',null,null,null,#CURRENT_TIMESTAMP#,0);
Insert into MOB_NETWORK_PROVIDERS (ID_NETWORK_PROVIDER,STR_NETWORK_PROVIDER,ID_COUNTRY,ID_SMSC,ID_LOCAL_NETWORK_CODE,DAT_CREATION,ID_CUSTOMER_CREATION) VALUES (25005,'Mibile Comms Systems - Russia',null,null,null,#CURRENT_TIMESTAMP#,0);
Insert into MOB_NETWORK_PROVIDERS (ID_NETWORK_PROVIDER,STR_NETWORK_PROVIDER,ID_COUNTRY,ID_SMSC,ID_LOCAL_NETWORK_CODE,DAT_CREATION,ID_CUSTOMER_CREATION) VALUES (25007,'BM Telecom - Russia',null,null,null,#CURRENT_TIMESTAMP#,0);
Insert into MOB_NETWORK_PROVIDERS (ID_NETWORK_PROVIDER,STR_NETWORK_PROVIDER,ID_COUNTRY,ID_SMSC,ID_LOCAL_NETWORK_CODE,DAT_CREATION,ID_CUSTOMER_CREATION) VALUES (25010,'Don Telecom - Russia',null,null,null,#CURRENT_TIMESTAMP#,0);
Insert into MOB_NETWORK_PROVIDERS (ID_NETWORK_PROVIDER,STR_NETWORK_PROVIDER,ID_COUNTRY,ID_SMSC,ID_LOCAL_NETWORK_CODE,DAT_CREATION,ID_CUSTOMER_CREATION) VALUES (25011,'Orensot - Russia',null,null,null,#CURRENT_TIMESTAMP#,0);
Insert into MOB_NETWORK_PROVIDERS (ID_NETWORK_PROVIDER,STR_NETWORK_PROVIDER,ID_COUNTRY,ID_SMSC,ID_LOCAL_NETWORK_CODE,DAT_CREATION,ID_CUSTOMER_CREATION) VALUES (25012,'BaykalWestCom - Russia',null,null,null,#CURRENT_TIMESTAMP#,0);
Insert into MOB_NETWORK_PROVIDERS (ID_NETWORK_PROVIDER,STR_NETWORK_PROVIDER,ID_COUNTRY,ID_SMSC,ID_LOCAL_NETWORK_CODE,DAT_CREATION,ID_CUSTOMER_CREATION) VALUES (25013,'Kuban GSM - Russia',null,null,null,#CURRENT_TIMESTAMP#,0);
Insert into MOB_NETWORK_PROVIDERS (ID_NETWORK_PROVIDER,STR_NETWORK_PROVIDER,ID_COUNTRY,ID_SMSC,ID_LOCAL_NETWORK_CODE,DAT_CREATION,ID_CUSTOMER_CREATION) VALUES (25015,'ZAO SMARTS-Ufa - Russia',null,null,null,#CURRENT_TIMESTAMP#,0);
Insert into MOB_NETWORK_PROVIDERS (ID_NETWORK_PROVIDER,STR_NETWORK_PROVIDER,ID_COUNTRY,ID_SMSC,ID_LOCAL_NETWORK_CODE,DAT_CREATION,ID_CUSTOMER_CREATION) VALUES (25016,'New Telphone Co - Russia',null,null,null,#CURRENT_TIMESTAMP#,0);
Insert into MOB_NETWORK_PROVIDERS (ID_NETWORK_PROVIDER,STR_NETWORK_PROVIDER,ID_COUNTRY,ID_SMSC,ID_LOCAL_NETWORK_CODE,DAT_CREATION,ID_CUSTOMER_CREATION) VALUES (25017,'Ermak RMS - Russia',null,null,null,#CURRENT_TIMESTAMP#,0);
Insert into MOB_NETWORK_PROVIDERS (ID_NETWORK_PROVIDER,STR_NETWORK_PROVIDER,ID_COUNTRY,ID_SMSC,ID_LOCAL_NETWORK_CODE,DAT_CREATION,ID_CUSTOMER_CREATION) VALUES (25019,'INDIGO CJSC Novgorod - Russia',null,null,null,#CURRENT_TIMESTAMP#,0);
Insert into MOB_NETWORK_PROVIDERS (ID_NETWORK_PROVIDER,STR_NETWORK_PROVIDER,ID_COUNTRY,ID_SMSC,ID_LOCAL_NETWORK_CODE,DAT_CREATION,ID_CUSTOMER_CREATION) VALUES (25020,'Cellular Comms Udmurtia - Russia',null,null,null,#CURRENT_TIMESTAMP#,0);
Insert into MOB_NETWORK_PROVIDERS (ID_NETWORK_PROVIDER,STR_NETWORK_PROVIDER,ID_COUNTRY,ID_SMSC,ID_LOCAL_NETWORK_CODE,DAT_CREATION,ID_CUSTOMER_CREATION) VALUES (25028,'Extel - Russia',null,null,null,#CURRENT_TIMESTAMP#,0);
Insert into MOB_NETWORK_PROVIDERS (ID_NETWORK_PROVIDER,STR_NETWORK_PROVIDER,ID_COUNTRY,ID_SMSC,ID_LOCAL_NETWORK_CODE,DAT_CREATION,ID_CUSTOMER_CREATION) VALUES (25039,'JSC Uralsvyazinform - Russia',null,null,null,#CURRENT_TIMESTAMP#,0);
Insert into MOB_NETWORK_PROVIDERS (ID_NETWORK_PROVIDER,STR_NETWORK_PROVIDER,ID_COUNTRY,ID_SMSC,ID_LOCAL_NETWORK_CODE,DAT_CREATION,ID_CUSTOMER_CREATION) VALUES (25044,'North Caucasian GSM - Russia',null,null,null,#CURRENT_TIMESTAMP#,0);
Insert into MOB_NETWORK_PROVIDERS (ID_NETWORK_PROVIDER,STR_NETWORK_PROVIDER,ID_COUNTRY,ID_SMSC,ID_LOCAL_NETWORK_CODE,DAT_CREATION,ID_CUSTOMER_CREATION) VALUES (25092,'Primetelefon - Russia',null,null,null,#CURRENT_TIMESTAMP#,0);
Insert into MOB_NETWORK_PROVIDERS (ID_NETWORK_PROVIDER,STR_NETWORK_PROVIDER,ID_COUNTRY,ID_SMSC,ID_LOCAL_NETWORK_CODE,DAT_CREATION,ID_CUSTOMER_CREATION) VALUES (25099,'BeeLine - Russia',null,null,null,#CURRENT_TIMESTAMP#,0);
Insert into MOB_NETWORK_PROVIDERS (ID_NETWORK_PROVIDER,STR_NETWORK_PROVIDER,ID_COUNTRY,ID_SMSC,ID_LOCAL_NETWORK_CODE,DAT_CREATION,ID_CUSTOMER_CREATION) VALUES (25501,'Ukrainian Mobile Comms - Ukraine',null,null,null,#CURRENT_TIMESTAMP#,0);
Insert into MOB_NETWORK_PROVIDERS (ID_NETWORK_PROVIDER,STR_NETWORK_PROVIDER,ID_COUNTRY,ID_SMSC,ID_LOCAL_NETWORK_CODE,DAT_CREATION,ID_CUSTOMER_CREATION) VALUES (25502,'Ukrainian Radio Systems WellCOM - Ukraine',null,null,null,#CURRENT_TIMESTAMP#,0);
Insert into MOB_NETWORK_PROVIDERS (ID_NETWORK_PROVIDER,STR_NETWORK_PROVIDER,ID_COUNTRY,ID_SMSC,ID_LOCAL_NETWORK_CODE,DAT_CREATION,ID_CUSTOMER_CREATION) VALUES (25503,'Kyivstar GSM - Ukraine',null,null,null,#CURRENT_TIMESTAMP#,0);
Insert into MOB_NETWORK_PROVIDERS (ID_NETWORK_PROVIDER,STR_NETWORK_PROVIDER,ID_COUNTRY,ID_SMSC,ID_LOCAL_NETWORK_CODE,DAT_CREATION,ID_CUSTOMER_CREATION) VALUES (25505,'Golden Telecom - Ukraine',null,null,null,#CURRENT_TIMESTAMP#,0);
Insert into MOB_NETWORK_PROVIDERS (ID_NETWORK_PROVIDER,STR_NETWORK_PROVIDER,ID_COUNTRY,ID_SMSC,ID_LOCAL_NETWORK_CODE,DAT_CREATION,ID_CUSTOMER_CREATION) VALUES (25701,'VELCOM - Belarus Republic',null,null,null,#CURRENT_TIMESTAMP#,0);
Insert into MOB_NETWORK_PROVIDERS (ID_NETWORK_PROVIDER,STR_NETWORK_PROVIDER,ID_COUNTRY,ID_SMSC,ID_LOCAL_NETWORK_CODE,DAT_CREATION,ID_CUSTOMER_CREATION) VALUES (25702,'MTS - Belarus Republic',null,null,null,#CURRENT_TIMESTAMP#,0);
Insert into MOB_NETWORK_PROVIDERS (ID_NETWORK_PROVIDER,STR_NETWORK_PROVIDER,ID_COUNTRY,ID_SMSC,ID_LOCAL_NETWORK_CODE,DAT_CREATION,ID_CUSTOMER_CREATION) VALUES (25901,'Voxtel - Moldova',null,null,null,#CURRENT_TIMESTAMP#,0);
Insert into MOB_NETWORK_PROVIDERS (ID_NETWORK_PROVIDER,STR_NETWORK_PROVIDER,ID_COUNTRY,ID_SMSC,ID_LOCAL_NETWORK_CODE,DAT_CREATION,ID_CUSTOMER_CREATION) VALUES (25902,'Moldcell - Moldova',null,null,null,#CURRENT_TIMESTAMP#,0);
Insert into MOB_NETWORK_PROVIDERS (ID_NETWORK_PROVIDER,STR_NETWORK_PROVIDER,ID_COUNTRY,ID_SMSC,ID_LOCAL_NETWORK_CODE,DAT_CREATION,ID_CUSTOMER_CREATION) VALUES (26001,'Polkomtel PLUS GSM - Poland',null,null,null,#CURRENT_TIMESTAMP#,0);
Insert into MOB_NETWORK_PROVIDERS (ID_NETWORK_PROVIDER,STR_NETWORK_PROVIDER,ID_COUNTRY,ID_SMSC,ID_LOCAL_NETWORK_CODE,DAT_CREATION,ID_CUSTOMER_CREATION) VALUES (26002,'ERA GSM - Poland',null,null,null,#CURRENT_TIMESTAMP#,0);
Insert into MOB_NETWORK_PROVIDERS (ID_NETWORK_PROVIDER,STR_NETWORK_PROVIDER,ID_COUNTRY,ID_SMSC,ID_LOCAL_NETWORK_CODE,DAT_CREATION,ID_CUSTOMER_CREATION) VALUES (26003,'IDEA Centertel - Poland',null,null,null,#CURRENT_TIMESTAMP#,0);
Insert into MOB_NETWORK_PROVIDERS (ID_NETWORK_PROVIDER,STR_NETWORK_PROVIDER,ID_COUNTRY,ID_SMSC,ID_LOCAL_NETWORK_CODE,DAT_CREATION,ID_CUSTOMER_CREATION) VALUES (26201,'T-Mobile - Germany','DE','tm_de','D124',#CURRENT_TIMESTAMP#,0);
Insert into MOB_NETWORK_PROVIDERS (ID_NETWORK_PROVIDER,STR_NETWORK_PROVIDER,ID_COUNTRY,ID_SMSC,ID_LOCAL_NETWORK_CODE,DAT_CREATION,ID_CUSTOMER_CREATION) VALUES (26202,'Vodafone - Germany','DE','ab','D078',#CURRENT_TIMESTAMP#,0);
Insert into MOB_NETWORK_PROVIDERS (ID_NETWORK_PROVIDER,STR_NETWORK_PROVIDER,ID_COUNTRY,ID_SMSC,ID_LOCAL_NETWORK_CODE,DAT_CREATION,ID_CUSTOMER_CREATION) VALUES (26203,'E-Plus Mobilfunk - Germany','DE','ep_de','D091',#CURRENT_TIMESTAMP#,0);
Insert into MOB_NETWORK_PROVIDERS (ID_NETWORK_PROVIDER,STR_NETWORK_PROVIDER,ID_COUNTRY,ID_SMSC,ID_LOCAL_NETWORK_CODE,DAT_CREATION,ID_CUSTOMER_CREATION) VALUES (26207,'O2 - Germany','DE','o2_de','D065',#CURRENT_TIMESTAMP#,0);
Insert into MOB_NETWORK_PROVIDERS (ID_NETWORK_PROVIDER,STR_NETWORK_PROVIDER,ID_COUNTRY,ID_SMSC,ID_LOCAL_NETWORK_CODE,DAT_CREATION,ID_CUSTOMER_CREATION) VALUES (26216,'ViStream - Germany','DE','ep_de','D158',#CURRENT_TIMESTAMP#,0);
Insert into MOB_NETWORK_PROVIDERS (ID_NETWORK_PROVIDER,STR_NETWORK_PROVIDER,ID_COUNTRY,ID_SMSC,ID_LOCAL_NETWORK_CODE,DAT_CREATION,ID_CUSTOMER_CREATION) VALUES (26217,'Ring Mobilfunk - Germany','DE','ep_de','D217',#CURRENT_TIMESTAMP#,0);
Insert into MOB_NETWORK_PROVIDERS (ID_NETWORK_PROVIDER,STR_NETWORK_PROVIDER,ID_COUNTRY,ID_SMSC,ID_LOCAL_NETWORK_CODE,DAT_CREATION,ID_CUSTOMER_CREATION) VALUES (26601,'Gibraltar Telecoms Gibtel - Gibraltar',null,null,null,#CURRENT_TIMESTAMP#,0);
Insert into MOB_NETWORK_PROVIDERS (ID_NETWORK_PROVIDER,STR_NETWORK_PROVIDER,ID_COUNTRY,ID_SMSC,ID_LOCAL_NETWORK_CODE,DAT_CREATION,ID_CUSTOMER_CREATION) VALUES (26801,'Vodafone Telecel - Portugal',null,null,null,#CURRENT_TIMESTAMP#,0);
Insert into MOB_NETWORK_PROVIDERS (ID_NETWORK_PROVIDER,STR_NETWORK_PROVIDER,ID_COUNTRY,ID_SMSC,ID_LOCAL_NETWORK_CODE,DAT_CREATION,ID_CUSTOMER_CREATION) VALUES (26803,'Optimus Telecom. - Portugal',null,null,null,#CURRENT_TIMESTAMP#,0);
Insert into MOB_NETWORK_PROVIDERS (ID_NETWORK_PROVIDER,STR_NETWORK_PROVIDER,ID_COUNTRY,ID_SMSC,ID_LOCAL_NETWORK_CODE,DAT_CREATION,ID_CUSTOMER_CREATION) VALUES (26806,'Telecom Moveis Nac. TMN - Portugal',null,null,null,#CURRENT_TIMESTAMP#,0);
Insert into MOB_NETWORK_PROVIDERS (ID_NETWORK_PROVIDER,STR_NETWORK_PROVIDER,ID_COUNTRY,ID_SMSC,ID_LOCAL_NETWORK_CODE,DAT_CREATION,ID_CUSTOMER_CREATION) VALUES (27001,'P+T LUXGSM - Luxembourg',null,null,null,#CURRENT_TIMESTAMP#,0);
Insert into MOB_NETWORK_PROVIDERS (ID_NETWORK_PROVIDER,STR_NETWORK_PROVIDER,ID_COUNTRY,ID_SMSC,ID_LOCAL_NETWORK_CODE,DAT_CREATION,ID_CUSTOMER_CREATION) VALUES (27077,'Millicom Tango GSM - Luxembourg',null,null,null,#CURRENT_TIMESTAMP#,0);
Insert into MOB_NETWORK_PROVIDERS (ID_NETWORK_PROVIDER,STR_NETWORK_PROVIDER,ID_COUNTRY,ID_SMSC,ID_LOCAL_NETWORK_CODE,DAT_CREATION,ID_CUSTOMER_CREATION) VALUES (27201,'Vodaphone (was Eirecell) - Ireland',null,null,null,#CURRENT_TIMESTAMP#,0);
Insert into MOB_NETWORK_PROVIDERS (ID_NETWORK_PROVIDER,STR_NETWORK_PROVIDER,ID_COUNTRY,ID_SMSC,ID_LOCAL_NETWORK_CODE,DAT_CREATION,ID_CUSTOMER_CREATION) VALUES (27202,'O2 Comms - Ireland',null,null,null,#CURRENT_TIMESTAMP#,0);
Insert into MOB_NETWORK_PROVIDERS (ID_NETWORK_PROVIDER,STR_NETWORK_PROVIDER,ID_COUNTRY,ID_SMSC,ID_LOCAL_NETWORK_CODE,DAT_CREATION,ID_CUSTOMER_CREATION) VALUES (27203,'Meteor - Ireland',null,null,null,#CURRENT_TIMESTAMP#,0);
Insert into MOB_NETWORK_PROVIDERS (ID_NETWORK_PROVIDER,STR_NETWORK_PROVIDER,ID_COUNTRY,ID_SMSC,ID_LOCAL_NETWORK_CODE,DAT_CREATION,ID_CUSTOMER_CREATION) VALUES (27401,'Iceland Telecom Siminn - Iceland',null,null,null,#CURRENT_TIMESTAMP#,0);
Insert into MOB_NETWORK_PROVIDERS (ID_NETWORK_PROVIDER,STR_NETWORK_PROVIDER,ID_COUNTRY,ID_SMSC,ID_LOCAL_NETWORK_CODE,DAT_CREATION,ID_CUSTOMER_CREATION) VALUES (27402,'TAL hf - Iceland',null,null,null,#CURRENT_TIMESTAMP#,0);
Insert into MOB_NETWORK_PROVIDERS (ID_NETWORK_PROVIDER,STR_NETWORK_PROVIDER,ID_COUNTRY,ID_SMSC,ID_LOCAL_NETWORK_CODE,DAT_CREATION,ID_CUSTOMER_CREATION) VALUES (27403,'Islandssimi - Iceland',null,null,null,#CURRENT_TIMESTAMP#,0);
Insert into MOB_NETWORK_PROVIDERS (ID_NETWORK_PROVIDER,STR_NETWORK_PROVIDER,ID_COUNTRY,ID_SMSC,ID_LOCAL_NETWORK_CODE,DAT_CREATION,ID_CUSTOMER_CREATION) VALUES (27404,'Viking Wireless - Iceland',null,null,null,#CURRENT_TIMESTAMP#,0);
Insert into MOB_NETWORK_PROVIDERS (ID_NETWORK_PROVIDER,STR_NETWORK_PROVIDER,ID_COUNTRY,ID_SMSC,ID_LOCAL_NETWORK_CODE,DAT_CREATION,ID_CUSTOMER_CREATION) VALUES (27601,'Albanian Mobile Comms - Albania',null,null,null,#CURRENT_TIMESTAMP#,0);
Insert into MOB_NETWORK_PROVIDERS (ID_NETWORK_PROVIDER,STR_NETWORK_PROVIDER,ID_COUNTRY,ID_SMSC,ID_LOCAL_NETWORK_CODE,DAT_CREATION,ID_CUSTOMER_CREATION) VALUES (27602,'Vodafone - Albania',null,null,null,#CURRENT_TIMESTAMP#,0);
Insert into MOB_NETWORK_PROVIDERS (ID_NETWORK_PROVIDER,STR_NETWORK_PROVIDER,ID_COUNTRY,ID_SMSC,ID_LOCAL_NETWORK_CODE,DAT_CREATION,ID_CUSTOMER_CREATION) VALUES (27801,'Vodafone - Malta',null,null,null,#CURRENT_TIMESTAMP#,0);
Insert into MOB_NETWORK_PROVIDERS (ID_NETWORK_PROVIDER,STR_NETWORK_PROVIDER,ID_COUNTRY,ID_SMSC,ID_LOCAL_NETWORK_CODE,DAT_CREATION,ID_CUSTOMER_CREATION) VALUES (27821,'go Mobile - Malta',null,null,null,#CURRENT_TIMESTAMP#,0);
Insert into MOB_NETWORK_PROVIDERS (ID_NETWORK_PROVIDER,STR_NETWORK_PROVIDER,ID_COUNTRY,ID_SMSC,ID_LOCAL_NETWORK_CODE,DAT_CREATION,ID_CUSTOMER_CREATION) VALUES (28001,'CYTA GSM - Cyprus',null,null,null,#CURRENT_TIMESTAMP#,0);
Insert into MOB_NETWORK_PROVIDERS (ID_NETWORK_PROVIDER,STR_NETWORK_PROVIDER,ID_COUNTRY,ID_SMSC,ID_LOCAL_NETWORK_CODE,DAT_CREATION,ID_CUSTOMER_CREATION) VALUES (28201,'Geocell Limited - Georgia',null,null,null,#CURRENT_TIMESTAMP#,0);
Insert into MOB_NETWORK_PROVIDERS (ID_NETWORK_PROVIDER,STR_NETWORK_PROVIDER,ID_COUNTRY,ID_SMSC,ID_LOCAL_NETWORK_CODE,DAT_CREATION,ID_CUSTOMER_CREATION) VALUES (28202,'Magti GSM - Georgia',null,null,null,#CURRENT_TIMESTAMP#,0);
Insert into MOB_NETWORK_PROVIDERS (ID_NETWORK_PROVIDER,STR_NETWORK_PROVIDER,ID_COUNTRY,ID_SMSC,ID_LOCAL_NETWORK_CODE,DAT_CREATION,ID_CUSTOMER_CREATION) VALUES (28301,'ArmenTel - Armenia',null,null,null,#CURRENT_TIMESTAMP#,0);
Insert into MOB_NETWORK_PROVIDERS (ID_NETWORK_PROVIDER,STR_NETWORK_PROVIDER,ID_COUNTRY,ID_SMSC,ID_LOCAL_NETWORK_CODE,DAT_CREATION,ID_CUSTOMER_CREATION) VALUES (28401,'MobilTel AD M-TEL - Bulgaria',null,null,null,#CURRENT_TIMESTAMP#,0);
Insert into MOB_NETWORK_PROVIDERS (ID_NETWORK_PROVIDER,STR_NETWORK_PROVIDER,ID_COUNTRY,ID_SMSC,ID_LOCAL_NETWORK_CODE,DAT_CREATION,ID_CUSTOMER_CREATION) VALUES (28405,'GLOBUL - Bulgaria',null,null,null,#CURRENT_TIMESTAMP#,0);
Insert into MOB_NETWORK_PROVIDERS (ID_NETWORK_PROVIDER,STR_NETWORK_PROVIDER,ID_COUNTRY,ID_SMSC,ID_LOCAL_NETWORK_CODE,DAT_CREATION,ID_CUSTOMER_CREATION) VALUES (28601,'Turk Telekom Turkcell - Turkey',null,null,null,#CURRENT_TIMESTAMP#,0);
Insert into MOB_NETWORK_PROVIDERS (ID_NETWORK_PROVIDER,STR_NETWORK_PROVIDER,ID_COUNTRY,ID_SMSC,ID_LOCAL_NETWORK_CODE,DAT_CREATION,ID_CUSTOMER_CREATION) VALUES (28602,'TELSIM Mobil Telekom. - Turkey',null,null,null,#CURRENT_TIMESTAMP#,0);
Insert into MOB_NETWORK_PROVIDERS (ID_NETWORK_PROVIDER,STR_NETWORK_PROVIDER,ID_COUNTRY,ID_SMSC,ID_LOCAL_NETWORK_CODE,DAT_CREATION,ID_CUSTOMER_CREATION) VALUES (28603,'ARIA - Turkey',null,null,null,#CURRENT_TIMESTAMP#,0);
Insert into MOB_NETWORK_PROVIDERS (ID_NETWORK_PROVIDER,STR_NETWORK_PROVIDER,ID_COUNTRY,ID_SMSC,ID_LOCAL_NETWORK_CODE,DAT_CREATION,ID_CUSTOMER_CREATION) VALUES (28604,'AYCELL - Turkey',null,null,null,#CURRENT_TIMESTAMP#,0);
Insert into MOB_NETWORK_PROVIDERS (ID_NETWORK_PROVIDER,STR_NETWORK_PROVIDER,ID_COUNTRY,ID_SMSC,ID_LOCAL_NETWORK_CODE,DAT_CREATION,ID_CUSTOMER_CREATION) VALUES (28801,'Faroese Telecom - Faroe Islands',null,null,null,#CURRENT_TIMESTAMP#,0);
Insert into MOB_NETWORK_PROVIDERS (ID_NETWORK_PROVIDER,STR_NETWORK_PROVIDER,ID_COUNTRY,ID_SMSC,ID_LOCAL_NETWORK_CODE,DAT_CREATION,ID_CUSTOMER_CREATION) VALUES (28802,'KALL-GSM - Faroe Islands',null,null,null,#CURRENT_TIMESTAMP#,0);
Insert into MOB_NETWORK_PROVIDERS (ID_NETWORK_PROVIDER,STR_NETWORK_PROVIDER,ID_COUNTRY,ID_SMSC,ID_LOCAL_NETWORK_CODE,DAT_CREATION,ID_CUSTOMER_CREATION) VALUES (29001,'Tele Greenland - Greenland',null,null,null,#CURRENT_TIMESTAMP#,0);
Insert into MOB_NETWORK_PROVIDERS (ID_NETWORK_PROVIDER,STR_NETWORK_PROVIDER,ID_COUNTRY,ID_SMSC,ID_LOCAL_NETWORK_CODE,DAT_CREATION,ID_CUSTOMER_CREATION) VALUES (29340,'Si.mobil - Slovenia',null,null,null,#CURRENT_TIMESTAMP#,0);
Insert into MOB_NETWORK_PROVIDERS (ID_NETWORK_PROVIDER,STR_NETWORK_PROVIDER,ID_COUNTRY,ID_SMSC,ID_LOCAL_NETWORK_CODE,DAT_CREATION,ID_CUSTOMER_CREATION) VALUES (29341,'Mobitel - Slovenia',null,null,null,#CURRENT_TIMESTAMP#,0);
Insert into MOB_NETWORK_PROVIDERS (ID_NETWORK_PROVIDER,STR_NETWORK_PROVIDER,ID_COUNTRY,ID_SMSC,ID_LOCAL_NETWORK_CODE,DAT_CREATION,ID_CUSTOMER_CREATION) VALUES (29370,'Vega - Slovenia',null,null,null,#CURRENT_TIMESTAMP#,0);
Insert into MOB_NETWORK_PROVIDERS (ID_NETWORK_PROVIDER,STR_NETWORK_PROVIDER,ID_COUNTRY,ID_SMSC,ID_LOCAL_NETWORK_CODE,DAT_CREATION,ID_CUSTOMER_CREATION) VALUES (29401,'Macedonian Tel. MobiMak  - Macedonia',null,null,null,#CURRENT_TIMESTAMP#,0);
Insert into MOB_NETWORK_PROVIDERS (ID_NETWORK_PROVIDER,STR_NETWORK_PROVIDER,ID_COUNTRY,ID_SMSC,ID_LOCAL_NETWORK_CODE,DAT_CREATION,ID_CUSTOMER_CREATION) VALUES (29402,'MTS AD - Macedonia',null,null,null,#CURRENT_TIMESTAMP#,0);
Insert into MOB_NETWORK_PROVIDERS (ID_NETWORK_PROVIDER,STR_NETWORK_PROVIDER,ID_COUNTRY,ID_SMSC,ID_LOCAL_NETWORK_CODE,DAT_CREATION,ID_CUSTOMER_CREATION) VALUES (29501,'Telecom FL AG - Liechtenstein',null,null,null,#CURRENT_TIMESTAMP#,0);
Insert into MOB_NETWORK_PROVIDERS (ID_NETWORK_PROVIDER,STR_NETWORK_PROVIDER,ID_COUNTRY,ID_SMSC,ID_LOCAL_NETWORK_CODE,DAT_CREATION,ID_CUSTOMER_CREATION) VALUES (29502,'Orange FL - Liechtenstein',null,null,null,#CURRENT_TIMESTAMP#,0);
Insert into MOB_NETWORK_PROVIDERS (ID_NETWORK_PROVIDER,STR_NETWORK_PROVIDER,ID_COUNTRY,ID_SMSC,ID_LOCAL_NETWORK_CODE,DAT_CREATION,ID_CUSTOMER_CREATION) VALUES (29505,'FL1 Mobilkom - Liechtenstein',null,null,null,#CURRENT_TIMESTAMP#,0);
Insert into MOB_NETWORK_PROVIDERS (ID_NETWORK_PROVIDER,STR_NETWORK_PROVIDER,ID_COUNTRY,ID_SMSC,ID_LOCAL_NETWORK_CODE,DAT_CREATION,ID_CUSTOMER_CREATION) VALUES (29577,'Tele 2 AG - Liechtenstein',null,null,null,#CURRENT_TIMESTAMP#,0);
Insert into MOB_NETWORK_PROVIDERS (ID_NETWORK_PROVIDER,STR_NETWORK_PROVIDER,ID_COUNTRY,ID_SMSC,ID_LOCAL_NETWORK_CODE,DAT_CREATION,ID_CUSTOMER_CREATION) VALUES (30200001,'Fido - Canada',null,null,null,#CURRENT_TIMESTAMP#,0);
Insert into MOB_NETWORK_PROVIDERS (ID_NETWORK_PROVIDER,STR_NETWORK_PROVIDER,ID_COUNTRY,ID_SMSC,ID_LOCAL_NETWORK_CODE,DAT_CREATION,ID_CUSTOMER_CREATION) VALUES (30237,'Microcell Connexions Inc FIDO - Canada',null,null,null,#CURRENT_TIMESTAMP#,0);
Insert into MOB_NETWORK_PROVIDERS (ID_NETWORK_PROVIDER,STR_NETWORK_PROVIDER,ID_COUNTRY,ID_SMSC,ID_LOCAL_NETWORK_CODE,DAT_CREATION,ID_CUSTOMER_CREATION) VALUES (30272,'Rogers AT - Canada',null,null,null,#CURRENT_TIMESTAMP#,0);
Insert into MOB_NETWORK_PROVIDERS (ID_NETWORK_PROVIDER,STR_NETWORK_PROVIDER,ID_COUNTRY,ID_SMSC,ID_LOCAL_NETWORK_CODE,DAT_CREATION,ID_CUSTOMER_CREATION) VALUES (31000,'Alaska Digital - U.S.A.',null,null,null,#CURRENT_TIMESTAMP#,0);
Insert into MOB_NETWORK_PROVIDERS (ID_NETWORK_PROVIDER,STR_NETWORK_PROVIDER,ID_COUNTRY,ID_SMSC,ID_LOCAL_NETWORK_CODE,DAT_CREATION,ID_CUSTOMER_CREATION) VALUES (31002,'APC Sprint Spectrum - U.S.A.',null,null,null,#CURRENT_TIMESTAMP#,0);
Insert into MOB_NETWORK_PROVIDERS (ID_NETWORK_PROVIDER,STR_NETWORK_PROVIDER,ID_COUNTRY,ID_SMSC,ID_LOCAL_NETWORK_CODE,DAT_CREATION,ID_CUSTOMER_CREATION) VALUES (31007,'Highland - U.S.A.',null,null,null,#CURRENT_TIMESTAMP#,0);
Insert into MOB_NETWORK_PROVIDERS (ID_NETWORK_PROVIDER,STR_NETWORK_PROVIDER,ID_COUNTRY,ID_SMSC,ID_LOCAL_NETWORK_CODE,DAT_CREATION,ID_CUSTOMER_CREATION) VALUES (31010,'Plateau Wireless - U.S.A.',null,null,null,#CURRENT_TIMESTAMP#,0);
Insert into MOB_NETWORK_PROVIDERS (ID_NETWORK_PROVIDER,STR_NETWORK_PROVIDER,ID_COUNTRY,ID_SMSC,ID_LOCAL_NETWORK_CODE,DAT_CREATION,ID_CUSTOMER_CREATION) VALUES (31011,'Wireless 2000 Telephone - U.S.A.',null,null,null,#CURRENT_TIMESTAMP#,0);
Insert into MOB_NETWORK_PROVIDERS (ID_NETWORK_PROVIDER,STR_NETWORK_PROVIDER,ID_COUNTRY,ID_SMSC,ID_LOCAL_NETWORK_CODE,DAT_CREATION,ID_CUSTOMER_CREATION) VALUES (31015,'BellSouth Mobility DCS - U.S.A.',null,null,null,#CURRENT_TIMESTAMP#,0);
Insert into MOB_NETWORK_PROVIDERS (ID_NETWORK_PROVIDER,STR_NETWORK_PROVIDER,ID_COUNTRY,ID_SMSC,ID_LOCAL_NETWORK_CODE,DAT_CREATION,ID_CUSTOMER_CREATION) VALUES (310150,'Cingular Wireless - U.S.A.',null,null,null,#CURRENT_TIMESTAMP#,0);
Insert into MOB_NETWORK_PROVIDERS (ID_NETWORK_PROVIDER,STR_NETWORK_PROVIDER,ID_COUNTRY,ID_SMSC,ID_LOCAL_NETWORK_CODE,DAT_CREATION,ID_CUSTOMER_CREATION) VALUES (31016,'T-Mobile U.S.A.',null,null,null,#CURRENT_TIMESTAMP#,0);
Insert into MOB_NETWORK_PROVIDERS (ID_NETWORK_PROVIDER,STR_NETWORK_PROVIDER,ID_COUNTRY,ID_SMSC,ID_LOCAL_NETWORK_CODE,DAT_CREATION,ID_CUSTOMER_CREATION) VALUES (31017,'Pacific Bell Wireless - Cingular - U.S.A.',null,null,null,#CURRENT_TIMESTAMP#,0);
Insert into MOB_NETWORK_PROVIDERS (ID_NETWORK_PROVIDER,STR_NETWORK_PROVIDER,ID_COUNTRY,ID_SMSC,ID_LOCAL_NETWORK_CODE,DAT_CREATION,ID_CUSTOMER_CREATION) VALUES (310170,'Cingular Wireless - U.S.A.',null,null,null,#CURRENT_TIMESTAMP#,0);
Insert into MOB_NETWORK_PROVIDERS (ID_NETWORK_PROVIDER,STR_NETWORK_PROVIDER,ID_COUNTRY,ID_SMSC,ID_LOCAL_NETWORK_CODE,DAT_CREATION,ID_CUSTOMER_CREATION) VALUES (31019,'Alaska Wireless DUTCH HARBOUR - U.S.A.',null,null,null,#CURRENT_TIMESTAMP#,0);
Insert into MOB_NETWORK_PROVIDERS (ID_NETWORK_PROVIDER,STR_NETWORK_PROVIDER,ID_COUNTRY,ID_SMSC,ID_LOCAL_NETWORK_CODE,DAT_CREATION,ID_CUSTOMER_CREATION) VALUES (31020,'T-Mobile Idaho U.S.A.',null,null,null,#CURRENT_TIMESTAMP#,0);
Insert into MOB_NETWORK_PROVIDERS (ID_NETWORK_PROVIDER,STR_NETWORK_PROVIDER,ID_COUNTRY,ID_SMSC,ID_LOCAL_NETWORK_CODE,DAT_CREATION,ID_CUSTOMER_CREATION) VALUES (31021,'T-Mobile Iowa U.S.A.',null,null,null,#CURRENT_TIMESTAMP#,0);
Insert into MOB_NETWORK_PROVIDERS (ID_NETWORK_PROVIDER,STR_NETWORK_PROVIDER,ID_COUNTRY,ID_SMSC,ID_LOCAL_NETWORK_CODE,DAT_CREATION,ID_CUSTOMER_CREATION) VALUES (31022,'T-Mobile Kansas U.S.A.',null,null,null,#CURRENT_TIMESTAMP#,0);
Insert into MOB_NETWORK_PROVIDERS (ID_NETWORK_PROVIDER,STR_NETWORK_PROVIDER,ID_COUNTRY,ID_SMSC,ID_LOCAL_NETWORK_CODE,DAT_CREATION,ID_CUSTOMER_CREATION) VALUES (31023,'T-Mobile Utah U.S.A.',null,null,null,#CURRENT_TIMESTAMP#,0);
Insert into MOB_NETWORK_PROVIDERS (ID_NETWORK_PROVIDER,STR_NETWORK_PROVIDER,ID_COUNTRY,ID_SMSC,ID_LOCAL_NETWORK_CODE,DAT_CREATION,ID_CUSTOMER_CREATION) VALUES (31024,'T-Mobile New Mexico U.S.A.',null,null,null,#CURRENT_TIMESTAMP#,0);
Insert into MOB_NETWORK_PROVIDERS (ID_NETWORK_PROVIDER,STR_NETWORK_PROVIDER,ID_COUNTRY,ID_SMSC,ID_LOCAL_NETWORK_CODE,DAT_CREATION,ID_CUSTOMER_CREATION) VALUES (31025,'T-Mobile Hawaii U.S.A.',null,null,null,#CURRENT_TIMESTAMP#,0);
Insert into MOB_NETWORK_PROVIDERS (ID_NETWORK_PROVIDER,STR_NETWORK_PROVIDER,ID_COUNTRY,ID_SMSC,ID_LOCAL_NETWORK_CODE,DAT_CREATION,ID_CUSTOMER_CREATION) VALUES (31026,'T-Mobile phasing out to this - U.S.A.',null,null,null,#CURRENT_TIMESTAMP#,0);
Insert into MOB_NETWORK_PROVIDERS (ID_NETWORK_PROVIDER,STR_NETWORK_PROVIDER,ID_COUNTRY,ID_SMSC,ID_LOCAL_NETWORK_CODE,DAT_CREATION,ID_CUSTOMER_CREATION) VALUES (31027,'T-Mobile - U.S.A.',null,null,null,#CURRENT_TIMESTAMP#,0);
Insert into MOB_NETWORK_PROVIDERS (ID_NETWORK_PROVIDER,STR_NETWORK_PROVIDER,ID_COUNTRY,ID_SMSC,ID_LOCAL_NETWORK_CODE,DAT_CREATION,ID_CUSTOMER_CREATION) VALUES (31031,'T-Mobile Florida U.S.A.',null,null,null,#CURRENT_TIMESTAMP#,0);
Insert into MOB_NETWORK_PROVIDERS (ID_NETWORK_PROVIDER,STR_NETWORK_PROVIDER,ID_COUNTRY,ID_SMSC,ID_LOCAL_NETWORK_CODE,DAT_CREATION,ID_CUSTOMER_CREATION) VALUES (31034,'Westlink Comms - U.S.A.',null,null,null,#CURRENT_TIMESTAMP#,0);
Insert into MOB_NETWORK_PROVIDERS (ID_NETWORK_PROVIDER,STR_NETWORK_PROVIDER,ID_COUNTRY,ID_SMSC,ID_LOCAL_NETWORK_CODE,DAT_CREATION,ID_CUSTOMER_CREATION) VALUES (31038,'AT - U.S.A. New Phones',null,null,null,#CURRENT_TIMESTAMP#,0);
Insert into MOB_NETWORK_PROVIDERS (ID_NETWORK_PROVIDER,STR_NETWORK_PROVIDER,ID_COUNTRY,ID_SMSC,ID_LOCAL_NETWORK_CODE,DAT_CREATION,ID_CUSTOMER_CREATION) VALUES (310410,'Cingular Wireless - U.S.A.',null,null,null,#CURRENT_TIMESTAMP#,0);
Insert into MOB_NETWORK_PROVIDERS (ID_NETWORK_PROVIDER,STR_NETWORK_PROVIDER,ID_COUNTRY,ID_SMSC,ID_LOCAL_NETWORK_CODE,DAT_CREATION,ID_CUSTOMER_CREATION) VALUES (31045,'North East Colorado Cellular - U.S.A.',null,null,null,#CURRENT_TIMESTAMP#,0);
Insert into MOB_NETWORK_PROVIDERS (ID_NETWORK_PROVIDER,STR_NETWORK_PROVIDER,ID_COUNTRY,ID_SMSC,ID_LOCAL_NETWORK_CODE,DAT_CREATION,ID_CUSTOMER_CREATION) VALUES (31046,'TMP Corp - U.S.A.',null,null,null,#CURRENT_TIMESTAMP#,0);
Insert into MOB_NETWORK_PROVIDERS (ID_NETWORK_PROVIDER,STR_NETWORK_PROVIDER,ID_COUNTRY,ID_SMSC,ID_LOCAL_NETWORK_CODE,DAT_CREATION,ID_CUSTOMER_CREATION) VALUES (31050,'Public Service Cellular - U.S.A.',null,null,null,#CURRENT_TIMESTAMP#,0);
Insert into MOB_NETWORK_PROVIDERS (ID_NETWORK_PROVIDER,STR_NETWORK_PROVIDER,ID_COUNTRY,ID_SMSC,ID_LOCAL_NETWORK_CODE,DAT_CREATION,ID_CUSTOMER_CREATION) VALUES (31053,'West Virginia Wireless - U.S.A.',null,null,null,#CURRENT_TIMESTAMP#,0);
Insert into MOB_NETWORK_PROVIDERS (ID_NETWORK_PROVIDER,STR_NETWORK_PROVIDER,ID_COUNTRY,ID_SMSC,ID_LOCAL_NETWORK_CODE,DAT_CREATION,ID_CUSTOMER_CREATION) VALUES (31056,'Dobson - U.S.A.',null,null,null,#CURRENT_TIMESTAMP#,0);
Insert into MOB_NETWORK_PROVIDERS (ID_NETWORK_PROVIDER,STR_NETWORK_PROVIDER,ID_COUNTRY,ID_SMSC,ID_LOCAL_NETWORK_CODE,DAT_CREATION,ID_CUSTOMER_CREATION) VALUES (31058,'T-Mobile - U.S.A.',null,null,null,#CURRENT_TIMESTAMP#,0);
Insert into MOB_NETWORK_PROVIDERS (ID_NETWORK_PROVIDER,STR_NETWORK_PROVIDER,ID_COUNTRY,ID_SMSC,ID_LOCAL_NETWORK_CODE,DAT_CREATION,ID_CUSTOMER_CREATION) VALUES (31059,'Cellular One - U.S.A.',null,null,null,#CURRENT_TIMESTAMP#,0);
Insert into MOB_NETWORK_PROVIDERS (ID_NETWORK_PROVIDER,STR_NETWORK_PROVIDER,ID_COUNTRY,ID_SMSC,ID_LOCAL_NETWORK_CODE,DAT_CREATION,ID_CUSTOMER_CREATION) VALUES (31063,'Choice Wireless - U.S.A.',null,null,null,#CURRENT_TIMESTAMP#,0);
Insert into MOB_NETWORK_PROVIDERS (ID_NETWORK_PROVIDER,STR_NETWORK_PROVIDER,ID_COUNTRY,ID_SMSC,ID_LOCAL_NETWORK_CODE,DAT_CREATION,ID_CUSTOMER_CREATION) VALUES (31064,'Airadigm Comms - U.S.A.',null,null,null,#CURRENT_TIMESTAMP#,0);
Insert into MOB_NETWORK_PROVIDERS (ID_NETWORK_PROVIDER,STR_NETWORK_PROVIDER,ID_COUNTRY,ID_SMSC,ID_LOCAL_NETWORK_CODE,DAT_CREATION,ID_CUSTOMER_CREATION) VALUES (31066,'T-Mobile - U.S.A.',null,null,null,#CURRENT_TIMESTAMP#,0);
Insert into MOB_NETWORK_PROVIDERS (ID_NETWORK_PROVIDER,STR_NETWORK_PROVIDER,ID_COUNTRY,ID_SMSC,ID_LOCAL_NETWORK_CODE,DAT_CREATION,ID_CUSTOMER_CREATION) VALUES (31068,'NPI Wireless - U.S.A.',null,null,null,#CURRENT_TIMESTAMP#,0);
Insert into MOB_NETWORK_PROVIDERS (ID_NETWORK_PROVIDER,STR_NETWORK_PROVIDER,ID_COUNTRY,ID_SMSC,ID_LOCAL_NETWORK_CODE,DAT_CREATION,ID_CUSTOMER_CREATION) VALUES (31069,'Conestoga - U.S.A.',null,null,null,#CURRENT_TIMESTAMP#,0);
Insert into MOB_NETWORK_PROVIDERS (ID_NETWORK_PROVIDER,STR_NETWORK_PROVIDER,ID_COUNTRY,ID_SMSC,ID_LOCAL_NETWORK_CODE,DAT_CREATION,ID_CUSTOMER_CREATION) VALUES (31077,'Iowa Wireless Services - U.S.A.',null,null,null,#CURRENT_TIMESTAMP#,0);
Insert into MOB_NETWORK_PROVIDERS (ID_NETWORK_PROVIDER,STR_NETWORK_PROVIDER,ID_COUNTRY,ID_SMSC,ID_LOCAL_NETWORK_CODE,DAT_CREATION,ID_CUSTOMER_CREATION) VALUES (31079,'PinPoint Wireless - U.S.A.',null,null,null,#CURRENT_TIMESTAMP#,0);
Insert into MOB_NETWORK_PROVIDERS (ID_NETWORK_PROVIDER,STR_NETWORK_PROVIDER,ID_COUNTRY,ID_SMSC,ID_LOCAL_NETWORK_CODE,DAT_CREATION,ID_CUSTOMER_CREATION) VALUES (31080,'T-Mobile - U.S.A.',null,null,null,#CURRENT_TIMESTAMP#,0);
Insert into MOB_NETWORK_PROVIDERS (ID_NETWORK_PROVIDER,STR_NETWORK_PROVIDER,ID_COUNTRY,ID_SMSC,ID_LOCAL_NETWORK_CODE,DAT_CREATION,ID_CUSTOMER_CREATION) VALUES (31090,'Edge Wireless - U.S.A.',null,null,null,#CURRENT_TIMESTAMP#,0);
Insert into MOB_NETWORK_PROVIDERS (ID_NETWORK_PROVIDER,STR_NETWORK_PROVIDER,ID_COUNTRY,ID_SMSC,ID_LOCAL_NETWORK_CODE,DAT_CREATION,ID_CUSTOMER_CREATION) VALUES (334020,'TELCEL GSM - Mexico',null,null,null,#CURRENT_TIMESTAMP#,0);
Insert into MOB_NETWORK_PROVIDERS (ID_NETWORK_PROVIDER,STR_NETWORK_PROVIDER,ID_COUNTRY,ID_SMSC,ID_LOCAL_NETWORK_CODE,DAT_CREATION,ID_CUSTOMER_CREATION) VALUES (33403,'MOVISTAR GSM - Mexico',null,null,null,#CURRENT_TIMESTAMP#,0);
Insert into MOB_NETWORK_PROVIDERS (ID_NETWORK_PROVIDER,STR_NETWORK_PROVIDER,ID_COUNTRY,ID_SMSC,ID_LOCAL_NETWORK_CODE,DAT_CREATION,ID_CUSTOMER_CREATION) VALUES (33805,'Mossel DIGICEL - Jamaica',null,null,null,#CURRENT_TIMESTAMP#,0);
Insert into MOB_NETWORK_PROVIDERS (ID_NETWORK_PROVIDER,STR_NETWORK_PROVIDER,ID_COUNTRY,ID_SMSC,ID_LOCAL_NETWORK_CODE,DAT_CREATION,ID_CUSTOMER_CREATION) VALUES (338180,'Cable & Wireless Jamaica - Jamaica',null,null,null,#CURRENT_TIMESTAMP#,0);
Insert into MOB_NETWORK_PROVIDERS (ID_NETWORK_PROVIDER,STR_NETWORK_PROVIDER,ID_COUNTRY,ID_SMSC,ID_LOCAL_NETWORK_CODE,DAT_CREATION,ID_CUSTOMER_CREATION) VALUES (34001,'Orange Caraibe - French West Indies',null,null,null,#CURRENT_TIMESTAMP#,0);
Insert into MOB_NETWORK_PROVIDERS (ID_NETWORK_PROVIDER,STR_NETWORK_PROVIDER,ID_COUNTRY,ID_SMSC,ID_LOCAL_NETWORK_CODE,DAT_CREATION,ID_CUSTOMER_CREATION) VALUES (34003,'Saint Martin - French West Indies',null,null,null,#CURRENT_TIMESTAMP#,0);
Insert into MOB_NETWORK_PROVIDERS (ID_NETWORK_PROVIDER,STR_NETWORK_PROVIDER,ID_COUNTRY,ID_SMSC,ID_LOCAL_NETWORK_CODE,DAT_CREATION,ID_CUSTOMER_CREATION) VALUES (34020,'Bouygues Telecom - French West Indies',null,null,null,#CURRENT_TIMESTAMP#,0);
Insert into MOB_NETWORK_PROVIDERS (ID_NETWORK_PROVIDER,STR_NETWORK_PROVIDER,ID_COUNTRY,ID_SMSC,ID_LOCAL_NETWORK_CODE,DAT_CREATION,ID_CUSTOMER_CREATION) VALUES (342600,'Cable & Wireless - Barbados',null,null,null,#CURRENT_TIMESTAMP#,0);
Insert into MOB_NETWORK_PROVIDERS (ID_NETWORK_PROVIDER,STR_NETWORK_PROVIDER,ID_COUNTRY,ID_SMSC,ID_LOCAL_NETWORK_CODE,DAT_CREATION,ID_CUSTOMER_CREATION) VALUES (34403,'APUA PCS - Antigua & Barbuda',null,null,null,#CURRENT_TIMESTAMP#,0);
Insert into MOB_NETWORK_PROVIDERS (ID_NETWORK_PROVIDER,STR_NETWORK_PROVIDER,ID_COUNTRY,ID_SMSC,ID_LOCAL_NETWORK_CODE,DAT_CREATION,ID_CUSTOMER_CREATION) VALUES (346140,'Cable & Wireless - Cavman Islands',null,null,null,#CURRENT_TIMESTAMP#,0);
Insert into MOB_NETWORK_PROVIDERS (ID_NETWORK_PROVIDER,STR_NETWORK_PROVIDER,ID_COUNTRY,ID_SMSC,ID_LOCAL_NETWORK_CODE,DAT_CREATION,ID_CUSTOMER_CREATION) VALUES (35002,'BTC MOBILITY - Bermuda',null,null,null,#CURRENT_TIMESTAMP#,0);
Insert into MOB_NETWORK_PROVIDERS (ID_NETWORK_PROVIDER,STR_NETWORK_PROVIDER,ID_COUNTRY,ID_SMSC,ID_LOCAL_NETWORK_CODE,DAT_CREATION,ID_CUSTOMER_CREATION) VALUES (35213,'Trans-World Telecom - Grenada',null,null,null,#CURRENT_TIMESTAMP#,0);
Insert into MOB_NETWORK_PROVIDERS (ID_NETWORK_PROVIDER,STR_NETWORK_PROVIDER,ID_COUNTRY,ID_SMSC,ID_LOCAL_NETWORK_CODE,DAT_CREATION,ID_CUSTOMER_CREATION) VALUES (36251,'Telcell N.V. - Netherlands Antilles',null,null,null,#CURRENT_TIMESTAMP#,0);
Insert into MOB_NETWORK_PROVIDERS (ID_NETWORK_PROVIDER,STR_NETWORK_PROVIDER,ID_COUNTRY,ID_SMSC,ID_LOCAL_NETWORK_CODE,DAT_CREATION,ID_CUSTOMER_CREATION) VALUES (36269,'Curaco Telecom CF GSM - Netherlands Antilles',null,null,null,#CURRENT_TIMESTAMP#,0);
Insert into MOB_NETWORK_PROVIDERS (ID_NETWORK_PROVIDER,STR_NETWORK_PROVIDER,ID_COUNTRY,ID_SMSC,ID_LOCAL_NETWORK_CODE,DAT_CREATION,ID_CUSTOMER_CREATION) VALUES (36291,'UTS Wireless Curacao - Netherlands Antilles',null,null,null,#CURRENT_TIMESTAMP#,0);
Insert into MOB_NETWORK_PROVIDERS (ID_NETWORK_PROVIDER,STR_NETWORK_PROVIDER,ID_COUNTRY,ID_SMSC,ID_LOCAL_NETWORK_CODE,DAT_CREATION,ID_CUSTOMER_CREATION) VALUES (36301,'SETAR - Aruba',null,null,null,#CURRENT_TIMESTAMP#,0);
Insert into MOB_NETWORK_PROVIDERS (ID_NETWORK_PROVIDER,STR_NETWORK_PROVIDER,ID_COUNTRY,ID_SMSC,ID_LOCAL_NETWORK_CODE,DAT_CREATION,ID_CUSTOMER_CREATION) VALUES (36439,'Bahamas Telcom Co - Bahamas',null,null,null,#CURRENT_TIMESTAMP#,0);
Insert into MOB_NETWORK_PROVIDERS (ID_NETWORK_PROVIDER,STR_NETWORK_PROVIDER,ID_COUNTRY,ID_SMSC,ID_LOCAL_NETWORK_CODE,DAT_CREATION,ID_CUSTOMER_CREATION) VALUES (36801,'C_Com - Cuba',null,null,null,#CURRENT_TIMESTAMP#,0);
Insert into MOB_NETWORK_PROVIDERS (ID_NETWORK_PROVIDER,STR_NETWORK_PROVIDER,ID_COUNTRY,ID_SMSC,ID_LOCAL_NETWORK_CODE,DAT_CREATION,ID_CUSTOMER_CREATION) VALUES (37001,'Orange - Dominican Republic',null,null,null,#CURRENT_TIMESTAMP#,0);
Insert into MOB_NETWORK_PROVIDERS (ID_NETWORK_PROVIDER,STR_NETWORK_PROVIDER,ID_COUNTRY,ID_SMSC,ID_LOCAL_NETWORK_CODE,DAT_CREATION,ID_CUSTOMER_CREATION) VALUES (37412,'TSTT - Trinidad & Tobago',null,null,null,#CURRENT_TIMESTAMP#,0);
Insert into MOB_NETWORK_PROVIDERS (ID_NETWORK_PROVIDER,STR_NETWORK_PROVIDER,ID_COUNTRY,ID_SMSC,ID_LOCAL_NETWORK_CODE,DAT_CREATION,ID_CUSTOMER_CREATION) VALUES (40001,'Azercell Telekom B.M. - Azerbaijan',null,null,null,#CURRENT_TIMESTAMP#,0);
Insert into MOB_NETWORK_PROVIDERS (ID_NETWORK_PROVIDER,STR_NETWORK_PROVIDER,ID_COUNTRY,ID_SMSC,ID_LOCAL_NETWORK_CODE,DAT_CREATION,ID_CUSTOMER_CREATION) VALUES (40002,'J.V.Bakcell GSM 2000 - Azerbaijan',null,null,null,#CURRENT_TIMESTAMP#,0);
Insert into MOB_NETWORK_PROVIDERS (ID_NETWORK_PROVIDER,STR_NETWORK_PROVIDER,ID_COUNTRY,ID_SMSC,ID_LOCAL_NETWORK_CODE,DAT_CREATION,ID_CUSTOMER_CREATION) VALUES (40101,'K-Mobile - Kazakhstan',null,null,null,#CURRENT_TIMESTAMP#,0);
Insert into MOB_NETWORK_PROVIDERS (ID_NETWORK_PROVIDER,STR_NETWORK_PROVIDER,ID_COUNTRY,ID_SMSC,ID_LOCAL_NETWORK_CODE,DAT_CREATION,ID_CUSTOMER_CREATION) VALUES (40211,'BpMobile - Bhutan',null,null,null,#CURRENT_TIMESTAMP#,0);
Insert into MOB_NETWORK_PROVIDERS (ID_NETWORK_PROVIDER,STR_NETWORK_PROVIDER,ID_COUNTRY,ID_SMSC,ID_LOCAL_NETWORK_CODE,DAT_CREATION,ID_CUSTOMER_CREATION) VALUES (40401,'Aircell Digilink Haryana - India',null,null,null,#CURRENT_TIMESTAMP#,0);
Insert into MOB_NETWORK_PROVIDERS (ID_NETWORK_PROVIDER,STR_NETWORK_PROVIDER,ID_COUNTRY,ID_SMSC,ID_LOCAL_NETWORK_CODE,DAT_CREATION,ID_CUSTOMER_CREATION) VALUES (40402,'AirTel - Punjab - India',null,null,null,#CURRENT_TIMESTAMP#,0);
Insert into MOB_NETWORK_PROVIDERS (ID_NETWORK_PROVIDER,STR_NETWORK_PROVIDER,ID_COUNTRY,ID_SMSC,ID_LOCAL_NETWORK_CODE,DAT_CREATION,ID_CUSTOMER_CREATION) VALUES (40403,'AirTel - Himachai Pradesh Circle - India',null,null,null,#CURRENT_TIMESTAMP#,0);
Insert into MOB_NETWORK_PROVIDERS (ID_NETWORK_PROVIDER,STR_NETWORK_PROVIDER,ID_COUNTRY,ID_SMSC,ID_LOCAL_NETWORK_CODE,DAT_CREATION,ID_CUSTOMER_CREATION) VALUES (404030,'HUTCH - City of Calcutta - India',null,null,null,#CURRENT_TIMESTAMP#,0);
Insert into MOB_NETWORK_PROVIDERS (ID_NETWORK_PROVIDER,STR_NETWORK_PROVIDER,ID_COUNTRY,ID_SMSC,ID_LOCAL_NETWORK_CODE,DAT_CREATION,ID_CUSTOMER_CREATION) VALUES (40404,'IDEA - Delhi Circle - India',null,null,null,#CURRENT_TIMESTAMP#,0);
Insert into MOB_NETWORK_PROVIDERS (ID_NETWORK_PROVIDER,STR_NETWORK_PROVIDER,ID_COUNTRY,ID_SMSC,ID_LOCAL_NETWORK_CODE,DAT_CREATION,ID_CUSTOMER_CREATION) VALUES (40405,'HUTCH - India',null,null,null,#CURRENT_TIMESTAMP#,0);
Insert into MOB_NETWORK_PROVIDERS (ID_NETWORK_PROVIDER,STR_NETWORK_PROVIDER,ID_COUNTRY,ID_SMSC,ID_LOCAL_NETWORK_CODE,DAT_CREATION,ID_CUSTOMER_CREATION) VALUES (40407,'IDEA - Andhra Pradesh Circle - India',null,null,null,#CURRENT_TIMESTAMP#,0);
Insert into MOB_NETWORK_PROVIDERS (ID_NETWORK_PROVIDER,STR_NETWORK_PROVIDER,ID_COUNTRY,ID_SMSC,ID_LOCAL_NETWORK_CODE,DAT_CREATION,ID_CUSTOMER_CREATION) VALUES (40410,'Airtel - Delhi - India',null,null,null,#CURRENT_TIMESTAMP#,0);
Insert into MOB_NETWORK_PROVIDERS (ID_NETWORK_PROVIDER,STR_NETWORK_PROVIDER,ID_COUNTRY,ID_SMSC,ID_LOCAL_NETWORK_CODE,DAT_CREATION,ID_CUSTOMER_CREATION) VALUES (40411,'HUTCH - India',null,null,null,#CURRENT_TIMESTAMP#,0);
Insert into MOB_NETWORK_PROVIDERS (ID_NETWORK_PROVIDER,STR_NETWORK_PROVIDER,ID_COUNTRY,ID_SMSC,ID_LOCAL_NETWORK_CODE,DAT_CREATION,ID_CUSTOMER_CREATION) VALUES (40412,'ESCOTEL Haryana - India',null,null,null,#CURRENT_TIMESTAMP#,0);
Insert into MOB_NETWORK_PROVIDERS (ID_NETWORK_PROVIDER,STR_NETWORK_PROVIDER,ID_COUNTRY,ID_SMSC,ID_LOCAL_NETWORK_CODE,DAT_CREATION,ID_CUSTOMER_CREATION) VALUES (40413,'HESL - Andhra Pradesh - India',null,null,null,#CURRENT_TIMESTAMP#,0);
Insert into MOB_NETWORK_PROVIDERS (ID_NETWORK_PROVIDER,STR_NETWORK_PROVIDER,ID_COUNTRY,ID_SMSC,ID_LOCAL_NETWORK_CODE,DAT_CREATION,ID_CUSTOMER_CREATION) VALUES (40414,'SPICE - Punjab - India',null,null,null,#CURRENT_TIMESTAMP#,0);
Insert into MOB_NETWORK_PROVIDERS (ID_NETWORK_PROVIDER,STR_NETWORK_PROVIDER,ID_COUNTRY,ID_SMSC,ID_LOCAL_NETWORK_CODE,DAT_CREATION,ID_CUSTOMER_CREATION) VALUES (40415,'Aircel Digilink - India',null,null,null,#CURRENT_TIMESTAMP#,0);
Insert into MOB_NETWORK_PROVIDERS (ID_NETWORK_PROVIDER,STR_NETWORK_PROVIDER,ID_COUNTRY,ID_SMSC,ID_LOCAL_NETWORK_CODE,DAT_CREATION,ID_CUSTOMER_CREATION) VALUES (40419,'ESCOTEL Kerala - India',null,null,null,#CURRENT_TIMESTAMP#,0);
Insert into MOB_NETWORK_PROVIDERS (ID_NETWORK_PROVIDER,STR_NETWORK_PROVIDER,ID_COUNTRY,ID_SMSC,ID_LOCAL_NETWORK_CODE,DAT_CREATION,ID_CUSTOMER_CREATION) VALUES (40420,'Orange - India',null,null,null,#CURRENT_TIMESTAMP#,0);
Insert into MOB_NETWORK_PROVIDERS (ID_NETWORK_PROVIDER,STR_NETWORK_PROVIDER,ID_COUNTRY,ID_SMSC,ID_LOCAL_NETWORK_CODE,DAT_CREATION,ID_CUSTOMER_CREATION) VALUES (40421,'BPL Mobile Mumbai - India',null,null,null,#CURRENT_TIMESTAMP#,0);
Insert into MOB_NETWORK_PROVIDERS (ID_NETWORK_PROVIDER,STR_NETWORK_PROVIDER,ID_COUNTRY,ID_SMSC,ID_LOCAL_NETWORK_CODE,DAT_CREATION,ID_CUSTOMER_CREATION) VALUES (40422,'IDEA - Maharashtra Circle - India',null,null,null,#CURRENT_TIMESTAMP#,0);
Insert into MOB_NETWORK_PROVIDERS (ID_NETWORK_PROVIDER,STR_NETWORK_PROVIDER,ID_COUNTRY,ID_SMSC,ID_LOCAL_NETWORK_CODE,DAT_CREATION,ID_CUSTOMER_CREATION) VALUES (40424,'IDEA - Gujarat Circle - India',null,null,null,#CURRENT_TIMESTAMP#,0);
Insert into MOB_NETWORK_PROVIDERS (ID_NETWORK_PROVIDER,STR_NETWORK_PROVIDER,ID_COUNTRY,ID_SMSC,ID_LOCAL_NETWORK_CODE,DAT_CREATION,ID_CUSTOMER_CREATION) VALUES (40427,'BPL Mobile Maharashtra/Goa - India',null,null,null,#CURRENT_TIMESTAMP#,0);
Insert into MOB_NETWORK_PROVIDERS (ID_NETWORK_PROVIDER,STR_NETWORK_PROVIDER,ID_COUNTRY,ID_SMSC,ID_LOCAL_NETWORK_CODE,DAT_CREATION,ID_CUSTOMER_CREATION) VALUES (40431,'AirTel - Kolkata - India',null,null,null,#CURRENT_TIMESTAMP#,0);
Insert into MOB_NETWORK_PROVIDERS (ID_NETWORK_PROVIDER,STR_NETWORK_PROVIDER,ID_COUNTRY,ID_SMSC,ID_LOCAL_NETWORK_CODE,DAT_CREATION,ID_CUSTOMER_CREATION) VALUES (40434,'CellOne - India',null,null,null,#CURRENT_TIMESTAMP#,0);
Insert into MOB_NETWORK_PROVIDERS (ID_NETWORK_PROVIDER,STR_NETWORK_PROVIDER,ID_COUNTRY,ID_SMSC,ID_LOCAL_NETWORK_CODE,DAT_CREATION,ID_CUSTOMER_CREATION) VALUES (40438,'CellOne - India',null,null,null,#CURRENT_TIMESTAMP#,0);
Insert into MOB_NETWORK_PROVIDERS (ID_NETWORK_PROVIDER,STR_NETWORK_PROVIDER,ID_COUNTRY,ID_SMSC,ID_LOCAL_NETWORK_CODE,DAT_CREATION,ID_CUSTOMER_CREATION) VALUES (40440,'AirTel - City Of Madras - India',null,null,null,#CURRENT_TIMESTAMP#,0);
Insert into MOB_NETWORK_PROVIDERS (ID_NETWORK_PROVIDER,STR_NETWORK_PROVIDER,ID_COUNTRY,ID_SMSC,ID_LOCAL_NETWORK_CODE,DAT_CREATION,ID_CUSTOMER_CREATION) VALUES (40441,'RPG MAA - India',null,null,null,#CURRENT_TIMESTAMP#,0);
Insert into MOB_NETWORK_PROVIDERS (ID_NETWORK_PROVIDER,STR_NETWORK_PROVIDER,ID_COUNTRY,ID_SMSC,ID_LOCAL_NETWORK_CODE,DAT_CREATION,ID_CUSTOMER_CREATION) VALUES (40442,'Aircell - India',null,null,null,#CURRENT_TIMESTAMP#,0);
Insert into MOB_NETWORK_PROVIDERS (ID_NETWORK_PROVIDER,STR_NETWORK_PROVIDER,ID_COUNTRY,ID_SMSC,ID_LOCAL_NETWORK_CODE,DAT_CREATION,ID_CUSTOMER_CREATION) VALUES (40443,'BPL Mobile Nadu/Pondicherry - India',null,null,null,#CURRENT_TIMESTAMP#,0);
Insert into MOB_NETWORK_PROVIDERS (ID_NETWORK_PROVIDER,STR_NETWORK_PROVIDER,ID_COUNTRY,ID_SMSC,ID_LOCAL_NETWORK_CODE,DAT_CREATION,ID_CUSTOMER_CREATION) VALUES (40444,'SPICE - Karnataka - India',null,null,null,#CURRENT_TIMESTAMP#,0);
Insert into MOB_NETWORK_PROVIDERS (ID_NETWORK_PROVIDER,STR_NETWORK_PROVIDER,ID_COUNTRY,ID_SMSC,ID_LOCAL_NETWORK_CODE,DAT_CREATION,ID_CUSTOMER_CREATION) VALUES (40445,'AirTel - Karnataka - India',null,null,null,#CURRENT_TIMESTAMP#,0);
Insert into MOB_NETWORK_PROVIDERS (ID_NETWORK_PROVIDER,STR_NETWORK_PROVIDER,ID_COUNTRY,ID_SMSC,ID_LOCAL_NETWORK_CODE,DAT_CREATION,ID_CUSTOMER_CREATION) VALUES (40446,'BPL Mobile Kerala - India',null,null,null,#CURRENT_TIMESTAMP#,0);
Insert into MOB_NETWORK_PROVIDERS (ID_NETWORK_PROVIDER,STR_NETWORK_PROVIDER,ID_COUNTRY,ID_SMSC,ID_LOCAL_NETWORK_CODE,DAT_CREATION,ID_CUSTOMER_CREATION) VALUES (40449,'AirTel - Andhra Pradesh - India',null,null,null,#CURRENT_TIMESTAMP#,0);
Insert into MOB_NETWORK_PROVIDERS (ID_NETWORK_PROVIDER,STR_NETWORK_PROVIDER,ID_COUNTRY,ID_SMSC,ID_LOCAL_NETWORK_CODE,DAT_CREATION,ID_CUSTOMER_CREATION) VALUES (40451,'CellOne - India',null,null,null,#CURRENT_TIMESTAMP#,0);
Insert into MOB_NETWORK_PROVIDERS (ID_NETWORK_PROVIDER,STR_NETWORK_PROVIDER,ID_COUNTRY,ID_SMSC,ID_LOCAL_NETWORK_CODE,DAT_CREATION,ID_CUSTOMER_CREATION) VALUES (40453,'CellOne - India',null,null,null,#CURRENT_TIMESTAMP#,0);
Insert into MOB_NETWORK_PROVIDERS (ID_NETWORK_PROVIDER,STR_NETWORK_PROVIDER,ID_COUNTRY,ID_SMSC,ID_LOCAL_NETWORK_CODE,DAT_CREATION,ID_CUSTOMER_CREATION) VALUES (40454,'CellOne - India',null,null,null,#CURRENT_TIMESTAMP#,0);
Insert into MOB_NETWORK_PROVIDERS (ID_NETWORK_PROVIDER,STR_NETWORK_PROVIDER,ID_COUNTRY,ID_SMSC,ID_LOCAL_NETWORK_CODE,DAT_CREATION,ID_CUSTOMER_CREATION) VALUES (40455,'CellOne - India',null,null,null,#CURRENT_TIMESTAMP#,0);
Insert into MOB_NETWORK_PROVIDERS (ID_NETWORK_PROVIDER,STR_NETWORK_PROVIDER,ID_COUNTRY,ID_SMSC,ID_LOCAL_NETWORK_CODE,DAT_CREATION,ID_CUSTOMER_CREATION) VALUES (40456,'ESCOTEL UP(W) - India',null,null,null,#CURRENT_TIMESTAMP#,0);
Insert into MOB_NETWORK_PROVIDERS (ID_NETWORK_PROVIDER,STR_NETWORK_PROVIDER,ID_COUNTRY,ID_SMSC,ID_LOCAL_NETWORK_CODE,DAT_CREATION,ID_CUSTOMER_CREATION) VALUES (40457,'CellOne - India',null,null,null,#CURRENT_TIMESTAMP#,0);
Insert into MOB_NETWORK_PROVIDERS (ID_NETWORK_PROVIDER,STR_NETWORK_PROVIDER,ID_COUNTRY,ID_SMSC,ID_LOCAL_NETWORK_CODE,DAT_CREATION,ID_CUSTOMER_CREATION) VALUES (40458,'CellOne - India',null,null,null,#CURRENT_TIMESTAMP#,0);
Insert into MOB_NETWORK_PROVIDERS (ID_NETWORK_PROVIDER,STR_NETWORK_PROVIDER,ID_COUNTRY,ID_SMSC,ID_LOCAL_NETWORK_CODE,DAT_CREATION,ID_CUSTOMER_CREATION) VALUES (40459,'CellOne - India',null,null,null,#CURRENT_TIMESTAMP#,0);
Insert into MOB_NETWORK_PROVIDERS (ID_NETWORK_PROVIDER,STR_NETWORK_PROVIDER,ID_COUNTRY,ID_SMSC,ID_LOCAL_NETWORK_CODE,DAT_CREATION,ID_CUSTOMER_CREATION) VALUES (40460,'Aircell Digilink Rajathan:India',null,null,null,#CURRENT_TIMESTAMP#,0);
Insert into MOB_NETWORK_PROVIDERS (ID_NETWORK_PROVIDER,STR_NETWORK_PROVIDER,ID_COUNTRY,ID_SMSC,ID_LOCAL_NETWORK_CODE,DAT_CREATION,ID_CUSTOMER_CREATION) VALUES (40462,'CellOne - India',null,null,null,#CURRENT_TIMESTAMP#,0);
Insert into MOB_NETWORK_PROVIDERS (ID_NETWORK_PROVIDER,STR_NETWORK_PROVIDER,ID_COUNTRY,ID_SMSC,ID_LOCAL_NETWORK_CODE,DAT_CREATION,ID_CUSTOMER_CREATION) VALUES (52503,'MobileOne - Singapore',null,null,null,#CURRENT_TIMESTAMP#,0);
Insert into MOB_NETWORK_PROVIDERS (ID_NETWORK_PROVIDER,STR_NETWORK_PROVIDER,ID_COUNTRY,ID_SMSC,ID_LOCAL_NETWORK_CODE,DAT_CREATION,ID_CUSTOMER_CREATION) VALUES (52811,'DST Communications - Brunei Darussalam',null,null,null,#CURRENT_TIMESTAMP#,0);
Insert into MOB_NETWORK_PROVIDERS (ID_NETWORK_PROVIDER,STR_NETWORK_PROVIDER,ID_COUNTRY,ID_SMSC,ID_LOCAL_NETWORK_CODE,DAT_CREATION,ID_CUSTOMER_CREATION) VALUES (53001,'Vodafone - New Zealand',null,null,null,#CURRENT_TIMESTAMP#,0);
Insert into MOB_NETWORK_PROVIDERS (ID_NETWORK_PROVIDER,STR_NETWORK_PROVIDER,ID_COUNTRY,ID_SMSC,ID_LOCAL_NETWORK_CODE,DAT_CREATION,ID_CUSTOMER_CREATION) VALUES (53003,'Telecom NZ - New Zealand',null,null,null,#CURRENT_TIMESTAMP#,0);
Insert into MOB_NETWORK_PROVIDERS (ID_NETWORK_PROVIDER,STR_NETWORK_PROVIDER,ID_COUNTRY,ID_SMSC,ID_LOCAL_NETWORK_CODE,DAT_CREATION,ID_CUSTOMER_CREATION) VALUES (53004,'Telstra - New Zealand',null,null,null,#CURRENT_TIMESTAMP#,0);
Insert into MOB_NETWORK_PROVIDERS (ID_NETWORK_PROVIDER,STR_NETWORK_PROVIDER,ID_COUNTRY,ID_SMSC,ID_LOCAL_NETWORK_CODE,DAT_CREATION,ID_CUSTOMER_CREATION) VALUES (53505,'StarHub - Singapore',null,null,null,#CURRENT_TIMESTAMP#,0);
Insert into MOB_NETWORK_PROVIDERS (ID_NETWORK_PROVIDER,STR_NETWORK_PROVIDER,ID_COUNTRY,ID_SMSC,ID_LOCAL_NETWORK_CODE,DAT_CREATION,ID_CUSTOMER_CREATION) VALUES (53701,'Bee Mobile Comms - Papua New Guinea',null,null,null,#CURRENT_TIMESTAMP#,0);
Insert into MOB_NETWORK_PROVIDERS (ID_NETWORK_PROVIDER,STR_NETWORK_PROVIDER,ID_COUNTRY,ID_SMSC,ID_LOCAL_NETWORK_CODE,DAT_CREATION,ID_CUSTOMER_CREATION) VALUES (53901,'U-CALL - Tonga',null,null,null,#CURRENT_TIMESTAMP#,0);
Insert into MOB_NETWORK_PROVIDERS (ID_NETWORK_PROVIDER,STR_NETWORK_PROVIDER,ID_COUNTRY,ID_SMSC,ID_LOCAL_NETWORK_CODE,DAT_CREATION,ID_CUSTOMER_CREATION) VALUES (53943,'Shoreline Comms - Tonga',null,null,null,#CURRENT_TIMESTAMP#,0);
Insert into MOB_NETWORK_PROVIDERS (ID_NETWORK_PROVIDER,STR_NETWORK_PROVIDER,ID_COUNTRY,ID_SMSC,ID_LOCAL_NETWORK_CODE,DAT_CREATION,ID_CUSTOMER_CREATION) VALUES (54101,'SMILE - Vanuatu',null,null,null,#CURRENT_TIMESTAMP#,0);
Insert into MOB_NETWORK_PROVIDERS (ID_NETWORK_PROVIDER,STR_NETWORK_PROVIDER,ID_COUNTRY,ID_SMSC,ID_LOCAL_NETWORK_CODE,DAT_CREATION,ID_CUSTOMER_CREATION) VALUES (54201,'Vodafone Fiji - Fiji',null,null,null,#CURRENT_TIMESTAMP#,0);
Insert into MOB_NETWORK_PROVIDERS (ID_NETWORK_PROVIDER,STR_NETWORK_PROVIDER,ID_COUNTRY,ID_SMSC,ID_LOCAL_NETWORK_CODE,DAT_CREATION,ID_CUSTOMER_CREATION) VALUES (54411,'Blue Sky - American Samoa',null,null,null,#CURRENT_TIMESTAMP#,0);
Insert into MOB_NETWORK_PROVIDERS (ID_NETWORK_PROVIDER,STR_NETWORK_PROVIDER,ID_COUNTRY,ID_SMSC,ID_LOCAL_NETWORK_CODE,DAT_CREATION,ID_CUSTOMER_CREATION) VALUES (54509,'Kiribati Frigate - Kiribati',null,null,null,#CURRENT_TIMESTAMP#,0);
Insert into MOB_NETWORK_PROVIDERS (ID_NETWORK_PROVIDER,STR_NETWORK_PROVIDER,ID_COUNTRY,ID_SMSC,ID_LOCAL_NETWORK_CODE,DAT_CREATION,ID_CUSTOMER_CREATION) VALUES (54601,'OPT Mobilis - New Caledonia',null,null,null,#CURRENT_TIMESTAMP#,0);
Insert into MOB_NETWORK_PROVIDERS (ID_NETWORK_PROVIDER,STR_NETWORK_PROVIDER,ID_COUNTRY,ID_SMSC,ID_LOCAL_NETWORK_CODE,DAT_CREATION,ID_CUSTOMER_CREATION) VALUES (54720,'Tikiphone - French Polynesia',null,null,null,#CURRENT_TIMESTAMP#,0);
Insert into MOB_NETWORK_PROVIDERS (ID_NETWORK_PROVIDER,STR_NETWORK_PROVIDER,ID_COUNTRY,ID_SMSC,ID_LOCAL_NETWORK_CODE,DAT_CREATION,ID_CUSTOMER_CREATION) VALUES (55001,'FSM Telecoms - Micronesia',null,null,null,#CURRENT_TIMESTAMP#,0);
Insert into MOB_NETWORK_PROVIDERS (ID_NETWORK_PROVIDER,STR_NETWORK_PROVIDER,ID_COUNTRY,ID_SMSC,ID_LOCAL_NETWORK_CODE,DAT_CREATION,ID_CUSTOMER_CREATION) VALUES (60201,'MobiNil - Egypt',null,null,null,#CURRENT_TIMESTAMP#,0);
Insert into MOB_NETWORK_PROVIDERS (ID_NETWORK_PROVIDER,STR_NETWORK_PROVIDER,ID_COUNTRY,ID_SMSC,ID_LOCAL_NETWORK_CODE,DAT_CREATION,ID_CUSTOMER_CREATION) VALUES (60202,'Vodafone - Egypt',null,null,null,#CURRENT_TIMESTAMP#,0);
Insert into MOB_NETWORK_PROVIDERS (ID_NETWORK_PROVIDER,STR_NETWORK_PROVIDER,ID_COUNTRY,ID_SMSC,ID_LOCAL_NETWORK_CODE,DAT_CREATION,ID_CUSTOMER_CREATION) VALUES (60301,'Algerian Telecom AMN - Algeria',null,null,null,#CURRENT_TIMESTAMP#,0);
Insert into MOB_NETWORK_PROVIDERS (ID_NETWORK_PROVIDER,STR_NETWORK_PROVIDER,ID_COUNTRY,ID_SMSC,ID_LOCAL_NETWORK_CODE,DAT_CREATION,ID_CUSTOMER_CREATION) VALUES (60302,'Orascom Telecom Algerie Spa - algeria',null,null,null,#CURRENT_TIMESTAMP#,0);
Insert into MOB_NETWORK_PROVIDERS (ID_NETWORK_PROVIDER,STR_NETWORK_PROVIDER,ID_COUNTRY,ID_SMSC,ID_LOCAL_NETWORK_CODE,DAT_CREATION,ID_CUSTOMER_CREATION) VALUES (60400,'Meditel - Morocco',null,null,null,#CURRENT_TIMESTAMP#,0);
Insert into MOB_NETWORK_PROVIDERS (ID_NETWORK_PROVIDER,STR_NETWORK_PROVIDER,ID_COUNTRY,ID_SMSC,ID_LOCAL_NETWORK_CODE,DAT_CREATION,ID_CUSTOMER_CREATION) VALUES (60401,'Itissalat Al-Maghrib IAM - Morocco',null,null,null,#CURRENT_TIMESTAMP#,0);
Insert into MOB_NETWORK_PROVIDERS (ID_NETWORK_PROVIDER,STR_NETWORK_PROVIDER,ID_COUNTRY,ID_SMSC,ID_LOCAL_NETWORK_CODE,DAT_CREATION,ID_CUSTOMER_CREATION) VALUES (60502,'Tunisie Telecom TUNTEL - Tunisia',null,null,null,#CURRENT_TIMESTAMP#,0);
Insert into MOB_NETWORK_PROVIDERS (ID_NETWORK_PROVIDER,STR_NETWORK_PROVIDER,ID_COUNTRY,ID_SMSC,ID_LOCAL_NETWORK_CODE,DAT_CREATION,ID_CUSTOMER_CREATION) VALUES (60503,'TUNISIANA - Tunisia',null,null,null,#CURRENT_TIMESTAMP#,0);
Insert into MOB_NETWORK_PROVIDERS (ID_NETWORK_PROVIDER,STR_NETWORK_PROVIDER,ID_COUNTRY,ID_SMSC,ID_LOCAL_NETWORK_CODE,DAT_CREATION,ID_CUSTOMER_CREATION) VALUES (60701,'GAMCELL - Gambia',null,null,null,#CURRENT_TIMESTAMP#,0);
Insert into MOB_NETWORK_PROVIDERS (ID_NETWORK_PROVIDER,STR_NETWORK_PROVIDER,ID_COUNTRY,ID_SMSC,ID_LOCAL_NETWORK_CODE,DAT_CREATION,ID_CUSTOMER_CREATION) VALUES (60702,'AFricell - Gambia',null,null,null,#CURRENT_TIMESTAMP#,0);
Insert into MOB_NETWORK_PROVIDERS (ID_NETWORK_PROVIDER,STR_NETWORK_PROVIDER,ID_COUNTRY,ID_SMSC,ID_LOCAL_NETWORK_CODE,DAT_CREATION,ID_CUSTOMER_CREATION) VALUES (60801,'Sonatel ALIZE - Senegal',null,null,null,#CURRENT_TIMESTAMP#,0);
Insert into MOB_NETWORK_PROVIDERS (ID_NETWORK_PROVIDER,STR_NETWORK_PROVIDER,ID_COUNTRY,ID_SMSC,ID_LOCAL_NETWORK_CODE,DAT_CREATION,ID_CUSTOMER_CREATION) VALUES (60802,'Sentel GSM - Senegal',null,null,null,#CURRENT_TIMESTAMP#,0);
Insert into MOB_NETWORK_PROVIDERS (ID_NETWORK_PROVIDER,STR_NETWORK_PROVIDER,ID_COUNTRY,ID_SMSC,ID_LOCAL_NETWORK_CODE,DAT_CREATION,ID_CUSTOMER_CREATION) VALUES (60901,'MATTEL - Mauritania',null,null,null,#CURRENT_TIMESTAMP#,0);
Insert into MOB_NETWORK_PROVIDERS (ID_NETWORK_PROVIDER,STR_NETWORK_PROVIDER,ID_COUNTRY,ID_SMSC,ID_LOCAL_NETWORK_CODE,DAT_CREATION,ID_CUSTOMER_CREATION) VALUES (60910,'MAURITEL - Mauritania',null,null,null,#CURRENT_TIMESTAMP#,0);
Insert into MOB_NETWORK_PROVIDERS (ID_NETWORK_PROVIDER,STR_NETWORK_PROVIDER,ID_COUNTRY,ID_SMSC,ID_LOCAL_NETWORK_CODE,DAT_CREATION,ID_CUSTOMER_CREATION) VALUES (61001,'Malitel - Mali',null,null,null,#CURRENT_TIMESTAMP#,0);
Insert into MOB_NETWORK_PROVIDERS (ID_NETWORK_PROVIDER,STR_NETWORK_PROVIDER,ID_COUNTRY,ID_SMSC,ID_LOCAL_NETWORK_CODE,DAT_CREATION,ID_CUSTOMER_CREATION) VALUES (61002,'IKATEL - Mali',null,null,null,#CURRENT_TIMESTAMP#,0);
Insert into MOB_NETWORK_PROVIDERS (ID_NETWORK_PROVIDER,STR_NETWORK_PROVIDER,ID_COUNTRY,ID_SMSC,ID_LOCAL_NETWORK_CODE,DAT_CREATION,ID_CUSTOMER_CREATION) VALUES (61101,'Mobilis Guinea - Guinea',null,null,null,#CURRENT_TIMESTAMP#,0);
Insert into MOB_NETWORK_PROVIDERS (ID_NETWORK_PROVIDER,STR_NETWORK_PROVIDER,ID_COUNTRY,ID_SMSC,ID_LOCAL_NETWORK_CODE,DAT_CREATION,ID_CUSTOMER_CREATION) VALUES (61102,'Sotelgui Lagui - Guinea',null,null,null,#CURRENT_TIMESTAMP#,0);
Insert into MOB_NETWORK_PROVIDERS (ID_NETWORK_PROVIDER,STR_NETWORK_PROVIDER,ID_COUNTRY,ID_SMSC,ID_LOCAL_NETWORK_CODE,DAT_CREATION,ID_CUSTOMER_CREATION) VALUES (61201,'Comstar Cellular Network - Cote d Ivoire',null,null,null,#CURRENT_TIMESTAMP#,0);
Insert into MOB_NETWORK_PROVIDERS (ID_NETWORK_PROVIDER,STR_NETWORK_PROVIDER,ID_COUNTRY,ID_SMSC,ID_LOCAL_NETWORK_CODE,DAT_CREATION,ID_CUSTOMER_CREATION) VALUES (61205,'Loteny Telecom Telecel - Cote d Ivoire',null,null,null,#CURRENT_TIMESTAMP#,0);
Insert into MOB_NETWORK_PROVIDERS (ID_NETWORK_PROVIDER,STR_NETWORK_PROVIDER,ID_COUNTRY,ID_SMSC,ID_LOCAL_NETWORK_CODE,DAT_CREATION,ID_CUSTOMER_CREATION) VALUES (61302,'CELTEL - Burkina Faso',null,null,null,#CURRENT_TIMESTAMP#,0);
Insert into MOB_NETWORK_PROVIDERS (ID_NETWORK_PROVIDER,STR_NETWORK_PROVIDER,ID_COUNTRY,ID_SMSC,ID_LOCAL_NETWORK_CODE,DAT_CREATION,ID_CUSTOMER_CREATION) VALUES (61303,'TELECEL Faso SA - Burkina Faso',null,null,null,#CURRENT_TIMESTAMP#,0);
Insert into MOB_NETWORK_PROVIDERS (ID_NETWORK_PROVIDER,STR_NETWORK_PROVIDER,ID_COUNTRY,ID_SMSC,ID_LOCAL_NETWORK_CODE,DAT_CREATION,ID_CUSTOMER_CREATION) VALUES (61402,'CelTEL Niger - Niger',null,null,null,#CURRENT_TIMESTAMP#,0);
Insert into MOB_NETWORK_PROVIDERS (ID_NETWORK_PROVIDER,STR_NETWORK_PROVIDER,ID_COUNTRY,ID_SMSC,ID_LOCAL_NETWORK_CODE,DAT_CREATION,ID_CUSTOMER_CREATION) VALUES (61501,'Togo Telecom TOGO CELL - Togo',null,null,null,#CURRENT_TIMESTAMP#,0);
Insert into MOB_NETWORK_PROVIDERS (ID_NETWORK_PROVIDER,STR_NETWORK_PROVIDER,ID_COUNTRY,ID_SMSC,ID_LOCAL_NETWORK_CODE,DAT_CREATION,ID_CUSTOMER_CREATION) VALUES (616004,'BBCOM - Benin',null,null,null,#CURRENT_TIMESTAMP#,0);
Insert into MOB_NETWORK_PROVIDERS (ID_NETWORK_PROVIDER,STR_NETWORK_PROVIDER,ID_COUNTRY,ID_SMSC,ID_LOCAL_NETWORK_CODE,DAT_CREATION,ID_CUSTOMER_CREATION) VALUES (61601,'LIBERCOM - Benin',null,null,null,#CURRENT_TIMESTAMP#,0);
Insert into MOB_NETWORK_PROVIDERS (ID_NETWORK_PROVIDER,STR_NETWORK_PROVIDER,ID_COUNTRY,ID_SMSC,ID_LOCAL_NETWORK_CODE,DAT_CREATION,ID_CUSTOMER_CREATION) VALUES (61602,'TELECEL BENIN - Benin',null,null,null,#CURRENT_TIMESTAMP#,0);
Insert into MOB_NETWORK_PROVIDERS (ID_NETWORK_PROVIDER,STR_NETWORK_PROVIDER,ID_COUNTRY,ID_SMSC,ID_LOCAL_NETWORK_CODE,DAT_CREATION,ID_CUSTOMER_CREATION) VALUES (61603,'BeninCell - Benin',null,null,null,#CURRENT_TIMESTAMP#,0);
Insert into MOB_NETWORK_PROVIDERS (ID_NETWORK_PROVIDER,STR_NETWORK_PROVIDER,ID_COUNTRY,ID_SMSC,ID_LOCAL_NETWORK_CODE,DAT_CREATION,ID_CUSTOMER_CREATION) VALUES (61701,'Cellplus Mobile Comms - Mauritius',null,null,null,#CURRENT_TIMESTAMP#,0);
Insert into MOB_NETWORK_PROVIDERS (ID_NETWORK_PROVIDER,STR_NETWORK_PROVIDER,ID_COUNTRY,ID_SMSC,ID_LOCAL_NETWORK_CODE,DAT_CREATION,ID_CUSTOMER_CREATION) VALUES (61710,'EMTEL - Mauritius',null,null,null,#CURRENT_TIMESTAMP#,0);
Insert into MOB_NETWORK_PROVIDERS (ID_NETWORK_PROVIDER,STR_NETWORK_PROVIDER,ID_COUNTRY,ID_SMSC,ID_LOCAL_NETWORK_CODE,DAT_CREATION,ID_CUSTOMER_CREATION) VALUES (61801,'Lonestar Cell Communications - Liberia',null,null,null,#CURRENT_TIMESTAMP#,0);
Insert into MOB_NETWORK_PROVIDERS (ID_NETWORK_PROVIDER,STR_NETWORK_PROVIDER,ID_COUNTRY,ID_SMSC,ID_LOCAL_NETWORK_CODE,DAT_CREATION,ID_CUSTOMER_CREATION) VALUES (61900,'LINTEL - Sierra Leone',null,null,null,#CURRENT_TIMESTAMP#,0);
Insert into MOB_NETWORK_PROVIDERS (ID_NETWORK_PROVIDER,STR_NETWORK_PROVIDER,ID_COUNTRY,ID_SMSC,ID_LOCAL_NETWORK_CODE,DAT_CREATION,ID_CUSTOMER_CREATION) VALUES (61901,'Celtel SL - Sierra Leone',null,null,null,#CURRENT_TIMESTAMP#,0);
Insert into MOB_NETWORK_PROVIDERS (ID_NETWORK_PROVIDER,STR_NETWORK_PROVIDER,ID_COUNTRY,ID_SMSC,ID_LOCAL_NETWORK_CODE,DAT_CREATION,ID_CUSTOMER_CREATION) VALUES (62001,'ScanCom SPACEFON - Ghana',null,null,null,#CURRENT_TIMESTAMP#,0);
Insert into MOB_NETWORK_PROVIDERS (ID_NETWORK_PROVIDER,STR_NETWORK_PROVIDER,ID_COUNTRY,ID_SMSC,ID_LOCAL_NETWORK_CODE,DAT_CREATION,ID_CUSTOMER_CREATION) VALUES (62002,'Ghana Telecom Mobile - Ghana',null,null,null,#CURRENT_TIMESTAMP#,0);
Insert into MOB_NETWORK_PROVIDERS (ID_NETWORK_PROVIDER,STR_NETWORK_PROVIDER,ID_COUNTRY,ID_SMSC,ID_LOCAL_NETWORK_CODE,DAT_CREATION,ID_CUSTOMER_CREATION) VALUES (62003,'Millicom MOBITEL - Ghana',null,null,null,#CURRENT_TIMESTAMP#,0);
Insert into MOB_NETWORK_PROVIDERS (ID_NETWORK_PROVIDER,STR_NETWORK_PROVIDER,ID_COUNTRY,ID_SMSC,ID_LOCAL_NETWORK_CODE,DAT_CREATION,ID_CUSTOMER_CREATION) VALUES (62120,'Econet Wireless Nigeria - Nigeria',null,null,null,#CURRENT_TIMESTAMP#,0);
Insert into MOB_NETWORK_PROVIDERS (ID_NETWORK_PROVIDER,STR_NETWORK_PROVIDER,ID_COUNTRY,ID_SMSC,ID_LOCAL_NETWORK_CODE,DAT_CREATION,ID_CUSTOMER_CREATION) VALUES (62130,'MTN Nigeria - Nigeria',null,null,null,#CURRENT_TIMESTAMP#,0);
Insert into MOB_NETWORK_PROVIDERS (ID_NETWORK_PROVIDER,STR_NETWORK_PROVIDER,ID_COUNTRY,ID_SMSC,ID_LOCAL_NETWORK_CODE,DAT_CREATION,ID_CUSTOMER_CREATION) VALUES (62140,'NITEL GSM - Nigeria',null,null,null,#CURRENT_TIMESTAMP#,0);
Insert into MOB_NETWORK_PROVIDERS (ID_NETWORK_PROVIDER,STR_NETWORK_PROVIDER,ID_COUNTRY,ID_SMSC,ID_LOCAL_NETWORK_CODE,DAT_CREATION,ID_CUSTOMER_CREATION) VALUES (62150,'Glo Mobile - Nigeria',null,null,null,#CURRENT_TIMESTAMP#,0);
Insert into MOB_NETWORK_PROVIDERS (ID_NETWORK_PROVIDER,STR_NETWORK_PROVIDER,ID_COUNTRY,ID_SMSC,ID_LOCAL_NETWORK_CODE,DAT_CREATION,ID_CUSTOMER_CREATION) VALUES (62201,'Celtel Tchad SA - Chad',null,null,null,#CURRENT_TIMESTAMP#,0);
Insert into MOB_NETWORK_PROVIDERS (ID_NETWORK_PROVIDER,STR_NETWORK_PROVIDER,ID_COUNTRY,ID_SMSC,ID_LOCAL_NETWORK_CODE,DAT_CREATION,ID_CUSTOMER_CREATION) VALUES (62202,'LIBERTIS Tchad Mobile SA - Chad',null,null,null,#CURRENT_TIMESTAMP#,0);
Insert into MOB_NETWORK_PROVIDERS (ID_NETWORK_PROVIDER,STR_NETWORK_PROVIDER,ID_COUNTRY,ID_SMSC,ID_LOCAL_NETWORK_CODE,DAT_CREATION,ID_CUSTOMER_CREATION) VALUES (62401,'MTN Cameroon - Cameroon',null,null,null,#CURRENT_TIMESTAMP#,0);
Insert into MOB_NETWORK_PROVIDERS (ID_NETWORK_PROVIDER,STR_NETWORK_PROVIDER,ID_COUNTRY,ID_SMSC,ID_LOCAL_NETWORK_CODE,DAT_CREATION,ID_CUSTOMER_CREATION) VALUES (62501,'Cabo Verde Telecom CVMOVEL - Cape Verde',null,null,null,#CURRENT_TIMESTAMP#,0);
Insert into MOB_NETWORK_PROVIDERS (ID_NETWORK_PROVIDER,STR_NETWORK_PROVIDER,ID_COUNTRY,ID_SMSC,ID_LOCAL_NETWORK_CODE,DAT_CREATION,ID_CUSTOMER_CREATION) VALUES (62601,'CSTmovel - Sao Tome & Principe',null,null,null,#CURRENT_TIMESTAMP#,0);
Insert into MOB_NETWORK_PROVIDERS (ID_NETWORK_PROVIDER,STR_NETWORK_PROVIDER,ID_COUNTRY,ID_SMSC,ID_LOCAL_NETWORK_CODE,DAT_CREATION,ID_CUSTOMER_CREATION) VALUES (62701,'GETESA - Equatorial Guinea',null,null,null,#CURRENT_TIMESTAMP#,0);
Insert into MOB_NETWORK_PROVIDERS (ID_NETWORK_PROVIDER,STR_NETWORK_PROVIDER,ID_COUNTRY,ID_SMSC,ID_LOCAL_NETWORK_CODE,DAT_CREATION,ID_CUSTOMER_CREATION) VALUES (62801,'Libertis - Gabon Republic',null,null,null,#CURRENT_TIMESTAMP#,0);
Insert into MOB_NETWORK_PROVIDERS (ID_NETWORK_PROVIDER,STR_NETWORK_PROVIDER,ID_COUNTRY,ID_SMSC,ID_LOCAL_NETWORK_CODE,DAT_CREATION,ID_CUSTOMER_CREATION) VALUES (62802,'Telecel Gabon - Gabon Republic',null,null,null,#CURRENT_TIMESTAMP#,0);
Insert into MOB_NETWORK_PROVIDERS (ID_NETWORK_PROVIDER,STR_NETWORK_PROVIDER,ID_COUNTRY,ID_SMSC,ID_LOCAL_NETWORK_CODE,DAT_CREATION,ID_CUSTOMER_CREATION) VALUES (62803,'CelTel Gabon - Gabon Republic',null,null,null,#CURRENT_TIMESTAMP#,0);
Insert into MOB_NETWORK_PROVIDERS (ID_NETWORK_PROVIDER,STR_NETWORK_PROVIDER,ID_COUNTRY,ID_SMSC,ID_LOCAL_NETWORK_CODE,DAT_CREATION,ID_CUSTOMER_CREATION) VALUES (62901,'CelTel Congo - Congo',null,null,null,#CURRENT_TIMESTAMP#,0);
Insert into MOB_NETWORK_PROVIDERS (ID_NETWORK_PROVIDER,STR_NETWORK_PROVIDER,ID_COUNTRY,ID_SMSC,ID_LOCAL_NETWORK_CODE,DAT_CREATION,ID_CUSTOMER_CREATION) VALUES (62910,'LIBERTIS Telecom - Congo',null,null,null,#CURRENT_TIMESTAMP#,0);
Insert into MOB_NETWORK_PROVIDERS (ID_NETWORK_PROVIDER,STR_NETWORK_PROVIDER,ID_COUNTRY,ID_SMSC,ID_LOCAL_NETWORK_CODE,DAT_CREATION,ID_CUSTOMER_CREATION) VALUES (63001,'Vodacom CONGO-GSM - Congo Republic',null,null,null,#CURRENT_TIMESTAMP#,0);
Insert into MOB_NETWORK_PROVIDERS (ID_NETWORK_PROVIDER,STR_NETWORK_PROVIDER,ID_COUNTRY,ID_SMSC,ID_LOCAL_NETWORK_CODE,DAT_CREATION,ID_CUSTOMER_CREATION) VALUES (63002,'CelTel - Congo Republic',null,null,null,#CURRENT_TIMESTAMP#,0);
Insert into MOB_NETWORK_PROVIDERS (ID_NETWORK_PROVIDER,STR_NETWORK_PROVIDER,ID_COUNTRY,ID_SMSC,ID_LOCAL_NETWORK_CODE,DAT_CREATION,ID_CUSTOMER_CREATION) VALUES (63004,'CELLCO - Congo Republic',null,null,null,#CURRENT_TIMESTAMP#,0);
Insert into MOB_NETWORK_PROVIDERS (ID_NETWORK_PROVIDER,STR_NETWORK_PROVIDER,ID_COUNTRY,ID_SMSC,ID_LOCAL_NETWORK_CODE,DAT_CREATION,ID_CUSTOMER_CREATION) VALUES (63089,'OASIS, SAIT Telecom - Congo Republic',null,null,null,#CURRENT_TIMESTAMP#,0);
Insert into MOB_NETWORK_PROVIDERS (ID_NETWORK_PROVIDER,STR_NETWORK_PROVIDER,ID_COUNTRY,ID_SMSC,ID_LOCAL_NETWORK_CODE,DAT_CREATION,ID_CUSTOMER_CREATION) VALUES (63102,'Unitel - Angola',null,null,null,#CURRENT_TIMESTAMP#,0);
Insert into MOB_NETWORK_PROVIDERS (ID_NETWORK_PROVIDER,STR_NETWORK_PROVIDER,ID_COUNTRY,ID_SMSC,ID_LOCAL_NETWORK_CODE,DAT_CREATION,ID_CUSTOMER_CREATION) VALUES (63301,'Cable & Wireless Seychelles - Seychelles',null,null,null,#CURRENT_TIMESTAMP#,0);
Insert into MOB_NETWORK_PROVIDERS (ID_NETWORK_PROVIDER,STR_NETWORK_PROVIDER,ID_COUNTRY,ID_SMSC,ID_LOCAL_NETWORK_CODE,DAT_CREATION,ID_CUSTOMER_CREATION) VALUES (63310,'AIRTEL - Seychelles',null,null,null,#CURRENT_TIMESTAMP#,0);
Insert into MOB_NETWORK_PROVIDERS (ID_NETWORK_PROVIDER,STR_NETWORK_PROVIDER,ID_COUNTRY,ID_SMSC,ID_LOCAL_NETWORK_CODE,DAT_CREATION,ID_CUSTOMER_CREATION) VALUES (63401,'MobiTel - Sudan',null,null,null,#CURRENT_TIMESTAMP#,0);
Insert into MOB_NETWORK_PROVIDERS (ID_NETWORK_PROVIDER,STR_NETWORK_PROVIDER,ID_COUNTRY,ID_SMSC,ID_LOCAL_NETWORK_CODE,DAT_CREATION,ID_CUSTOMER_CREATION) VALUES (63510,'MTN Rwandacell - Rwanda',null,null,null,#CURRENT_TIMESTAMP#,0);
Insert into MOB_NETWORK_PROVIDERS (ID_NETWORK_PROVIDER,STR_NETWORK_PROVIDER,ID_COUNTRY,ID_SMSC,ID_LOCAL_NETWORK_CODE,DAT_CREATION,ID_CUSTOMER_CREATION) VALUES (63601,'Ethiopian Telecoms Auth. - Ethiopia',null,null,null,#CURRENT_TIMESTAMP#,0);
Insert into MOB_NETWORK_PROVIDERS (ID_NETWORK_PROVIDER,STR_NETWORK_PROVIDER,ID_COUNTRY,ID_SMSC,ID_LOCAL_NETWORK_CODE,DAT_CREATION,ID_CUSTOMER_CREATION) VALUES (63701,'BARAKAAT - Somalia',null,null,null,#CURRENT_TIMESTAMP#,0);
Insert into MOB_NETWORK_PROVIDERS (ID_NETWORK_PROVIDER,STR_NETWORK_PROVIDER,ID_COUNTRY,ID_SMSC,ID_LOCAL_NETWORK_CODE,DAT_CREATION,ID_CUSTOMER_CREATION) VALUES (63710,'Nationlink - Somalia',null,null,null,#CURRENT_TIMESTAMP#,0);
Insert into MOB_NETWORK_PROVIDERS (ID_NETWORK_PROVIDER,STR_NETWORK_PROVIDER,ID_COUNTRY,ID_SMSC,ID_LOCAL_NETWORK_CODE,DAT_CREATION,ID_CUSTOMER_CREATION) VALUES (63782,'Telsom Mobile - Somalia',null,null,null,#CURRENT_TIMESTAMP#,0);
Insert into MOB_NETWORK_PROVIDERS (ID_NETWORK_PROVIDER,STR_NETWORK_PROVIDER,ID_COUNTRY,ID_SMSC,ID_LOCAL_NETWORK_CODE,DAT_CREATION,ID_CUSTOMER_CREATION) VALUES (63902,'Safaricom - Kenya',null,null,null,#CURRENT_TIMESTAMP#,0);
Insert into MOB_NETWORK_PROVIDERS (ID_NETWORK_PROVIDER,STR_NETWORK_PROVIDER,ID_COUNTRY,ID_SMSC,ID_LOCAL_NETWORK_CODE,DAT_CREATION,ID_CUSTOMER_CREATION) VALUES (63903,'Kencell - Kenya',null,null,null,#CURRENT_TIMESTAMP#,0);
Insert into MOB_NETWORK_PROVIDERS (ID_NETWORK_PROVIDER,STR_NETWORK_PROVIDER,ID_COUNTRY,ID_SMSC,ID_LOCAL_NETWORK_CODE,DAT_CREATION,ID_CUSTOMER_CREATION) VALUES (64001,'Tritel - Tanzania',null,null,null,#CURRENT_TIMESTAMP#,0);
Insert into MOB_NETWORK_PROVIDERS (ID_NETWORK_PROVIDER,STR_NETWORK_PROVIDER,ID_COUNTRY,ID_SMSC,ID_LOCAL_NETWORK_CODE,DAT_CREATION,ID_CUSTOMER_CREATION) VALUES (64002,'Mobitel - Tanzania',null,null,null,#CURRENT_TIMESTAMP#,0);
Insert into MOB_NETWORK_PROVIDERS (ID_NETWORK_PROVIDER,STR_NETWORK_PROVIDER,ID_COUNTRY,ID_SMSC,ID_LOCAL_NETWORK_CODE,DAT_CREATION,ID_CUSTOMER_CREATION) VALUES (64003,'ZANTEL - Tanzania',null,null,null,#CURRENT_TIMESTAMP#,0);
Insert into MOB_NETWORK_PROVIDERS (ID_NETWORK_PROVIDER,STR_NETWORK_PROVIDER,ID_COUNTRY,ID_SMSC,ID_LOCAL_NETWORK_CODE,DAT_CREATION,ID_CUSTOMER_CREATION) VALUES (64004,'Vodacom Tanzania - Tanzania',null,null,null,#CURRENT_TIMESTAMP#,0);
Insert into MOB_NETWORK_PROVIDERS (ID_NETWORK_PROVIDER,STR_NETWORK_PROVIDER,ID_COUNTRY,ID_SMSC,ID_LOCAL_NETWORK_CODE,DAT_CREATION,ID_CUSTOMER_CREATION) VALUES (64005,'Celtel Tanzania - Tanzania',null,null,null,#CURRENT_TIMESTAMP#,0);
Insert into MOB_NETWORK_PROVIDERS (ID_NETWORK_PROVIDER,STR_NETWORK_PROVIDER,ID_COUNTRY,ID_SMSC,ID_LOCAL_NETWORK_CODE,DAT_CREATION,ID_CUSTOMER_CREATION) VALUES (64101,'Celtel Cellular - Uganda',null,null,null,#CURRENT_TIMESTAMP#,0);
Insert into MOB_NETWORK_PROVIDERS (ID_NETWORK_PROVIDER,STR_NETWORK_PROVIDER,ID_COUNTRY,ID_SMSC,ID_LOCAL_NETWORK_CODE,DAT_CREATION,ID_CUSTOMER_CREATION) VALUES (64110,'MTN Uganda - Uganda',null,null,null,#CURRENT_TIMESTAMP#,0);
Insert into MOB_NETWORK_PROVIDERS (ID_NETWORK_PROVIDER,STR_NETWORK_PROVIDER,ID_COUNTRY,ID_SMSC,ID_LOCAL_NETWORK_CODE,DAT_CREATION,ID_CUSTOMER_CREATION) VALUES (64111,'UTL Telecel - Uganda',null,null,null,#CURRENT_TIMESTAMP#,0);
Insert into MOB_NETWORK_PROVIDERS (ID_NETWORK_PROVIDER,STR_NETWORK_PROVIDER,ID_COUNTRY,ID_SMSC,ID_LOCAL_NETWORK_CODE,DAT_CREATION,ID_CUSTOMER_CREATION) VALUES (64201,'Spacetel Burundi - Burndi',null,null,null,#CURRENT_TIMESTAMP#,0);
Insert into MOB_NETWORK_PROVIDERS (ID_NETWORK_PROVIDER,STR_NETWORK_PROVIDER,ID_COUNTRY,ID_SMSC,ID_LOCAL_NETWORK_CODE,DAT_CREATION,ID_CUSTOMER_CREATION) VALUES (64202,'SAFARIS Africell PLC - Burundi',null,null,null,#CURRENT_TIMESTAMP#,0);
Insert into MOB_NETWORK_PROVIDERS (ID_NETWORK_PROVIDER,STR_NETWORK_PROVIDER,ID_COUNTRY,ID_SMSC,ID_LOCAL_NETWORK_CODE,DAT_CREATION,ID_CUSTOMER_CREATION) VALUES (64301,'T D M Mcel - Mozambique',null,null,null,#CURRENT_TIMESTAMP#,0);
Insert into MOB_NETWORK_PROVIDERS (ID_NETWORK_PROVIDER,STR_NETWORK_PROVIDER,ID_COUNTRY,ID_SMSC,ID_LOCAL_NETWORK_CODE,DAT_CREATION,ID_CUSTOMER_CREATION) VALUES (64501,'CELTEL - Zambia',null,null,null,#CURRENT_TIMESTAMP#,0);
Insert into MOB_NETWORK_PROVIDERS (ID_NETWORK_PROVIDER,STR_NETWORK_PROVIDER,ID_COUNTRY,ID_SMSC,ID_LOCAL_NETWORK_CODE,DAT_CREATION,ID_CUSTOMER_CREATION) VALUES (64502,'Telecel Zambia Ltd - Zambia',null,null,null,#CURRENT_TIMESTAMP#,0);
Insert into MOB_NETWORK_PROVIDERS (ID_NETWORK_PROVIDER,STR_NETWORK_PROVIDER,ID_COUNTRY,ID_SMSC,ID_LOCAL_NETWORK_CODE,DAT_CREATION,ID_CUSTOMER_CREATION) VALUES (64601,'Madacom - Madagascar',null,null,null,#CURRENT_TIMESTAMP#,0);
Insert into MOB_NETWORK_PROVIDERS (ID_NETWORK_PROVIDER,STR_NETWORK_PROVIDER,ID_COUNTRY,ID_SMSC,ID_LOCAL_NETWORK_CODE,DAT_CREATION,ID_CUSTOMER_CREATION) VALUES (64602,'SMM Antaris - Madagascar',null,null,null,#CURRENT_TIMESTAMP#,0);
Insert into MOB_NETWORK_PROVIDERS (ID_NETWORK_PROVIDER,STR_NETWORK_PROVIDER,ID_COUNTRY,ID_SMSC,ID_LOCAL_NETWORK_CODE,DAT_CREATION,ID_CUSTOMER_CREATION) VALUES (64603,'Sacel - Madagascar',null,null,null,#CURRENT_TIMESTAMP#,0);
Insert into MOB_NETWORK_PROVIDERS (ID_NETWORK_PROVIDER,STR_NETWORK_PROVIDER,ID_COUNTRY,ID_SMSC,ID_LOCAL_NETWORK_CODE,DAT_CREATION,ID_CUSTOMER_CREATION) VALUES (64700,'Orange Reunion - Reunion(LA)',null,null,null,#CURRENT_TIMESTAMP#,0);
Insert into MOB_NETWORK_PROVIDERS (ID_NETWORK_PROVIDER,STR_NETWORK_PROVIDER,ID_COUNTRY,ID_SMSC,ID_LOCAL_NETWORK_CODE,DAT_CREATION,ID_CUSTOMER_CREATION) VALUES (64702,'Outremer Telecom - Reunion (LA)',null,null,null,#CURRENT_TIMESTAMP#,0);
Insert into MOB_NETWORK_PROVIDERS (ID_NETWORK_PROVIDER,STR_NETWORK_PROVIDER,ID_COUNTRY,ID_SMSC,ID_LOCAL_NETWORK_CODE,DAT_CREATION,ID_CUSTOMER_CREATION) VALUES (64710,'Societe Reunionnaise SFR REUNION - Reunion',null,null,null,#CURRENT_TIMESTAMP#,0);
Insert into MOB_NETWORK_PROVIDERS (ID_NETWORK_PROVIDER,STR_NETWORK_PROVIDER,ID_COUNTRY,ID_SMSC,ID_LOCAL_NETWORK_CODE,DAT_CREATION,ID_CUSTOMER_CREATION) VALUES (64801,'NET*ONE - Zimbabwe',null,null,null,#CURRENT_TIMESTAMP#,0);
Insert into MOB_NETWORK_PROVIDERS (ID_NETWORK_PROVIDER,STR_NETWORK_PROVIDER,ID_COUNTRY,ID_SMSC,ID_LOCAL_NETWORK_CODE,DAT_CREATION,ID_CUSTOMER_CREATION) VALUES (64803,'Telecel - Zimbabwe ',null,null,null,#CURRENT_TIMESTAMP#,0);
Insert into MOB_NETWORK_PROVIDERS (ID_NETWORK_PROVIDER,STR_NETWORK_PROVIDER,ID_COUNTRY,ID_SMSC,ID_LOCAL_NETWORK_CODE,DAT_CREATION,ID_CUSTOMER_CREATION) VALUES (64804,'Econet - Zombabwe',null,null,null,#CURRENT_TIMESTAMP#,0);
Insert into MOB_NETWORK_PROVIDERS (ID_NETWORK_PROVIDER,STR_NETWORK_PROVIDER,ID_COUNTRY,ID_SMSC,ID_LOCAL_NETWORK_CODE,DAT_CREATION,ID_CUSTOMER_CREATION) VALUES (64901,'MTC - Namibia',null,null,null,#CURRENT_TIMESTAMP#,0);
Insert into MOB_NETWORK_PROVIDERS (ID_NETWORK_PROVIDER,STR_NETWORK_PROVIDER,ID_COUNTRY,ID_SMSC,ID_LOCAL_NETWORK_CODE,DAT_CREATION,ID_CUSTOMER_CREATION) VALUES (65001,'Telekom Network Callpoint - Malawi',null,null,null,#CURRENT_TIMESTAMP#,0);
Insert into MOB_NETWORK_PROVIDERS (ID_NETWORK_PROVIDER,STR_NETWORK_PROVIDER,ID_COUNTRY,ID_SMSC,ID_LOCAL_NETWORK_CODE,DAT_CREATION,ID_CUSTOMER_CREATION) VALUES (65010,'CelTel - Malawi',null,null,null,#CURRENT_TIMESTAMP#,0);
Insert into MOB_NETWORK_PROVIDERS (ID_NETWORK_PROVIDER,STR_NETWORK_PROVIDER,ID_COUNTRY,ID_SMSC,ID_LOCAL_NETWORK_CODE,DAT_CREATION,ID_CUSTOMER_CREATION) VALUES (65101,'Vodacom - Lesotho',null,null,null,#CURRENT_TIMESTAMP#,0);
Insert into MOB_NETWORK_PROVIDERS (ID_NETWORK_PROVIDER,STR_NETWORK_PROVIDER,ID_COUNTRY,ID_SMSC,ID_LOCAL_NETWORK_CODE,DAT_CREATION,ID_CUSTOMER_CREATION) VALUES (65102,'Econet Ezi-Cel - Lesotho',null,null,null,#CURRENT_TIMESTAMP#,0);
Insert into MOB_NETWORK_PROVIDERS (ID_NETWORK_PROVIDER,STR_NETWORK_PROVIDER,ID_COUNTRY,ID_SMSC,ID_LOCAL_NETWORK_CODE,DAT_CREATION,ID_CUSTOMER_CREATION) VALUES (65201,'Mascom Wireless - Botswana',null,null,null,#CURRENT_TIMESTAMP#,0);
Insert into MOB_NETWORK_PROVIDERS (ID_NETWORK_PROVIDER,STR_NETWORK_PROVIDER,ID_COUNTRY,ID_SMSC,ID_LOCAL_NETWORK_CODE,DAT_CREATION,ID_CUSTOMER_CREATION) VALUES (65202,'Orange - Botswana',null,null,null,#CURRENT_TIMESTAMP#,0);
Insert into MOB_NETWORK_PROVIDERS (ID_NETWORK_PROVIDER,STR_NETWORK_PROVIDER,ID_COUNTRY,ID_SMSC,ID_LOCAL_NETWORK_CODE,DAT_CREATION,ID_CUSTOMER_CREATION) VALUES (65310,'Swazi MTN - Swaziland',null,null,null,#CURRENT_TIMESTAMP#,0);
Insert into MOB_NETWORK_PROVIDERS (ID_NETWORK_PROVIDER,STR_NETWORK_PROVIDER,ID_COUNTRY,ID_SMSC,ID_LOCAL_NETWORK_CODE,DAT_CREATION,ID_CUSTOMER_CREATION) VALUES (65501,'Vodacom - South Africa',null,null,null,#CURRENT_TIMESTAMP#,0);
Insert into MOB_NETWORK_PROVIDERS (ID_NETWORK_PROVIDER,STR_NETWORK_PROVIDER,ID_COUNTRY,ID_SMSC,ID_LOCAL_NETWORK_CODE,DAT_CREATION,ID_CUSTOMER_CREATION) VALUES (65507,'Cell C (Pty) - South Africa',null,null,null,#CURRENT_TIMESTAMP#,0);
Insert into MOB_NETWORK_PROVIDERS (ID_NETWORK_PROVIDER,STR_NETWORK_PROVIDER,ID_COUNTRY,ID_SMSC,ID_LOCAL_NETWORK_CODE,DAT_CREATION,ID_CUSTOMER_CREATION) VALUES (65510,'MTN - South Africa',null,null,null,#CURRENT_TIMESTAMP#,0);
Insert into MOB_NETWORK_PROVIDERS (ID_NETWORK_PROVIDER,STR_NETWORK_PROVIDER,ID_COUNTRY,ID_SMSC,ID_LOCAL_NETWORK_CODE,DAT_CREATION,ID_CUSTOMER_CREATION) VALUES (70267,'Belize Telecom - Belize',null,null,null,#CURRENT_TIMESTAMP#,0);
Insert into MOB_NETWORK_PROVIDERS (ID_NETWORK_PROVIDER,STR_NETWORK_PROVIDER,ID_COUNTRY,ID_SMSC,ID_LOCAL_NETWORK_CODE,DAT_CREATION,ID_CUSTOMER_CREATION) VALUES (70268,'Int Telecom INTELCO - Belize',null,null,null,#CURRENT_TIMESTAMP#,0);
Insert into MOB_NETWORK_PROVIDERS (ID_NETWORK_PROVIDER,STR_NETWORK_PROVIDER,ID_COUNTRY,ID_SMSC,ID_LOCAL_NETWORK_CODE,DAT_CREATION,ID_CUSTOMER_CREATION) VALUES (70601,'CTE Telecom - El Salvador',null,null,null,#CURRENT_TIMESTAMP#,0);
Insert into MOB_NETWORK_PROVIDERS (ID_NETWORK_PROVIDER,STR_NETWORK_PROVIDER,ID_COUNTRY,ID_SMSC,ID_LOCAL_NETWORK_CODE,DAT_CREATION,ID_CUSTOMER_CREATION) VALUES (71021,'ENITEL - Nicaragua',null,null,null,#CURRENT_TIMESTAMP#,0);
Insert into MOB_NETWORK_PROVIDERS (ID_NETWORK_PROVIDER,STR_NETWORK_PROVIDER,ID_COUNTRY,ID_SMSC,ID_LOCAL_NETWORK_CODE,DAT_CREATION,ID_CUSTOMER_CREATION) VALUES (71073,'SERCOM SA - Nicaragua',null,null,null,#CURRENT_TIMESTAMP#,0);
Insert into MOB_NETWORK_PROVIDERS (ID_NETWORK_PROVIDER,STR_NETWORK_PROVIDER,ID_COUNTRY,ID_SMSC,ID_LOCAL_NETWORK_CODE,DAT_CREATION,ID_CUSTOMER_CREATION) VALUES (71201,'ICE - Costa Rica',null,null,null,#CURRENT_TIMESTAMP#,0);
Insert into MOB_NETWORK_PROVIDERS (ID_NETWORK_PROVIDER,STR_NETWORK_PROVIDER,ID_COUNTRY,ID_SMSC,ID_LOCAL_NETWORK_CODE,DAT_CREATION,ID_CUSTOMER_CREATION) VALUES (71401,'Cable & Wireless - Panama',null,null,null,#CURRENT_TIMESTAMP#,0);
Insert into MOB_NETWORK_PROVIDERS (ID_NETWORK_PROVIDER,STR_NETWORK_PROVIDER,ID_COUNTRY,ID_SMSC,ID_LOCAL_NETWORK_CODE,DAT_CREATION,ID_CUSTOMER_CREATION) VALUES (71610,'TIM Peru - Peru',null,null,null,#CURRENT_TIMESTAMP#,0);
Insert into MOB_NETWORK_PROVIDERS (ID_NETWORK_PROVIDER,STR_NETWORK_PROVIDER,ID_COUNTRY,ID_SMSC,ID_LOCAL_NETWORK_CODE,DAT_CREATION,ID_CUSTOMER_CREATION) VALUES (72207,'UNIFON - Argentina',null,null,null,#CURRENT_TIMESTAMP#,0);
Insert into MOB_NETWORK_PROVIDERS (ID_NETWORK_PROVIDER,STR_NETWORK_PROVIDER,ID_COUNTRY,ID_SMSC,ID_LOCAL_NETWORK_CODE,DAT_CREATION,ID_CUSTOMER_CREATION) VALUES (72234,'Telecom Personal SA - Argentina',null,null,null,#CURRENT_TIMESTAMP#,0);
Insert into MOB_NETWORK_PROVIDERS (ID_NETWORK_PROVIDER,STR_NETWORK_PROVIDER,ID_COUNTRY,ID_SMSC,ID_LOCAL_NETWORK_CODE,DAT_CREATION,ID_CUSTOMER_CREATION) VALUES (72235,'PORT HABLE - Argentina',null,null,null,#CURRENT_TIMESTAMP#,0);
Insert into MOB_NETWORK_PROVIDERS (ID_NETWORK_PROVIDER,STR_NETWORK_PROVIDER,ID_COUNTRY,ID_SMSC,ID_LOCAL_NETWORK_CODE,DAT_CREATION,ID_CUSTOMER_CREATION) VALUES (72402,'TIM Celular - Brazil',null,null,null,#CURRENT_TIMESTAMP#,0);
Insert into MOB_NETWORK_PROVIDERS (ID_NETWORK_PROVIDER,STR_NETWORK_PROVIDER,ID_COUNTRY,ID_SMSC,ID_LOCAL_NETWORK_CODE,DAT_CREATION,ID_CUSTOMER_CREATION) VALUES (72403,'TIM Celular - Brazil',null,null,null,#CURRENT_TIMESTAMP#,0);
Insert into MOB_NETWORK_PROVIDERS (ID_NETWORK_PROVIDER,STR_NETWORK_PROVIDER,ID_COUNTRY,ID_SMSC,ID_LOCAL_NETWORK_CODE,DAT_CREATION,ID_CUSTOMER_CREATION) VALUES (72404,'TIM Celular - Brazil',null,null,null,#CURRENT_TIMESTAMP#,0);
Insert into MOB_NETWORK_PROVIDERS (ID_NETWORK_PROVIDER,STR_NETWORK_PROVIDER,ID_COUNTRY,ID_SMSC,ID_LOCAL_NETWORK_CODE,DAT_CREATION,ID_CUSTOMER_CREATION) VALUES (72431,'TNL PCS - Brazil',null,null,null,#CURRENT_TIMESTAMP#,0);
Insert into MOB_NETWORK_PROVIDERS (ID_NETWORK_PROVIDER,STR_NETWORK_PROVIDER,ID_COUNTRY,ID_SMSC,ID_LOCAL_NETWORK_CODE,DAT_CREATION,ID_CUSTOMER_CREATION) VALUES (73001,'Entel Telefonia Movil - Chile',null,null,null,#CURRENT_TIMESTAMP#,0);
Insert into MOB_NETWORK_PROVIDERS (ID_NETWORK_PROVIDER,STR_NETWORK_PROVIDER,ID_COUNTRY,ID_SMSC,ID_LOCAL_NETWORK_CODE,DAT_CREATION,ID_CUSTOMER_CREATION) VALUES (73002,'Telefonica Movil de Chile - Chile',null,null,null,#CURRENT_TIMESTAMP#,0);
Insert into MOB_NETWORK_PROVIDERS (ID_NETWORK_PROVIDER,STR_NETWORK_PROVIDER,ID_COUNTRY,ID_SMSC,ID_LOCAL_NETWORK_CODE,DAT_CREATION,ID_CUSTOMER_CREATION) VALUES (73010,'Entel PCS Telecom. - Chile',null,null,null,#CURRENT_TIMESTAMP#,0);
Insert into MOB_NETWORK_PROVIDERS (ID_NETWORK_PROVIDER,STR_NETWORK_PROVIDER,ID_COUNTRY,ID_SMSC,ID_LOCAL_NETWORK_CODE,DAT_CREATION,ID_CUSTOMER_CREATION) VALUES (732103,'Colombia Movil SA - Colombia',null,null,null,#CURRENT_TIMESTAMP#,0);
Insert into MOB_NETWORK_PROVIDERS (ID_NETWORK_PROVIDER,STR_NETWORK_PROVIDER,ID_COUNTRY,ID_SMSC,ID_LOCAL_NETWORK_CODE,DAT_CREATION,ID_CUSTOMER_CREATION) VALUES (73401,'Infonet - Venezuela',null,null,null,#CURRENT_TIMESTAMP#,0);
Insert into MOB_NETWORK_PROVIDERS (ID_NETWORK_PROVIDER,STR_NETWORK_PROVIDER,ID_COUNTRY,ID_SMSC,ID_LOCAL_NETWORK_CODE,DAT_CREATION,ID_CUSTOMER_CREATION) VALUES (73402,'DIGITEL - Venezuela',null,null,null,#CURRENT_TIMESTAMP#,0);
Insert into MOB_NETWORK_PROVIDERS (ID_NETWORK_PROVIDER,STR_NETWORK_PROVIDER,ID_COUNTRY,ID_SMSC,ID_LOCAL_NETWORK_CODE,DAT_CREATION,ID_CUSTOMER_CREATION) VALUES (73403,'DIGITEL C.A. - Venezuela',null,null,null,#CURRENT_TIMESTAMP#,0);
Insert into MOB_NETWORK_PROVIDERS (ID_NETWORK_PROVIDER,STR_NETWORK_PROVIDER,ID_COUNTRY,ID_SMSC,ID_LOCAL_NETWORK_CODE,DAT_CREATION,ID_CUSTOMER_CREATION) VALUES (73601,'Nuevatel PCS - Bolivia',null,null,null,#CURRENT_TIMESTAMP#,0);
Insert into MOB_NETWORK_PROVIDERS (ID_NETWORK_PROVIDER,STR_NETWORK_PROVIDER,ID_COUNTRY,ID_SMSC,ID_LOCAL_NETWORK_CODE,DAT_CREATION,ID_CUSTOMER_CREATION) VALUES (73602,'Entel SA - Bolivia',null,null,null,#CURRENT_TIMESTAMP#,0);
Insert into MOB_NETWORK_PROVIDERS (ID_NETWORK_PROVIDER,STR_NETWORK_PROVIDER,ID_COUNTRY,ID_SMSC,ID_LOCAL_NETWORK_CODE,DAT_CREATION,ID_CUSTOMER_CREATION) VALUES (74001,'Conecel - Equador',null,null,null,#CURRENT_TIMESTAMP#,0);
Insert into MOB_NETWORK_PROVIDERS (ID_NETWORK_PROVIDER,STR_NETWORK_PROVIDER,ID_COUNTRY,ID_SMSC,ID_LOCAL_NETWORK_CODE,DAT_CREATION,ID_CUSTOMER_CREATION) VALUES (74401,'VOX - Paraguay',null,null,null,#CURRENT_TIMESTAMP#,0);
Insert into MOB_NETWORK_PROVIDERS (ID_NETWORK_PROVIDER,STR_NETWORK_PROVIDER,ID_COUNTRY,ID_SMSC,ID_LOCAL_NETWORK_CODE,DAT_CREATION,ID_CUSTOMER_CREATION) VALUES (74402,'Hutchinson - Paraguay',null,null,null,#CURRENT_TIMESTAMP#,0);
Insert into MOB_NETWORK_PROVIDERS (ID_NETWORK_PROVIDER,STR_NETWORK_PROVIDER,ID_COUNTRY,ID_SMSC,ID_LOCAL_NETWORK_CODE,DAT_CREATION,ID_CUSTOMER_CREATION) VALUES (74601,'ICMS - Suriname',null,null,null,#CURRENT_TIMESTAMP#,0);
Insert into MOB_NETWORK_PROVIDERS (ID_NETWORK_PROVIDER,STR_NETWORK_PROVIDER,ID_COUNTRY,ID_SMSC,ID_LOCAL_NETWORK_CODE,DAT_CREATION,ID_CUSTOMER_CREATION) VALUES (74602,'TELESUR GSM - Suriname',null,null,null,#CURRENT_TIMESTAMP#,0);
Insert into MOB_NETWORK_PROVIDERS (ID_NETWORK_PROVIDER,STR_NETWORK_PROVIDER,ID_COUNTRY,ID_SMSC,ID_LOCAL_NETWORK_CODE,DAT_CREATION,ID_CUSTOMER_CREATION) VALUES (40464,'CellOne - India',null,null,null,#CURRENT_TIMESTAMP#,0);
Insert into MOB_NETWORK_PROVIDERS (ID_NETWORK_PROVIDER,STR_NETWORK_PROVIDER,ID_COUNTRY,ID_SMSC,ID_LOCAL_NETWORK_CODE,DAT_CREATION,ID_CUSTOMER_CREATION) VALUES (40466,'CellOne - India',null,null,null,#CURRENT_TIMESTAMP#,0);
Insert into MOB_NETWORK_PROVIDERS (ID_NETWORK_PROVIDER,STR_NETWORK_PROVIDER,ID_COUNTRY,ID_SMSC,ID_LOCAL_NETWORK_CODE,DAT_CREATION,ID_CUSTOMER_CREATION) VALUES (40468,'Mahanagar Telephone Nigam Ltd Delhi - India',null,null,null,#CURRENT_TIMESTAMP#,0);
Insert into MOB_NETWORK_PROVIDERS (ID_NETWORK_PROVIDER,STR_NETWORK_PROVIDER,ID_COUNTRY,ID_SMSC,ID_LOCAL_NETWORK_CODE,DAT_CREATION,ID_CUSTOMER_CREATION) VALUES (40469,'Mahanagar Telephone Nigam Ltd Mumbai - India',null,null,null,#CURRENT_TIMESTAMP#,0);
Insert into MOB_NETWORK_PROVIDERS (ID_NETWORK_PROVIDER,STR_NETWORK_PROVIDER,ID_COUNTRY,ID_SMSC,ID_LOCAL_NETWORK_CODE,DAT_CREATION,ID_CUSTOMER_CREATION) VALUES (40470,'Oasis Cellular - India',null,null,null,#CURRENT_TIMESTAMP#,0);
Insert into MOB_NETWORK_PROVIDERS (ID_NETWORK_PROVIDER,STR_NETWORK_PROVIDER,ID_COUNTRY,ID_SMSC,ID_LOCAL_NETWORK_CODE,DAT_CREATION,ID_CUSTOMER_CREATION) VALUES (40471,'CellOne - India',null,null,null,#CURRENT_TIMESTAMP#,0);
Insert into MOB_NETWORK_PROVIDERS (ID_NETWORK_PROVIDER,STR_NETWORK_PROVIDER,ID_COUNTRY,ID_SMSC,ID_LOCAL_NETWORK_CODE,DAT_CREATION,ID_CUSTOMER_CREATION) VALUES (40472,'CellOne - India',null,null,null,#CURRENT_TIMESTAMP#,0);
Insert into MOB_NETWORK_PROVIDERS (ID_NETWORK_PROVIDER,STR_NETWORK_PROVIDER,ID_COUNTRY,ID_SMSC,ID_LOCAL_NETWORK_CODE,DAT_CREATION,ID_CUSTOMER_CREATION) VALUES (40473,'CellOne - India',null,null,null,#CURRENT_TIMESTAMP#,0);
Insert into MOB_NETWORK_PROVIDERS (ID_NETWORK_PROVIDER,STR_NETWORK_PROVIDER,ID_COUNTRY,ID_SMSC,ID_LOCAL_NETWORK_CODE,DAT_CREATION,ID_CUSTOMER_CREATION) VALUES (40474,'CellOne - India',null,null,null,#CURRENT_TIMESTAMP#,0);
Insert into MOB_NETWORK_PROVIDERS (ID_NETWORK_PROVIDER,STR_NETWORK_PROVIDER,ID_COUNTRY,ID_SMSC,ID_LOCAL_NETWORK_CODE,DAT_CREATION,ID_CUSTOMER_CREATION) VALUES (40475,'CellOne - India',null,null,null,#CURRENT_TIMESTAMP#,0);
Insert into MOB_NETWORK_PROVIDERS (ID_NETWORK_PROVIDER,STR_NETWORK_PROVIDER,ID_COUNTRY,ID_SMSC,ID_LOCAL_NETWORK_CODE,DAT_CREATION,ID_CUSTOMER_CREATION) VALUES (40476,'CellOne - India',null,null,null,#CURRENT_TIMESTAMP#,0);
Insert into MOB_NETWORK_PROVIDERS (ID_NETWORK_PROVIDER,STR_NETWORK_PROVIDER,ID_COUNTRY,ID_SMSC,ID_LOCAL_NETWORK_CODE,DAT_CREATION,ID_CUSTOMER_CREATION) VALUES (40477,'CellOne - India',null,null,null,#CURRENT_TIMESTAMP#,0);
Insert into MOB_NETWORK_PROVIDERS (ID_NETWORK_PROVIDER,STR_NETWORK_PROVIDER,ID_COUNTRY,ID_SMSC,ID_LOCAL_NETWORK_CODE,DAT_CREATION,ID_CUSTOMER_CREATION) VALUES (40478,'IDEA - Madhya Pradesh - India',null,null,null,#CURRENT_TIMESTAMP#,0);
Insert into MOB_NETWORK_PROVIDERS (ID_NETWORK_PROVIDER,STR_NETWORK_PROVIDER,ID_COUNTRY,ID_SMSC,ID_LOCAL_NETWORK_CODE,DAT_CREATION,ID_CUSTOMER_CREATION) VALUES (40479,'CellOne - India',null,null,null,#CURRENT_TIMESTAMP#,0);
Insert into MOB_NETWORK_PROVIDERS (ID_NETWORK_PROVIDER,STR_NETWORK_PROVIDER,ID_COUNTRY,ID_SMSC,ID_LOCAL_NETWORK_CODE,DAT_CREATION,ID_CUSTOMER_CREATION) VALUES (40480,'CellOne - India',null,null,null,#CURRENT_TIMESTAMP#,0);
Insert into MOB_NETWORK_PROVIDERS (ID_NETWORK_PROVIDER,STR_NETWORK_PROVIDER,ID_COUNTRY,ID_SMSC,ID_LOCAL_NETWORK_CODE,DAT_CREATION,ID_CUSTOMER_CREATION) VALUES (40484,'HESL - Chennai - India',null,null,null,#CURRENT_TIMESTAMP#,0);
Insert into MOB_NETWORK_PROVIDERS (ID_NETWORK_PROVIDER,STR_NETWORK_PROVIDER,ID_COUNTRY,ID_SMSC,ID_LOCAL_NETWORK_CODE,DAT_CREATION,ID_CUSTOMER_CREATION) VALUES (40486,'HESL - Karnataka - India',null,null,null,#CURRENT_TIMESTAMP#,0);
Insert into MOB_NETWORK_PROVIDERS (ID_NETWORK_PROVIDER,STR_NETWORK_PROVIDER,ID_COUNTRY,ID_SMSC,ID_LOCAL_NETWORK_CODE,DAT_CREATION,ID_CUSTOMER_CREATION) VALUES (40490,'AirTel - Maharashtra - India',null,null,null,#CURRENT_TIMESTAMP#,0);
Insert into MOB_NETWORK_PROVIDERS (ID_NETWORK_PROVIDER,STR_NETWORK_PROVIDER,ID_COUNTRY,ID_SMSC,ID_LOCAL_NETWORK_CODE,DAT_CREATION,ID_CUSTOMER_CREATION) VALUES (40492,'AirTel - Mumbai Metro - India',null,null,null,#CURRENT_TIMESTAMP#,0);
Insert into MOB_NETWORK_PROVIDERS (ID_NETWORK_PROVIDER,STR_NETWORK_PROVIDER,ID_COUNTRY,ID_SMSC,ID_LOCAL_NETWORK_CODE,DAT_CREATION,ID_CUSTOMER_CREATION) VALUES (40493,'AirTel - Madhya Pradesh - India',null,null,null,#CURRENT_TIMESTAMP#,0);
Insert into MOB_NETWORK_PROVIDERS (ID_NETWORK_PROVIDER,STR_NETWORK_PROVIDER,ID_COUNTRY,ID_SMSC,ID_LOCAL_NETWORK_CODE,DAT_CREATION,ID_CUSTOMER_CREATION) VALUES (40494,'AirTel - Tamilnadu - India',null,null,null,#CURRENT_TIMESTAMP#,0);
Insert into MOB_NETWORK_PROVIDERS (ID_NETWORK_PROVIDER,STR_NETWORK_PROVIDER,ID_COUNTRY,ID_SMSC,ID_LOCAL_NETWORK_CODE,DAT_CREATION,ID_CUSTOMER_CREATION) VALUES (40495,'AirTel - Kerala - India',null,null,null,#CURRENT_TIMESTAMP#,0);
Insert into MOB_NETWORK_PROVIDERS (ID_NETWORK_PROVIDER,STR_NETWORK_PROVIDER,ID_COUNTRY,ID_SMSC,ID_LOCAL_NETWORK_CODE,DAT_CREATION,ID_CUSTOMER_CREATION) VALUES (40496,'AirTel - Haryana - India',null,null,null,#CURRENT_TIMESTAMP#,0);
Insert into MOB_NETWORK_PROVIDERS (ID_NETWORK_PROVIDER,STR_NETWORK_PROVIDER,ID_COUNTRY,ID_SMSC,ID_LOCAL_NETWORK_CODE,DAT_CREATION,ID_CUSTOMER_CREATION) VALUES (40497,'AirTel - Uttar Pradesh (West) - India',null,null,null,#CURRENT_TIMESTAMP#,0);
Insert into MOB_NETWORK_PROVIDERS (ID_NETWORK_PROVIDER,STR_NETWORK_PROVIDER,ID_COUNTRY,ID_SMSC,ID_LOCAL_NETWORK_CODE,DAT_CREATION,ID_CUSTOMER_CREATION) VALUES (40498,'AirTel - Gujarat - India',null,null,null,#CURRENT_TIMESTAMP#,0);
Insert into MOB_NETWORK_PROVIDERS (ID_NETWORK_PROVIDER,STR_NETWORK_PROVIDER,ID_COUNTRY,ID_SMSC,ID_LOCAL_NETWORK_CODE,DAT_CREATION,ID_CUSTOMER_CREATION) VALUES (41001,'Mobilink - Pakistan',null,null,null,#CURRENT_TIMESTAMP#,0);
Insert into MOB_NETWORK_PROVIDERS (ID_NETWORK_PROVIDER,STR_NETWORK_PROVIDER,ID_COUNTRY,ID_SMSC,ID_LOCAL_NETWORK_CODE,DAT_CREATION,ID_CUSTOMER_CREATION) VALUES (41003,'Ufone - Pakistan',null,null,null,#CURRENT_TIMESTAMP#,0);
Insert into MOB_NETWORK_PROVIDERS (ID_NETWORK_PROVIDER,STR_NETWORK_PROVIDER,ID_COUNTRY,ID_SMSC,ID_LOCAL_NETWORK_CODE,DAT_CREATION,ID_CUSTOMER_CREATION) VALUES (411701,'SYRIATEL - Syria',null,null,null,#CURRENT_TIMESTAMP#,0);
Insert into MOB_NETWORK_PROVIDERS (ID_NETWORK_PROVIDER,STR_NETWORK_PROVIDER,ID_COUNTRY,ID_SMSC,ID_LOCAL_NETWORK_CODE,DAT_CREATION,ID_CUSTOMER_CREATION) VALUES (41201,'Telephone Systems Int Inc - Afghanistan',null,null,null,#CURRENT_TIMESTAMP#,0);
Insert into MOB_NETWORK_PROVIDERS (ID_NETWORK_PROVIDER,STR_NETWORK_PROVIDER,ID_COUNTRY,ID_SMSC,ID_LOCAL_NETWORK_CODE,DAT_CREATION,ID_CUSTOMER_CREATION) VALUES (41220,'Telephone Development Co,Afghanistan',null,null,null,#CURRENT_TIMESTAMP#,0);
Insert into MOB_NETWORK_PROVIDERS (ID_NETWORK_PROVIDER,STR_NETWORK_PROVIDER,ID_COUNTRY,ID_SMSC,ID_LOCAL_NETWORK_CODE,DAT_CREATION,ID_CUSTOMER_CREATION) VALUES (41302,'MTN Networks Dialog GSM - Sri Lanka',null,null,null,#CURRENT_TIMESTAMP#,0);
Insert into MOB_NETWORK_PROVIDERS (ID_NETWORK_PROVIDER,STR_NETWORK_PROVIDER,ID_COUNTRY,ID_SMSC,ID_LOCAL_NETWORK_CODE,DAT_CREATION,ID_CUSTOMER_CREATION) VALUES (41303,'CellTel Infiniti - Sri Lanka',null,null,null,#CURRENT_TIMESTAMP#,0);
Insert into MOB_NETWORK_PROVIDERS (ID_NETWORK_PROVIDER,STR_NETWORK_PROVIDER,ID_COUNTRY,ID_SMSC,ID_LOCAL_NETWORK_CODE,DAT_CREATION,ID_CUSTOMER_CREATION) VALUES (413071,'Mobitel (Pvt)ltd - Sri Lanka',null,null,null,#CURRENT_TIMESTAMP#,0);
Insert into MOB_NETWORK_PROVIDERS (ID_NETWORK_PROVIDER,STR_NETWORK_PROVIDER,ID_COUNTRY,ID_SMSC,ID_LOCAL_NETWORK_CODE,DAT_CREATION,ID_CUSTOMER_CREATION) VALUES (41401,'MPT GAM Network - Myanmar',null,null,null,#CURRENT_TIMESTAMP#,0);
Insert into MOB_NETWORK_PROVIDERS (ID_NETWORK_PROVIDER,STR_NETWORK_PROVIDER,ID_COUNTRY,ID_SMSC,ID_LOCAL_NETWORK_CODE,DAT_CREATION,ID_CUSTOMER_CREATION) VALUES (41501,'FTML Cellis - Lebanon',null,null,null,#CURRENT_TIMESTAMP#,0);
Insert into MOB_NETWORK_PROVIDERS (ID_NETWORK_PROVIDER,STR_NETWORK_PROVIDER,ID_COUNTRY,ID_SMSC,ID_LOCAL_NETWORK_CODE,DAT_CREATION,ID_CUSTOMER_CREATION) VALUES (41503,'LibanCell - Lebanon',null,null,null,#CURRENT_TIMESTAMP#,0);
Insert into MOB_NETWORK_PROVIDERS (ID_NETWORK_PROVIDER,STR_NETWORK_PROVIDER,ID_COUNTRY,ID_SMSC,ID_LOCAL_NETWORK_CODE,DAT_CREATION,ID_CUSTOMER_CREATION) VALUES (41601,'J.M.T.S Fastlink - Jordan',null,null,null,#CURRENT_TIMESTAMP#,0);
Insert into MOB_NETWORK_PROVIDERS (ID_NETWORK_PROVIDER,STR_NETWORK_PROVIDER,ID_COUNTRY,ID_SMSC,ID_LOCAL_NETWORK_CODE,DAT_CREATION,ID_CUSTOMER_CREATION) VALUES (41677,'Petra Jordanian Mobile MOBILECOM - Jordan',null,null,null,#CURRENT_TIMESTAMP#,0);
Insert into MOB_NETWORK_PROVIDERS (ID_NETWORK_PROVIDER,STR_NETWORK_PROVIDER,ID_COUNTRY,ID_SMSC,ID_LOCAL_NETWORK_CODE,DAT_CREATION,ID_CUSTOMER_CREATION) VALUES (41702,'Spacetel Syria 94 - Syria',null,null,null,#CURRENT_TIMESTAMP#,0);
Insert into MOB_NETWORK_PROVIDERS (ID_NETWORK_PROVIDER,STR_NETWORK_PROVIDER,ID_COUNTRY,ID_SMSC,ID_LOCAL_NETWORK_CODE,DAT_CREATION,ID_CUSTOMER_CREATION) VALUES (41709,'Syrian Telecom Est. MOBILE SYRIA - Syria',null,null,null,#CURRENT_TIMESTAMP#,0);
Insert into MOB_NETWORK_PROVIDERS (ID_NETWORK_PROVIDER,STR_NETWORK_PROVIDER,ID_COUNTRY,ID_SMSC,ID_LOCAL_NETWORK_CODE,DAT_CREATION,ID_CUSTOMER_CREATION) VALUES (41801,'Iraq Telecom - Iraq',null,null,null,#CURRENT_TIMESTAMP#,0);
Insert into MOB_NETWORK_PROVIDERS (ID_NETWORK_PROVIDER,STR_NETWORK_PROVIDER,ID_COUNTRY,ID_SMSC,ID_LOCAL_NETWORK_CODE,DAT_CREATION,ID_CUSTOMER_CREATION) VALUES (41902,'Mobile Telecoms MTCNet - Kuwait',null,null,null,#CURRENT_TIMESTAMP#,0);
Insert into MOB_NETWORK_PROVIDERS (ID_NETWORK_PROVIDER,STR_NETWORK_PROVIDER,ID_COUNTRY,ID_SMSC,ID_LOCAL_NETWORK_CODE,DAT_CREATION,ID_CUSTOMER_CREATION) VALUES (41903,'Wataniya Telecom - Kuwait',null,null,null,#CURRENT_TIMESTAMP#,0);
Insert into MOB_NETWORK_PROVIDERS (ID_NETWORK_PROVIDER,STR_NETWORK_PROVIDER,ID_COUNTRY,ID_SMSC,ID_LOCAL_NETWORK_CODE,DAT_CREATION,ID_CUSTOMER_CREATION) VALUES (42001,'Saudi Telecom Co. Al Jawal - Saudi Arabia',null,null,null,#CURRENT_TIMESTAMP#,0);
Insert into MOB_NETWORK_PROVIDERS (ID_NETWORK_PROVIDER,STR_NETWORK_PROVIDER,ID_COUNTRY,ID_SMSC,ID_LOCAL_NETWORK_CODE,DAT_CREATION,ID_CUSTOMER_CREATION) VALUES (42101,'Yemen Mobile Phone Co SABAFON - Yemen',null,null,null,#CURRENT_TIMESTAMP#,0);
Insert into MOB_NETWORK_PROVIDERS (ID_NETWORK_PROVIDER,STR_NETWORK_PROVIDER,ID_COUNTRY,ID_SMSC,ID_LOCAL_NETWORK_CODE,DAT_CREATION,ID_CUSTOMER_CREATION) VALUES (42102,'Spacetel-Yemen - Yemen',null,null,null,#CURRENT_TIMESTAMP#,0);
Insert into MOB_NETWORK_PROVIDERS (ID_NETWORK_PROVIDER,STR_NETWORK_PROVIDER,ID_COUNTRY,ID_SMSC,ID_LOCAL_NETWORK_CODE,DAT_CREATION,ID_CUSTOMER_CREATION) VALUES (42202,'OMAN MOBILE Oman Telecoms - Oman',null,null,null,#CURRENT_TIMESTAMP#,0);
Insert into MOB_NETWORK_PROVIDERS (ID_NETWORK_PROVIDER,STR_NETWORK_PROVIDER,ID_COUNTRY,ID_SMSC,ID_LOCAL_NETWORK_CODE,DAT_CREATION,ID_CUSTOMER_CREATION) VALUES (42401,'UAE ETISALAT-G1 - United Arab Emirates',null,null,null,#CURRENT_TIMESTAMP#,0);
Insert into MOB_NETWORK_PROVIDERS (ID_NETWORK_PROVIDER,STR_NETWORK_PROVIDER,ID_COUNTRY,ID_SMSC,ID_LOCAL_NETWORK_CODE,DAT_CREATION,ID_CUSTOMER_CREATION) VALUES (42402,'UAE ETISALAT-G2 - United Arab Emirates',null,null,null,#CURRENT_TIMESTAMP#,0);
Insert into MOB_NETWORK_PROVIDERS (ID_NETWORK_PROVIDER,STR_NETWORK_PROVIDER,ID_COUNTRY,ID_SMSC,ID_LOCAL_NETWORK_CODE,DAT_CREATION,ID_CUSTOMER_CREATION) VALUES (42501,'Partner Communications ORANGE - Israel',null,null,null,#CURRENT_TIMESTAMP#,0);
Insert into MOB_NETWORK_PROVIDERS (ID_NETWORK_PROVIDER,STR_NETWORK_PROVIDER,ID_COUNTRY,ID_SMSC,ID_LOCAL_NETWORK_CODE,DAT_CREATION,ID_CUSTOMER_CREATION) VALUES (42502,'Cellcom - Israel',null,null,null,#CURRENT_TIMESTAMP#,0);
Insert into MOB_NETWORK_PROVIDERS (ID_NETWORK_PROVIDER,STR_NETWORK_PROVIDER,ID_COUNTRY,ID_SMSC,ID_LOCAL_NETWORK_CODE,DAT_CREATION,ID_CUSTOMER_CREATION) VALUES (42505,'JAWWAL',null,null,null,#CURRENT_TIMESTAMP#,0);
Insert into MOB_NETWORK_PROVIDERS (ID_NETWORK_PROVIDER,STR_NETWORK_PROVIDER,ID_COUNTRY,ID_SMSC,ID_LOCAL_NETWORK_CODE,DAT_CREATION,ID_CUSTOMER_CREATION) VALUES (42601,'Batelco - Bahrain',null,null,null,#CURRENT_TIMESTAMP#,0);
Insert into MOB_NETWORK_PROVIDERS (ID_NETWORK_PROVIDER,STR_NETWORK_PROVIDER,ID_COUNTRY,ID_SMSC,ID_LOCAL_NETWORK_CODE,DAT_CREATION,ID_CUSTOMER_CREATION) VALUES (42701,'Q-Tel QATARNET - Qatar',null,null,null,#CURRENT_TIMESTAMP#,0);
Insert into MOB_NETWORK_PROVIDERS (ID_NETWORK_PROVIDER,STR_NETWORK_PROVIDER,ID_COUNTRY,ID_SMSC,ID_LOCAL_NETWORK_CODE,DAT_CREATION,ID_CUSTOMER_CREATION) VALUES (42899,'MobiCom - Mongolia',null,null,null,#CURRENT_TIMESTAMP#,0);
Insert into MOB_NETWORK_PROVIDERS (ID_NETWORK_PROVIDER,STR_NETWORK_PROVIDER,ID_COUNTRY,ID_SMSC,ID_LOCAL_NETWORK_CODE,DAT_CREATION,ID_CUSTOMER_CREATION) VALUES (42901,'Nepal Mobile - Nepal',null,null,null,#CURRENT_TIMESTAMP#,0);
Insert into MOB_NETWORK_PROVIDERS (ID_NETWORK_PROVIDER,STR_NETWORK_PROVIDER,ID_COUNTRY,ID_SMSC,ID_LOCAL_NETWORK_CODE,DAT_CREATION,ID_CUSTOMER_CREATION) VALUES (43211,'TCI - Iran',null,null,null,#CURRENT_TIMESTAMP#,0);
Insert into MOB_NETWORK_PROVIDERS (ID_NETWORK_PROVIDER,STR_NETWORK_PROVIDER,ID_COUNTRY,ID_SMSC,ID_LOCAL_NETWORK_CODE,DAT_CREATION,ID_CUSTOMER_CREATION) VALUES (43214,'Payam Kish - Iran',null,null,null,#CURRENT_TIMESTAMP#,0);
Insert into MOB_NETWORK_PROVIDERS (ID_NETWORK_PROVIDER,STR_NETWORK_PROVIDER,ID_COUNTRY,ID_SMSC,ID_LOCAL_NETWORK_CODE,DAT_CREATION,ID_CUSTOMER_CREATION) VALUES (43401,'Buztel - Uzbekistan',null,null,null,#CURRENT_TIMESTAMP#,0);
Insert into MOB_NETWORK_PROVIDERS (ID_NETWORK_PROVIDER,STR_NETWORK_PROVIDER,ID_COUNTRY,ID_SMSC,ID_LOCAL_NETWORK_CODE,DAT_CREATION,ID_CUSTOMER_CREATION) VALUES (43402,'Uzmacom - Uzbekistan',null,null,null,#CURRENT_TIMESTAMP#,0);
Insert into MOB_NETWORK_PROVIDERS (ID_NETWORK_PROVIDER,STR_NETWORK_PROVIDER,ID_COUNTRY,ID_SMSC,ID_LOCAL_NETWORK_CODE,DAT_CREATION,ID_CUSTOMER_CREATION) VALUES (43404,'Daewoo Unitel - Uzbekistan',null,null,null,#CURRENT_TIMESTAMP#,0);
Insert into MOB_NETWORK_PROVIDERS (ID_NETWORK_PROVIDER,STR_NETWORK_PROVIDER,ID_COUNTRY,ID_SMSC,ID_LOCAL_NETWORK_CODE,DAT_CREATION,ID_CUSTOMER_CREATION) VALUES (43405,'Coscom - Uzbekistan',null,null,null,#CURRENT_TIMESTAMP#,0);
Insert into MOB_NETWORK_PROVIDERS (ID_NETWORK_PROVIDER,STR_NETWORK_PROVIDER,ID_COUNTRY,ID_SMSC,ID_LOCAL_NETWORK_CODE,DAT_CREATION,ID_CUSTOMER_CREATION) VALUES (43407,'Uzdunrobita GSM - Uzbekistan',null,null,null,#CURRENT_TIMESTAMP#,0);
Insert into MOB_NETWORK_PROVIDERS (ID_NETWORK_PROVIDER,STR_NETWORK_PROVIDER,ID_COUNTRY,ID_SMSC,ID_LOCAL_NETWORK_CODE,DAT_CREATION,ID_CUSTOMER_CREATION) VALUES (43601,'JSC Somonsom - Tajikistan',null,null,null,#CURRENT_TIMESTAMP#,0);
Insert into MOB_NETWORK_PROVIDERS (ID_NETWORK_PROVIDER,STR_NETWORK_PROVIDER,ID_COUNTRY,ID_SMSC,ID_LOCAL_NETWORK_CODE,DAT_CREATION,ID_CUSTOMER_CREATION) VALUES (43602,'Indigo Tajikistan - Tajikistan',null,null,null,#CURRENT_TIMESTAMP#,0);
Insert into MOB_NETWORK_PROVIDERS (ID_NETWORK_PROVIDER,STR_NETWORK_PROVIDER,ID_COUNTRY,ID_SMSC,ID_LOCAL_NETWORK_CODE,DAT_CREATION,ID_CUSTOMER_CREATION) VALUES (43603,'Mobile Lines of Tajikistan - Tajikistan',null,null,null,#CURRENT_TIMESTAMP#,0);
Insert into MOB_NETWORK_PROVIDERS (ID_NETWORK_PROVIDER,STR_NETWORK_PROVIDER,ID_COUNTRY,ID_SMSC,ID_LOCAL_NETWORK_CODE,DAT_CREATION,ID_CUSTOMER_CREATION) VALUES (43605,'Tajik Tel - Tajikistan',null,null,null,#CURRENT_TIMESTAMP#,0);
Insert into MOB_NETWORK_PROVIDERS (ID_NETWORK_PROVIDER,STR_NETWORK_PROVIDER,ID_COUNTRY,ID_SMSC,ID_LOCAL_NETWORK_CODE,DAT_CREATION,ID_CUSTOMER_CREATION) VALUES (43701,'Bitel - Kyrgyz Republic',null,null,null,#CURRENT_TIMESTAMP#,0);
Insert into MOB_NETWORK_PROVIDERS (ID_NETWORK_PROVIDER,STR_NETWORK_PROVIDER,ID_COUNTRY,ID_SMSC,ID_LOCAL_NETWORK_CODE,DAT_CREATION,ID_CUSTOMER_CREATION) VALUES (44010,'NTT DoCoMo - Japan',null,null,null,#CURRENT_TIMESTAMP#,0);
Insert into MOB_NETWORK_PROVIDERS (ID_NETWORK_PROVIDER,STR_NETWORK_PROVIDER,ID_COUNTRY,ID_SMSC,ID_LOCAL_NETWORK_CODE,DAT_CREATION,ID_CUSTOMER_CREATION) VALUES (44020,'J-Phone - Japan',null,null,null,#CURRENT_TIMESTAMP#,0);
Insert into MOB_NETWORK_PROVIDERS (ID_NETWORK_PROVIDER,STR_NETWORK_PROVIDER,ID_COUNTRY,ID_SMSC,ID_LOCAL_NETWORK_CODE,DAT_CREATION,ID_CUSTOMER_CREATION) VALUES (45002,'KT ICOM - South Korea',null,null,null,#CURRENT_TIMESTAMP#,0);
Insert into MOB_NETWORK_PROVIDERS (ID_NETWORK_PROVIDER,STR_NETWORK_PROVIDER,ID_COUNTRY,ID_SMSC,ID_LOCAL_NETWORK_CODE,DAT_CREATION,ID_CUSTOMER_CREATION) VALUES (45008,'KT ICOM - South Korea',null,null,null,#CURRENT_TIMESTAMP#,0);
Insert into MOB_NETWORK_PROVIDERS (ID_NETWORK_PROVIDER,STR_NETWORK_PROVIDER,ID_COUNTRY,ID_SMSC,ID_LOCAL_NETWORK_CODE,DAT_CREATION,ID_CUSTOMER_CREATION) VALUES (45201,'MOBIFONE - Vietnam',null,null,null,#CURRENT_TIMESTAMP#,0);
Insert into MOB_NETWORK_PROVIDERS (ID_NETWORK_PROVIDER,STR_NETWORK_PROVIDER,ID_COUNTRY,ID_SMSC,ID_LOCAL_NETWORK_CODE,DAT_CREATION,ID_CUSTOMER_CREATION) VALUES (45202,'Vinaphone GPC - Vietnam',null,null,null,#CURRENT_TIMESTAMP#,0);
Insert into MOB_NETWORK_PROVIDERS (ID_NETWORK_PROVIDER,STR_NETWORK_PROVIDER,ID_COUNTRY,ID_SMSC,ID_LOCAL_NETWORK_CODE,DAT_CREATION,ID_CUSTOMER_CREATION) VALUES (45400,'Hong Kong Telecom CSL - Hong Kong',null,null,null,#CURRENT_TIMESTAMP#,0);
Insert into MOB_NETWORK_PROVIDERS (ID_NETWORK_PROVIDER,STR_NETWORK_PROVIDER,ID_COUNTRY,ID_SMSC,ID_LOCAL_NETWORK_CODE,DAT_CREATION,ID_CUSTOMER_CREATION) VALUES (45403,'Hutchinson Telecom - Hong Kong',null,null,null,#CURRENT_TIMESTAMP#,0);
Insert into MOB_NETWORK_PROVIDERS (ID_NETWORK_PROVIDER,STR_NETWORK_PROVIDER,ID_COUNTRY,ID_SMSC,ID_LOCAL_NETWORK_CODE,DAT_CREATION,ID_CUSTOMER_CREATION) VALUES (45404,'Hutchison Telecom Orange Dual Band - Hong Kong',null,null,null,#CURRENT_TIMESTAMP#,0);
Insert into MOB_NETWORK_PROVIDERS (ID_NETWORK_PROVIDER,STR_NETWORK_PROVIDER,ID_COUNTRY,ID_SMSC,ID_LOCAL_NETWORK_CODE,DAT_CREATION,ID_CUSTOMER_CREATION) VALUES (45406,'SmarTone Mobile Comms - Hong Kong',null,null,null,#CURRENT_TIMESTAMP#,0);
Insert into MOB_NETWORK_PROVIDERS (ID_NETWORK_PROVIDER,STR_NETWORK_PROVIDER,ID_COUNTRY,ID_SMSC,ID_LOCAL_NETWORK_CODE,DAT_CREATION,ID_CUSTOMER_CREATION) VALUES (45410,'New World PCS - Hong Kong',null,null,null,#CURRENT_TIMESTAMP#,0);
Insert into MOB_NETWORK_PROVIDERS (ID_NETWORK_PROVIDER,STR_NETWORK_PROVIDER,ID_COUNTRY,ID_SMSC,ID_LOCAL_NETWORK_CODE,DAT_CREATION,ID_CUSTOMER_CREATION) VALUES (45412,'Peoples Telephone - Hong Kong',null,null,null,#CURRENT_TIMESTAMP#,0);
Insert into MOB_NETWORK_PROVIDERS (ID_NETWORK_PROVIDER,STR_NETWORK_PROVIDER,ID_COUNTRY,ID_SMSC,ID_LOCAL_NETWORK_CODE,DAT_CREATION,ID_CUSTOMER_CREATION) VALUES (45416,'Sunday Comms - Hong Kong',null,null,null,#CURRENT_TIMESTAMP#,0);
Insert into MOB_NETWORK_PROVIDERS (ID_NETWORK_PROVIDER,STR_NETWORK_PROVIDER,ID_COUNTRY,ID_SMSC,ID_LOCAL_NETWORK_CODE,DAT_CREATION,ID_CUSTOMER_CREATION) VALUES (45500,'SMC Maca Smartone Mobile Comms - Macau',null,null,null,#CURRENT_TIMESTAMP#,0);
Insert into MOB_NETWORK_PROVIDERS (ID_NETWORK_PROVIDER,STR_NETWORK_PROVIDER,ID_COUNTRY,ID_SMSC,ID_LOCAL_NETWORK_CODE,DAT_CREATION,ID_CUSTOMER_CREATION) VALUES (45501,'C.T.M. TELEMOVEL+ - Macau',null,null,null,#CURRENT_TIMESTAMP#,0);
Insert into MOB_NETWORK_PROVIDERS (ID_NETWORK_PROVIDER,STR_NETWORK_PROVIDER,ID_COUNTRY,ID_SMSC,ID_LOCAL_NETWORK_CODE,DAT_CREATION,ID_CUSTOMER_CREATION) VALUES (45503,'Hutchinson Telecom - Macau',null,null,null,#CURRENT_TIMESTAMP#,0);
Insert into MOB_NETWORK_PROVIDERS (ID_NETWORK_PROVIDER,STR_NETWORK_PROVIDER,ID_COUNTRY,ID_SMSC,ID_LOCAL_NETWORK_CODE,DAT_CREATION,ID_CUSTOMER_CREATION) VALUES (45601,'CamGSM - Cambodia',null,null,null,#CURRENT_TIMESTAMP#,0);
Insert into MOB_NETWORK_PROVIDERS (ID_NETWORK_PROVIDER,STR_NETWORK_PROVIDER,ID_COUNTRY,ID_SMSC,ID_LOCAL_NETWORK_CODE,DAT_CREATION,ID_CUSTOMER_CREATION) VALUES (45602,'Cambodia Samart Comms - Cambodia',null,null,null,#CURRENT_TIMESTAMP#,0);
Insert into MOB_NETWORK_PROVIDERS (ID_NETWORK_PROVIDER,STR_NETWORK_PROVIDER,ID_COUNTRY,ID_SMSC,ID_LOCAL_NETWORK_CODE,DAT_CREATION,ID_CUSTOMER_CREATION) VALUES (45618,'Cambodia Shinawatra - Cambodia',null,null,null,#CURRENT_TIMESTAMP#,0);
Insert into MOB_NETWORK_PROVIDERS (ID_NETWORK_PROVIDER,STR_NETWORK_PROVIDER,ID_COUNTRY,ID_SMSC,ID_LOCAL_NETWORK_CODE,DAT_CREATION,ID_CUSTOMER_CREATION) VALUES (45701,'Lao Telecoms - Lao',null,null,null,#CURRENT_TIMESTAMP#,0);
Insert into MOB_NETWORK_PROVIDERS (ID_NETWORK_PROVIDER,STR_NETWORK_PROVIDER,ID_COUNTRY,ID_SMSC,ID_LOCAL_NETWORK_CODE,DAT_CREATION,ID_CUSTOMER_CREATION) VALUES (45702,'ETL Mobile - Lao',null,null,null,#CURRENT_TIMESTAMP#,0);
Insert into MOB_NETWORK_PROVIDERS (ID_NETWORK_PROVIDER,STR_NETWORK_PROVIDER,ID_COUNTRY,ID_SMSC,ID_LOCAL_NETWORK_CODE,DAT_CREATION,ID_CUSTOMER_CREATION) VALUES (45703,'LAT Mobile - Lao',null,null,null,#CURRENT_TIMESTAMP#,0);
Insert into MOB_NETWORK_PROVIDERS (ID_NETWORK_PROVIDER,STR_NETWORK_PROVIDER,ID_COUNTRY,ID_SMSC,ID_LOCAL_NETWORK_CODE,DAT_CREATION,ID_CUSTOMER_CREATION) VALUES (45708,'Millicom Lao Co - Lao',null,null,null,#CURRENT_TIMESTAMP#,0);
Insert into MOB_NETWORK_PROVIDERS (ID_NETWORK_PROVIDER,STR_NETWORK_PROVIDER,ID_COUNTRY,ID_SMSC,ID_LOCAL_NETWORK_CODE,DAT_CREATION,ID_CUSTOMER_CREATION) VALUES (46000,'China MobileComms Corp - China',null,null,null,#CURRENT_TIMESTAMP#,0);
Insert into MOB_NETWORK_PROVIDERS (ID_NETWORK_PROVIDER,STR_NETWORK_PROVIDER,ID_COUNTRY,ID_SMSC,ID_LOCAL_NETWORK_CODE,DAT_CREATION,ID_CUSTOMER_CREATION) VALUES (46001,'China Unicom CU-GSM - China',null,null,null,#CURRENT_TIMESTAMP#,0);
Insert into MOB_NETWORK_PROVIDERS (ID_NETWORK_PROVIDER,STR_NETWORK_PROVIDER,ID_COUNTRY,ID_SMSC,ID_LOCAL_NETWORK_CODE,DAT_CREATION,ID_CUSTOMER_CREATION) VALUES (46601,'Far EasTone GSM 900/1800 Telecoms - Taiwan',null,null,null,#CURRENT_TIMESTAMP#,0);
Insert into MOB_NETWORK_PROVIDERS (ID_NETWORK_PROVIDER,STR_NETWORK_PROVIDER,ID_COUNTRY,ID_SMSC,ID_LOCAL_NETWORK_CODE,DAT_CREATION,ID_CUSTOMER_CREATION) VALUES (46606,'TUNTEX Telecom - Taiwan',null,null,null,#CURRENT_TIMESTAMP#,0);
Insert into MOB_NETWORK_PROVIDERS (ID_NETWORK_PROVIDER,STR_NETWORK_PROVIDER,ID_COUNTRY,ID_SMSC,ID_LOCAL_NETWORK_CODE,DAT_CREATION,ID_CUSTOMER_CREATION) VALUES (46688,'KG Telecom - Taiwan',null,null,null,#CURRENT_TIMESTAMP#,0);
Insert into MOB_NETWORK_PROVIDERS (ID_NETWORK_PROVIDER,STR_NETWORK_PROVIDER,ID_COUNTRY,ID_SMSC,ID_LOCAL_NETWORK_CODE,DAT_CREATION,ID_CUSTOMER_CREATION) VALUES (46689,'T3G - Taiwan',null,null,null,#CURRENT_TIMESTAMP#,0);
Insert into MOB_NETWORK_PROVIDERS (ID_NETWORK_PROVIDER,STR_NETWORK_PROVIDER,ID_COUNTRY,ID_SMSC,ID_LOCAL_NETWORK_CODE,DAT_CREATION,ID_CUSTOMER_CREATION) VALUES (46692,'LDTA GSM Chunghwa Telecom - Taiwan',null,null,null,#CURRENT_TIMESTAMP#,0);
Insert into MOB_NETWORK_PROVIDERS (ID_NETWORK_PROVIDER,STR_NETWORK_PROVIDER,ID_COUNTRY,ID_SMSC,ID_LOCAL_NETWORK_CODE,DAT_CREATION,ID_CUSTOMER_CREATION) VALUES (46693,'Mobitai Communications - Taiwan',null,null,null,#CURRENT_TIMESTAMP#,0);
Insert into MOB_NETWORK_PROVIDERS (ID_NETWORK_PROVIDER,STR_NETWORK_PROVIDER,ID_COUNTRY,ID_SMSC,ID_LOCAL_NETWORK_CODE,DAT_CREATION,ID_CUSTOMER_CREATION) VALUES (46697,'Pacific Cellular GSM 1800 - Taiwan',null,null,null,#CURRENT_TIMESTAMP#,0);
Insert into MOB_NETWORK_PROVIDERS (ID_NETWORK_PROVIDER,STR_NETWORK_PROVIDER,ID_COUNTRY,ID_SMSC,ID_LOCAL_NETWORK_CODE,DAT_CREATION,ID_CUSTOMER_CREATION) VALUES (46699,'TransAsia Telecoms - Taiwan',null,null,null,#CURRENT_TIMESTAMP#,0);
Insert into MOB_NETWORK_PROVIDERS (ID_NETWORK_PROVIDER,STR_NETWORK_PROVIDER,ID_COUNTRY,ID_SMSC,ID_LOCAL_NETWORK_CODE,DAT_CREATION,ID_CUSTOMER_CREATION) VALUES (47001,'Grameen Phone - Bangladesh',null,null,null,#CURRENT_TIMESTAMP#,0);
Insert into MOB_NETWORK_PROVIDERS (ID_NETWORK_PROVIDER,STR_NETWORK_PROVIDER,ID_COUNTRY,ID_SMSC,ID_LOCAL_NETWORK_CODE,DAT_CREATION,ID_CUSTOMER_CREATION) VALUES (47002,'TM Intl AKTEL - Bangladesh',null,null,null,#CURRENT_TIMESTAMP#,0);
Insert into MOB_NETWORK_PROVIDERS (ID_NETWORK_PROVIDER,STR_NETWORK_PROVIDER,ID_COUNTRY,ID_SMSC,ID_LOCAL_NETWORK_CODE,DAT_CREATION,ID_CUSTOMER_CREATION) VALUES (47003,'Sheba Telecom - Bangladesh',null,null,null,#CURRENT_TIMESTAMP#,0);
Insert into MOB_NETWORK_PROVIDERS (ID_NETWORK_PROVIDER,STR_NETWORK_PROVIDER,ID_COUNTRY,ID_SMSC,ID_LOCAL_NETWORK_CODE,DAT_CREATION,ID_CUSTOMER_CREATION) VALUES (47201,'DhiMobile GSM - Maldives',null,null,null,#CURRENT_TIMESTAMP#,0);
Insert into MOB_NETWORK_PROVIDERS (ID_NETWORK_PROVIDER,STR_NETWORK_PROVIDER,ID_COUNTRY,ID_SMSC,ID_LOCAL_NETWORK_CODE,DAT_CREATION,ID_CUSTOMER_CREATION) VALUES (50202,'My BSB - Malaysia',null,null,null,#CURRENT_TIMESTAMP#,0);
Insert into MOB_NETWORK_PROVIDERS (ID_NETWORK_PROVIDER,STR_NETWORK_PROVIDER,ID_COUNTRY,ID_SMSC,ID_LOCAL_NETWORK_CODE,DAT_CREATION,ID_CUSTOMER_CREATION) VALUES (50203,'Binariang - Malaysia',null,null,null,#CURRENT_TIMESTAMP#,0);
Insert into MOB_NETWORK_PROVIDERS (ID_NETWORK_PROVIDER,STR_NETWORK_PROVIDER,ID_COUNTRY,ID_SMSC,ID_LOCAL_NETWORK_CODE,DAT_CREATION,ID_CUSTOMER_CREATION) VALUES (50212,'Maxis Mobile - Malaysia',null,null,null,#CURRENT_TIMESTAMP#,0);
Insert into MOB_NETWORK_PROVIDERS (ID_NETWORK_PROVIDER,STR_NETWORK_PROVIDER,ID_COUNTRY,ID_SMSC,ID_LOCAL_NETWORK_CODE,DAT_CREATION,ID_CUSTOMER_CREATION) VALUES (50213,'Telekom Cellular TM Touch - Malaysia',null,null,null,#CURRENT_TIMESTAMP#,0);
Insert into MOB_NETWORK_PROVIDERS (ID_NETWORK_PROVIDER,STR_NETWORK_PROVIDER,ID_COUNTRY,ID_SMSC,ID_LOCAL_NETWORK_CODE,DAT_CREATION,ID_CUSTOMER_CREATION) VALUES (50216,'DiGi Telecommunications - Malaysia',null,null,null,#CURRENT_TIMESTAMP#,0);
Insert into MOB_NETWORK_PROVIDERS (ID_NETWORK_PROVIDER,STR_NETWORK_PROVIDER,ID_COUNTRY,ID_SMSC,ID_LOCAL_NETWORK_CODE,DAT_CREATION,ID_CUSTOMER_CREATION) VALUES (50217,'TIMECel - Malaysia',null,null,null,#CURRENT_TIMESTAMP#,0);
Insert into MOB_NETWORK_PROVIDERS (ID_NETWORK_PROVIDER,STR_NETWORK_PROVIDER,ID_COUNTRY,ID_SMSC,ID_LOCAL_NETWORK_CODE,DAT_CREATION,ID_CUSTOMER_CREATION) VALUES (50219,'Celcom - Malaysia',null,null,null,#CURRENT_TIMESTAMP#,0);
Insert into MOB_NETWORK_PROVIDERS (ID_NETWORK_PROVIDER,STR_NETWORK_PROVIDER,ID_COUNTRY,ID_SMSC,ID_LOCAL_NETWORK_CODE,DAT_CREATION,ID_CUSTOMER_CREATION) VALUES (50501,'Telstra Mobile Comms - Australia',null,null,null,#CURRENT_TIMESTAMP#,0);
Insert into MOB_NETWORK_PROVIDERS (ID_NETWORK_PROVIDER,STR_NETWORK_PROVIDER,ID_COUNTRY,ID_SMSC,ID_LOCAL_NETWORK_CODE,DAT_CREATION,ID_CUSTOMER_CREATION) VALUES (50502,'Singtel Optus - Australia',null,null,null,#CURRENT_TIMESTAMP#,0);
Insert into MOB_NETWORK_PROVIDERS (ID_NETWORK_PROVIDER,STR_NETWORK_PROVIDER,ID_COUNTRY,ID_SMSC,ID_LOCAL_NETWORK_CODE,DAT_CREATION,ID_CUSTOMER_CREATION) VALUES (50503,'Vodafone - Australia',null,null,null,#CURRENT_TIMESTAMP#,0);
Insert into MOB_NETWORK_PROVIDERS (ID_NETWORK_PROVIDER,STR_NETWORK_PROVIDER,ID_COUNTRY,ID_SMSC,ID_LOCAL_NETWORK_CODE,DAT_CREATION,ID_CUSTOMER_CREATION) VALUES (50506,'Hutchinson 3G - Australia',null,null,null,#CURRENT_TIMESTAMP#,0);
Insert into MOB_NETWORK_PROVIDERS (ID_NETWORK_PROVIDER,STR_NETWORK_PROVIDER,ID_COUNTRY,ID_SMSC,ID_LOCAL_NETWORK_CODE,DAT_CREATION,ID_CUSTOMER_CREATION) VALUES (50508,'Lippo Telecom - Indonesia',null,null,null,#CURRENT_TIMESTAMP#,0);
Insert into MOB_NETWORK_PROVIDERS (ID_NETWORK_PROVIDER,STR_NETWORK_PROVIDER,ID_COUNTRY,ID_SMSC,ID_LOCAL_NETWORK_CODE,DAT_CREATION,ID_CUSTOMER_CREATION) VALUES (50521,'INDOSAT-M3 - Indonesia',null,null,null,#CURRENT_TIMESTAMP#,0);
Insert into MOB_NETWORK_PROVIDERS (ID_NETWORK_PROVIDER,STR_NETWORK_PROVIDER,ID_COUNTRY,ID_SMSC,ID_LOCAL_NETWORK_CODE,DAT_CREATION,ID_CUSTOMER_CREATION) VALUES (51001,'PT. Satelindo IND SATELINDOCEL - Indonesia',null,null,null,#CURRENT_TIMESTAMP#,0);
Insert into MOB_NETWORK_PROVIDERS (ID_NETWORK_PROVIDER,STR_NETWORK_PROVIDER,ID_COUNTRY,ID_SMSC,ID_LOCAL_NETWORK_CODE,DAT_CREATION,ID_CUSTOMER_CREATION) VALUES (51010,'Telkomsel - Indonesia',null,null,null,#CURRENT_TIMESTAMP#,0);
Insert into MOB_NETWORK_PROVIDERS (ID_NETWORK_PROVIDER,STR_NETWORK_PROVIDER,ID_COUNTRY,ID_SMSC,ID_LOCAL_NETWORK_CODE,DAT_CREATION,ID_CUSTOMER_CREATION) VALUES (51011,'PT. Excelcomindo Excelcom - Indonesia',null,null,null,#CURRENT_TIMESTAMP#,0);
Insert into MOB_NETWORK_PROVIDERS (ID_NETWORK_PROVIDER,STR_NETWORK_PROVIDER,ID_COUNTRY,ID_SMSC,ID_LOCAL_NETWORK_CODE,DAT_CREATION,ID_CUSTOMER_CREATION) VALUES (51501,'Isla Comms - Philippines',null,null,null,#CURRENT_TIMESTAMP#,0);
Insert into MOB_NETWORK_PROVIDERS (ID_NETWORK_PROVIDER,STR_NETWORK_PROVIDER,ID_COUNTRY,ID_SMSC,ID_LOCAL_NETWORK_CODE,DAT_CREATION,ID_CUSTOMER_CREATION) VALUES (51502,'Globe Telecom - Philippines',null,null,null,#CURRENT_TIMESTAMP#,0);
Insert into MOB_NETWORK_PROVIDERS (ID_NETWORK_PROVIDER,STR_NETWORK_PROVIDER,ID_COUNTRY,ID_SMSC,ID_LOCAL_NETWORK_CODE,DAT_CREATION,ID_CUSTOMER_CREATION) VALUES (51503,'Smart Gold GSM - Philippines',null,null,null,#CURRENT_TIMESTAMP#,0);
Insert into MOB_NETWORK_PROVIDERS (ID_NETWORK_PROVIDER,STR_NETWORK_PROVIDER,ID_COUNTRY,ID_SMSC,ID_LOCAL_NETWORK_CODE,DAT_CREATION,ID_CUSTOMER_CREATION) VALUES (51505,'Digitel Mobile/Sun Cellular',null,null,null,#CURRENT_TIMESTAMP#,0);
Insert into MOB_NETWORK_PROVIDERS (ID_NETWORK_PROVIDER,STR_NETWORK_PROVIDER,ID_COUNTRY,ID_SMSC,ID_LOCAL_NETWORK_CODE,DAT_CREATION,ID_CUSTOMER_CREATION) VALUES (52001,'Advanced Info Service AIS - Thailand',null,null,null,#CURRENT_TIMESTAMP#,0);
Insert into MOB_NETWORK_PROVIDERS (ID_NETWORK_PROVIDER,STR_NETWORK_PROVIDER,ID_COUNTRY,ID_SMSC,ID_LOCAL_NETWORK_CODE,DAT_CREATION,ID_CUSTOMER_CREATION) VALUES (52010,'WCS IQ - Thailand',null,null,null,#CURRENT_TIMESTAMP#,0);
Insert into MOB_NETWORK_PROVIDERS (ID_NETWORK_PROVIDER,STR_NETWORK_PROVIDER,ID_COUNTRY,ID_SMSC,ID_LOCAL_NETWORK_CODE,DAT_CREATION,ID_CUSTOMER_CREATION) VALUES (52015,'ACT Mobile - Thailand',null,null,null,#CURRENT_TIMESTAMP#,0);
Insert into MOB_NETWORK_PROVIDERS (ID_NETWORK_PROVIDER,STR_NETWORK_PROVIDER,ID_COUNTRY,ID_SMSC,ID_LOCAL_NETWORK_CODE,DAT_CREATION,ID_CUSTOMER_CREATION) VALUES (52018,'Total Access Worldphone DTAC - Thailand',null,null,null,#CURRENT_TIMESTAMP#,0);
Insert into MOB_NETWORK_PROVIDERS (ID_NETWORK_PROVIDER,STR_NETWORK_PROVIDER,ID_COUNTRY,ID_SMSC,ID_LOCAL_NETWORK_CODE,DAT_CREATION,ID_CUSTOMER_CREATION) VALUES (52023,'Digital Phone GSM 1800 - Thailand',null,null,null,#CURRENT_TIMESTAMP#,0);
Insert into MOB_NETWORK_PROVIDERS (ID_NETWORK_PROVIDER,STR_NETWORK_PROVIDER,ID_COUNTRY,ID_SMSC,ID_LOCAL_NETWORK_CODE,DAT_CREATION,ID_CUSTOMER_CREATION) VALUES (52099,'TA Orange - Thailand',null,null,null,#CURRENT_TIMESTAMP#,0);
Insert into MOB_NETWORK_PROVIDERS (ID_NETWORK_PROVIDER,STR_NETWORK_PROVIDER,ID_COUNTRY,ID_SMSC,ID_LOCAL_NETWORK_CODE,DAT_CREATION,ID_CUSTOMER_CREATION) VALUES (52501,'SingTel. ST-GSM 900 - Singapore',null,null,null,#CURRENT_TIMESTAMP#,0);
Insert into MOB_NETWORK_PROVIDERS (ID_NETWORK_PROVIDER,STR_NETWORK_PROVIDER,ID_COUNTRY,ID_SMSC,ID_LOCAL_NETWORK_CODE,DAT_CREATION,ID_CUSTOMER_CREATION) VALUES (52502,'SingTel. ST-GSM 1800 - Singapore',null,null,null,#CURRENT_TIMESTAMP#,0);



-- # Sample entries for POI
-- new poi type: SAP Offices
insert into MOB_LOCATION_TYPES (ID_TYPE,STR_TYPE,DAT_CREATION,ID_CUSTOMER_CREATION) VALUES (101,'SAP Office',#CURRENT_TIMESTAMP#,0);

-- INSERTING into MOB_CURRENCIES
INSERT INTO MOB_CURRENCIES (ID_CURRENCY,RSINT_DECIMAL_PLACES,ID_CURRENCY_CODE,DAT_CREATION,ID_CUSTOMER_CREATION) VALUES ('EUR',2,null,#CURRENT_TIMESTAMP#,0);
INSERT INTO MOB_CURRENCIES (ID_CURRENCY,RSINT_DECIMAL_PLACES,ID_CURRENCY_CODE,DAT_CREATION,ID_CUSTOMER_CREATION) VALUES ('USD',2,null,#CURRENT_TIMESTAMP#,0);

-- INSERTING into MOB_ORGUNITS
INSERT INTO MOB_ORGUNITS (ID_ORGUNIT,STR_ORGUNIT,ID_CURRENCY,PRC_VAT,ID_TIME_ZONE,ID_COUNTRY,ID_LANGUAGE,ID_LEGAL_ADDRESS,ID_FEE_SET,ID_LIMIT_SET,INT_AUTO_CANCEL_AFTER_MINUTES,DAT_CREATION,ID_CUSTOMER_CREATION) VALUES ('0000','Vanilla','EUR',0,'Europe/Berlin',null,'en',null,null,null,null,#CURRENT_TIMESTAMP#,0);

-- INSERTING into MOB_USE_CASES
INSERT INTO MOB_USE_CASES (ID_USE_CASE,STR_USE_CASE,BOL_IS_ACTOR_PAYEE,BOL_DISABLE_LIMITS,BOL_IS_PUBLIC,BOL_ALLOW_DIFFERING_AMOUNT,BOL_ALLOW_IDENTCL_PAYER_PAYEE,BOL_ALLOW_ANON_PARTICIPANT,BOL_COPY_EX_RATE_FROM_AUTH,INT_AUTO_CANCEL_AFTER_MINUTES,BOL_AUTO_CAPTURE_REQUIRED,BOL_AUTO_CAPTURE_FORBIDDEN,DAT_CREATION,ID_CUSTOMER_CREATION) VALUES (150,'Standard load internal voucher','N','Y','Y','Y','Y','N','Y',null,'N','N',#CURRENT_TIMESTAMP#,0);
INSERT INTO MOB_USE_CASES (ID_USE_CASE,STR_USE_CASE,BOL_IS_ACTOR_PAYEE,BOL_DISABLE_LIMITS,BOL_IS_PUBLIC,BOL_ALLOW_DIFFERING_AMOUNT,BOL_ALLOW_IDENTCL_PAYER_PAYEE,BOL_ALLOW_ANON_PARTICIPANT,BOL_COPY_EX_RATE_FROM_AUTH,INT_AUTO_CANCEL_AFTER_MINUTES,BOL_AUTO_CAPTURE_REQUIRED,BOL_AUTO_CAPTURE_FORBIDDEN,DAT_CREATION,ID_CUSTOMER_CREATION) VALUES (160,'Standard Credit Self','N','N','Y','N','Y','N','Y',null,'N','N',#CURRENT_TIMESTAMP#,0);
INSERT INTO MOB_USE_CASES (ID_USE_CASE,STR_USE_CASE,BOL_IS_ACTOR_PAYEE,BOL_DISABLE_LIMITS,BOL_IS_PUBLIC,BOL_ALLOW_DIFFERING_AMOUNT,BOL_ALLOW_IDENTCL_PAYER_PAYEE,BOL_ALLOW_ANON_PARTICIPANT,BOL_COPY_EX_RATE_FROM_AUTH,INT_AUTO_CANCEL_AFTER_MINUTES,BOL_AUTO_CAPTURE_REQUIRED,BOL_AUTO_CAPTURE_FORBIDDEN,DAT_CREATION,ID_CUSTOMER_CREATION) VALUES (161,'Standard Debit Self','N','Y','Y','N','Y','N','Y',null,'N','N',#CURRENT_TIMESTAMP#,0);
INSERT INTO MOB_USE_CASES (ID_USE_CASE,STR_USE_CASE,BOL_IS_ACTOR_PAYEE,BOL_DISABLE_LIMITS,BOL_IS_PUBLIC,BOL_ALLOW_DIFFERING_AMOUNT,BOL_ALLOW_IDENTCL_PAYER_PAYEE,BOL_ALLOW_ANON_PARTICIPANT,BOL_COPY_EX_RATE_FROM_AUTH,INT_AUTO_CANCEL_AFTER_MINUTES,BOL_AUTO_CAPTURE_REQUIRED,BOL_AUTO_CAPTURE_FORBIDDEN,DAT_CREATION,ID_CUSTOMER_CREATION) VALUES (171,'Standard Cash-In','N','N','Y','N','N','N','Y',null,'N','N',#CURRENT_TIMESTAMP#,0);
INSERT INTO MOB_USE_CASES (ID_USE_CASE,STR_USE_CASE,BOL_IS_ACTOR_PAYEE,BOL_DISABLE_LIMITS,BOL_IS_PUBLIC,BOL_ALLOW_DIFFERING_AMOUNT,BOL_ALLOW_IDENTCL_PAYER_PAYEE,BOL_ALLOW_ANON_PARTICIPANT,BOL_COPY_EX_RATE_FROM_AUTH,INT_AUTO_CANCEL_AFTER_MINUTES,BOL_AUTO_CAPTURE_REQUIRED,BOL_AUTO_CAPTURE_FORBIDDEN,DAT_CREATION,ID_CUSTOMER_CREATION) VALUES (172,'Standard Cash-Out','Y','N','Y','N','N','N','Y',null,'N','N',#CURRENT_TIMESTAMP#,0);
INSERT INTO MOB_USE_CASES (ID_USE_CASE,STR_USE_CASE,BOL_IS_ACTOR_PAYEE,BOL_DISABLE_LIMITS,BOL_IS_PUBLIC,BOL_ALLOW_DIFFERING_AMOUNT,BOL_ALLOW_IDENTCL_PAYER_PAYEE,BOL_ALLOW_ANON_PARTICIPANT,BOL_COPY_EX_RATE_FROM_AUTH,INT_AUTO_CANCEL_AFTER_MINUTES,BOL_AUTO_CAPTURE_REQUIRED,BOL_AUTO_CAPTURE_FORBIDDEN,DAT_CREATION,ID_CUSTOMER_CREATION) VALUES (173,'Airtime Topup','N','N','Y','N','Y','N','Y',null,'N','N',#CURRENT_TIMESTAMP#,0);
INSERT INTO MOB_USE_CASES (ID_USE_CASE,STR_USE_CASE,BOL_IS_ACTOR_PAYEE,BOL_DISABLE_LIMITS,BOL_IS_PUBLIC,BOL_ALLOW_DIFFERING_AMOUNT,BOL_ALLOW_IDENTCL_PAYER_PAYEE,BOL_ALLOW_ANON_PARTICIPANT,BOL_COPY_EX_RATE_FROM_AUTH,INT_AUTO_CANCEL_AFTER_MINUTES,BOL_AUTO_CAPTURE_REQUIRED,BOL_AUTO_CAPTURE_FORBIDDEN,DAT_CREATION,ID_CUSTOMER_CREATION) VALUES (174,'Send voucher to unknown','N','N','Y','Y','Y','N','Y',null,'N','N',#CURRENT_TIMESTAMP#,0);
INSERT INTO MOB_USE_CASES (ID_USE_CASE,STR_USE_CASE,BOL_IS_ACTOR_PAYEE,BOL_DISABLE_LIMITS,BOL_IS_PUBLIC,BOL_ALLOW_DIFFERING_AMOUNT,BOL_ALLOW_IDENTCL_PAYER_PAYEE,BOL_ALLOW_ANON_PARTICIPANT,BOL_COPY_EX_RATE_FROM_AUTH,INT_AUTO_CANCEL_AFTER_MINUTES,BOL_AUTO_CAPTURE_REQUIRED,BOL_AUTO_CAPTURE_FORBIDDEN,DAT_CREATION,ID_CUSTOMER_CREATION) VALUES (175,'Pickup','N','N','Y','N','Y','N','Y',null,'N','N',#CURRENT_TIMESTAMP#,0);
INSERT INTO MOB_USE_CASES (ID_USE_CASE,STR_USE_CASE,BOL_IS_ACTOR_PAYEE,BOL_DISABLE_LIMITS,BOL_IS_PUBLIC,BOL_ALLOW_DIFFERING_AMOUNT,BOL_ALLOW_IDENTCL_PAYER_PAYEE,BOL_ALLOW_ANON_PARTICIPANT,BOL_COPY_EX_RATE_FROM_AUTH,INT_AUTO_CANCEL_AFTER_MINUTES,BOL_AUTO_CAPTURE_REQUIRED,BOL_AUTO_CAPTURE_FORBIDDEN,DAT_CREATION,ID_CUSTOMER_CREATION) VALUES (176,'Airtime topup distributor','N','N','Y','N','Y','N','Y',null,'N','N',#CURRENT_TIMESTAMP#,0);
INSERT INTO MOB_USE_CASES (ID_USE_CASE,STR_USE_CASE,BOL_IS_ACTOR_PAYEE,BOL_DISABLE_LIMITS,BOL_IS_PUBLIC,BOL_ALLOW_DIFFERING_AMOUNT,BOL_ALLOW_IDENTCL_PAYER_PAYEE,BOL_ALLOW_ANON_PARTICIPANT,BOL_COPY_EX_RATE_FROM_AUTH,INT_AUTO_CANCEL_AFTER_MINUTES,BOL_AUTO_CAPTURE_REQUIRED,BOL_AUTO_CAPTURE_FORBIDDEN,DAT_CREATION,ID_CUSTOMER_CREATION) VALUES (177,'Standard micro payment for PI activation push','N','Y','N','Y','N','N','Y',null,'N','N',#CURRENT_TIMESTAMP#,0);
INSERT INTO MOB_USE_CASES (ID_USE_CASE,STR_USE_CASE,BOL_IS_ACTOR_PAYEE,BOL_DISABLE_LIMITS,BOL_IS_PUBLIC,BOL_ALLOW_DIFFERING_AMOUNT,BOL_ALLOW_IDENTCL_PAYER_PAYEE,BOL_ALLOW_ANON_PARTICIPANT,BOL_COPY_EX_RATE_FROM_AUTH,INT_AUTO_CANCEL_AFTER_MINUTES,BOL_AUTO_CAPTURE_REQUIRED,BOL_AUTO_CAPTURE_FORBIDDEN,DAT_CREATION,ID_CUSTOMER_CREATION) VALUES (179,'Transfer Money','Y','N','Y','N','Y','N','Y',NULL,'N','N',#CURRENT_TIMESTAMP#,0);
INSERT INTO MOB_USE_CASES (ID_USE_CASE,STR_USE_CASE,BOL_IS_ACTOR_PAYEE,BOL_DISABLE_LIMITS,BOL_IS_PUBLIC,BOL_ALLOW_DIFFERING_AMOUNT,BOL_ALLOW_IDENTCL_PAYER_PAYEE,BOL_ALLOW_ANON_PARTICIPANT,BOL_COPY_EX_RATE_FROM_AUTH,INT_AUTO_CANCEL_AFTER_MINUTES,BOL_AUTO_CAPTURE_REQUIRED,BOL_AUTO_CAPTURE_FORBIDDEN,DAT_CREATION,ID_CUSTOMER_CREATION) VALUES (180,'Credit SVA','N','N','Y','N','N','N','Y',null,'N','N',#CURRENT_TIMESTAMP#,0);
INSERT INTO MOB_USE_CASES (ID_USE_CASE,STR_USE_CASE,BOL_IS_ACTOR_PAYEE,BOL_DISABLE_LIMITS,BOL_IS_PUBLIC,BOL_ALLOW_DIFFERING_AMOUNT,BOL_ALLOW_IDENTCL_PAYER_PAYEE,BOL_ALLOW_ANON_PARTICIPANT,BOL_COPY_EX_RATE_FROM_AUTH,INT_AUTO_CANCEL_AFTER_MINUTES,BOL_AUTO_CAPTURE_REQUIRED,BOL_AUTO_CAPTURE_FORBIDDEN,DAT_CREATION,ID_CUSTOMER_CREATION) VALUES (181,'Debit SVA','Y','N','Y','N','N','N','Y',null,'N','N',#CURRENT_TIMESTAMP#,0);
INSERT INTO MOB_USE_CASES (ID_USE_CASE,STR_USE_CASE,BOL_IS_ACTOR_PAYEE,BOL_DISABLE_LIMITS,BOL_IS_PUBLIC,BOL_ALLOW_DIFFERING_AMOUNT,BOL_ALLOW_IDENTCL_PAYER_PAYEE,BOL_ALLOW_ANON_PARTICIPANT,BOL_COPY_EX_RATE_FROM_AUTH,INT_AUTO_CANCEL_AFTER_MINUTES,BOL_AUTO_CAPTURE_REQUIRED,BOL_AUTO_CAPTURE_FORBIDDEN,DAT_CREATION,ID_CUSTOMER_CREATION) VALUES (182,'Add Funds','N','N','Y','N','Y','N','Y',null,'N','N',#CURRENT_TIMESTAMP#,0);
INSERT INTO MOB_USE_CASES (ID_USE_CASE,STR_USE_CASE,BOL_IS_ACTOR_PAYEE,BOL_DISABLE_LIMITS,BOL_IS_PUBLIC,BOL_ALLOW_DIFFERING_AMOUNT,BOL_ALLOW_IDENTCL_PAYER_PAYEE,BOL_ALLOW_ANON_PARTICIPANT,BOL_COPY_EX_RATE_FROM_AUTH,INT_AUTO_CANCEL_AFTER_MINUTES,BOL_AUTO_CAPTURE_REQUIRED,BOL_AUTO_CAPTURE_FORBIDDEN,DAT_CREATION,ID_CUSTOMER_CREATION) VALUES (183,'Withdraw Funds','N','N','Y','N','Y','N','Y',null,'N','N',#CURRENT_TIMESTAMP#,0);
INSERT INTO MOB_USE_CASES (ID_USE_CASE,STR_USE_CASE,BOL_IS_ACTOR_PAYEE,BOL_DISABLE_LIMITS,BOL_IS_PUBLIC,BOL_ALLOW_DIFFERING_AMOUNT,BOL_ALLOW_IDENTCL_PAYER_PAYEE,BOL_ALLOW_ANON_PARTICIPANT,BOL_COPY_EX_RATE_FROM_AUTH,INT_AUTO_CANCEL_AFTER_MINUTES,BOL_AUTO_CAPTURE_REQUIRED,BOL_AUTO_CAPTURE_FORBIDDEN,DAT_CREATION,ID_CUSTOMER_CREATION) VALUES (184,'Standard self-topup pull','Y','N','N','N','N','N','Y',null,'N','N',#CURRENT_TIMESTAMP#,0);
INSERT INTO MOB_USE_CASES (ID_USE_CASE,STR_USE_CASE,BOL_IS_ACTOR_PAYEE,BOL_DISABLE_LIMITS,BOL_IS_PUBLIC,BOL_ALLOW_DIFFERING_AMOUNT,BOL_ALLOW_IDENTCL_PAYER_PAYEE,BOL_ALLOW_ANON_PARTICIPANT,BOL_COPY_EX_RATE_FROM_AUTH,INT_AUTO_CANCEL_AFTER_MINUTES,BOL_AUTO_CAPTURE_REQUIRED,BOL_AUTO_CAPTURE_FORBIDDEN,DAT_CREATION,ID_CUSTOMER_CREATION) VALUES (186,'Standard subscription pull','Y','Y','Y','Y','N','N','Y',null,'N','N',#CURRENT_TIMESTAMP#,0);
INSERT INTO MOB_USE_CASES (ID_USE_CASE,STR_USE_CASE,BOL_IS_ACTOR_PAYEE,BOL_DISABLE_LIMITS,BOL_IS_PUBLIC,BOL_ALLOW_DIFFERING_AMOUNT,BOL_ALLOW_IDENTCL_PAYER_PAYEE,BOL_ALLOW_ANON_PARTICIPANT,BOL_COPY_EX_RATE_FROM_AUTH,INT_AUTO_CANCEL_AFTER_MINUTES,BOL_AUTO_CAPTURE_REQUIRED,BOL_AUTO_CAPTURE_FORBIDDEN,DAT_CREATION,ID_CUSTOMER_CREATION) VALUES (191,'Standard C2B push','N','N','Y','Y','N','N','Y',null,'N','N',#CURRENT_TIMESTAMP#,0);
INSERT INTO MOB_USE_CASES (ID_USE_CASE,STR_USE_CASE,BOL_IS_ACTOR_PAYEE,BOL_DISABLE_LIMITS,BOL_IS_PUBLIC,BOL_ALLOW_DIFFERING_AMOUNT,BOL_ALLOW_IDENTCL_PAYER_PAYEE,BOL_ALLOW_ANON_PARTICIPANT,BOL_COPY_EX_RATE_FROM_AUTH,INT_AUTO_CANCEL_AFTER_MINUTES,BOL_AUTO_CAPTURE_REQUIRED,BOL_AUTO_CAPTURE_FORBIDDEN,DAT_CREATION,ID_CUSTOMER_CREATION) VALUES (193,'Peer 2 Peer','N','N','Y','Y','Y','N','Y',null,'N','N',#CURRENT_TIMESTAMP#,0);
INSERT INTO MOB_USE_CASES (ID_USE_CASE,STR_USE_CASE,BOL_IS_ACTOR_PAYEE,BOL_DISABLE_LIMITS,BOL_IS_PUBLIC,BOL_ALLOW_DIFFERING_AMOUNT,BOL_ALLOW_IDENTCL_PAYER_PAYEE,BOL_ALLOW_ANON_PARTICIPANT,BOL_COPY_EX_RATE_FROM_AUTH,INT_AUTO_CANCEL_AFTER_MINUTES,BOL_AUTO_CAPTURE_REQUIRED,BOL_AUTO_CAPTURE_FORBIDDEN,DAT_CREATION,ID_CUSTOMER_CREATION) VALUES (194,'Standard C2C pull','Y','N','Y','Y','N','N','Y',null,'N','N',#CURRENT_TIMESTAMP#,0);
INSERT INTO MOB_USE_CASES (ID_USE_CASE,STR_USE_CASE,BOL_IS_ACTOR_PAYEE,BOL_DISABLE_LIMITS,BOL_IS_PUBLIC,BOL_ALLOW_DIFFERING_AMOUNT,BOL_ALLOW_IDENTCL_PAYER_PAYEE,BOL_ALLOW_ANON_PARTICIPANT,BOL_COPY_EX_RATE_FROM_AUTH,INT_AUTO_CANCEL_AFTER_MINUTES,BOL_AUTO_CAPTURE_REQUIRED,BOL_AUTO_CAPTURE_FORBIDDEN,DAT_CREATION,ID_CUSTOMER_CREATION) VALUES (195,'Standard B2B push','N','N','Y','Y','N','N','Y',null,'N','N',#CURRENT_TIMESTAMP#,0);
INSERT INTO MOB_USE_CASES (ID_USE_CASE,STR_USE_CASE,BOL_IS_ACTOR_PAYEE,BOL_DISABLE_LIMITS,BOL_IS_PUBLIC,BOL_ALLOW_DIFFERING_AMOUNT,BOL_ALLOW_IDENTCL_PAYER_PAYEE,BOL_ALLOW_ANON_PARTICIPANT,BOL_COPY_EX_RATE_FROM_AUTH,INT_AUTO_CANCEL_AFTER_MINUTES,BOL_AUTO_CAPTURE_REQUIRED,BOL_AUTO_CAPTURE_FORBIDDEN,DAT_CREATION,ID_CUSTOMER_CREATION) VALUES (197,'Anonymous push','N','N','Y','Y','N','Y','Y',null,'N','Y',#CURRENT_TIMESTAMP#,0);
INSERT INTO MOB_USE_CASES (ID_USE_CASE,STR_USE_CASE,BOL_IS_ACTOR_PAYEE,BOL_DISABLE_LIMITS,BOL_IS_PUBLIC,BOL_ALLOW_DIFFERING_AMOUNT,BOL_ALLOW_IDENTCL_PAYER_PAYEE,BOL_ALLOW_ANON_PARTICIPANT,BOL_COPY_EX_RATE_FROM_AUTH,INT_AUTO_CANCEL_AFTER_MINUTES,BOL_AUTO_CAPTURE_REQUIRED,BOL_AUTO_CAPTURE_FORBIDDEN,DAT_CREATION,ID_CUSTOMER_CREATION) VALUES (198,'Standard B2C push','N','N','Y','Y','N','N','Y',null,'N','N',#CURRENT_TIMESTAMP#,0);
INSERT INTO MOB_USE_CASES (ID_USE_CASE,STR_USE_CASE,BOL_IS_ACTOR_PAYEE,BOL_DISABLE_LIMITS,BOL_IS_PUBLIC,BOL_ALLOW_DIFFERING_AMOUNT,BOL_ALLOW_IDENTCL_PAYER_PAYEE,BOL_ALLOW_ANON_PARTICIPANT,BOL_COPY_EX_RATE_FROM_AUTH,INT_AUTO_CANCEL_AFTER_MINUTES,BOL_AUTO_CAPTURE_REQUIRED,BOL_AUTO_CAPTURE_FORBIDDEN,DAT_CREATION,ID_CUSTOMER_CREATION) VALUES (199,'Standard B2C pull','Y','N','Y','Y','N','N','Y',null,'N','N',#CURRENT_TIMESTAMP#,0);
INSERT INTO MOB_USE_CASES (ID_USE_CASE,STR_USE_CASE,BOL_IS_ACTOR_PAYEE,BOL_DISABLE_LIMITS,BOL_IS_PUBLIC,BOL_ALLOW_DIFFERING_AMOUNT,BOL_ALLOW_IDENTCL_PAYER_PAYEE,BOL_ALLOW_ANON_PARTICIPANT,BOL_COPY_EX_RATE_FROM_AUTH,INT_AUTO_CANCEL_AFTER_MINUTES,BOL_AUTO_CAPTURE_REQUIRED,BOL_AUTO_CAPTURE_FORBIDDEN,DAT_CREATION,ID_CUSTOMER_CREATION) VALUES (201,'CommissionSettlement','Y','N','Y','Y','N','N','Y',null,'N','N',#CURRENT_TIMESTAMP#,0);
INSERT INTO MOB_USE_CASES (ID_USE_CASE,STR_USE_CASE,BOL_IS_ACTOR_PAYEE,BOL_DISABLE_LIMITS,BOL_IS_PUBLIC,BOL_ALLOW_DIFFERING_AMOUNT,BOL_ALLOW_IDENTCL_PAYER_PAYEE,BOL_ALLOW_ANON_PARTICIPANT,BOL_COPY_EX_RATE_FROM_AUTH,INT_AUTO_CANCEL_AFTER_MINUTES,BOL_AUTO_CAPTURE_REQUIRED,BOL_AUTO_CAPTURE_FORBIDDEN,DAT_CREATION,ID_CUSTOMER_CREATION) VALUES (202,'Demand for Payment','N','N','Y','Y','Y','N','Y',null,'N','N',#CURRENT_TIMESTAMP#,0);
INSERT INTO MOB_USE_CASES (ID_USE_CASE,STR_USE_CASE,BOL_IS_ACTOR_PAYEE,BOL_DISABLE_LIMITS,BOL_IS_PUBLIC,BOL_ALLOW_DIFFERING_AMOUNT,BOL_ALLOW_IDENTCL_PAYER_PAYEE,BOL_ALLOW_ANON_PARTICIPANT,BOL_COPY_EX_RATE_FROM_AUTH,INT_AUTO_CANCEL_AFTER_MINUTES,BOL_AUTO_CAPTURE_REQUIRED,BOL_AUTO_CAPTURE_FORBIDDEN,DAT_CREATION,ID_CUSTOMER_CREATION) VALUES (203,'CREDIT_INTEREST_PREBOOKING','N','Y','Y','Y','Y','N','Y',NULL,'N','N',#CURRENT_TIMESTAMP#,0);
INSERT INTO MOB_USE_CASES (ID_USE_CASE,STR_USE_CASE,BOL_IS_ACTOR_PAYEE,BOL_DISABLE_LIMITS,BOL_IS_PUBLIC,BOL_ALLOW_DIFFERING_AMOUNT,BOL_ALLOW_IDENTCL_PAYER_PAYEE,BOL_ALLOW_ANON_PARTICIPANT,BOL_COPY_EX_RATE_FROM_AUTH,INT_AUTO_CANCEL_AFTER_MINUTES,BOL_AUTO_CAPTURE_REQUIRED,BOL_AUTO_CAPTURE_FORBIDDEN,DAT_CREATION,ID_CUSTOMER_CREATION) VALUES (204,'DEBIT_INTEREST_PREBOOKING','N','Y','Y','Y','Y','N','Y',NULL,'N','N',#CURRENT_TIMESTAMP#,0);
INSERT INTO MOB_USE_CASES (ID_USE_CASE,STR_USE_CASE,BOL_IS_ACTOR_PAYEE,BOL_DISABLE_LIMITS,BOL_IS_PUBLIC,BOL_ALLOW_DIFFERING_AMOUNT,BOL_ALLOW_IDENTCL_PAYER_PAYEE,BOL_ALLOW_ANON_PARTICIPANT,BOL_COPY_EX_RATE_FROM_AUTH,INT_AUTO_CANCEL_AFTER_MINUTES,BOL_AUTO_CAPTURE_REQUIRED,BOL_AUTO_CAPTURE_FORBIDDEN,DAT_CREATION,ID_CUSTOMER_CREATION) VALUES (205,'CREDIT_INTEREST_CLEARING','N','Y','Y','Y','Y','N','Y',NULL,'N','N',#CURRENT_TIMESTAMP#,0);
INSERT INTO MOB_USE_CASES (ID_USE_CASE,STR_USE_CASE,BOL_IS_ACTOR_PAYEE,BOL_DISABLE_LIMITS,BOL_IS_PUBLIC,BOL_ALLOW_DIFFERING_AMOUNT,BOL_ALLOW_IDENTCL_PAYER_PAYEE,BOL_ALLOW_ANON_PARTICIPANT,BOL_COPY_EX_RATE_FROM_AUTH,INT_AUTO_CANCEL_AFTER_MINUTES,BOL_AUTO_CAPTURE_REQUIRED,BOL_AUTO_CAPTURE_FORBIDDEN,DAT_CREATION,ID_CUSTOMER_CREATION) VALUES (206,'DEBIT_INTEREST_CLEARING','N','Y','Y','Y','Y','N','Y',NULL,'N','N',#CURRENT_TIMESTAMP#,0);

-- INSERTING into MOB_AUTH_METHOD_RULES
INSERT INTO MOB_AUTH_METHOD_RULES (ID_AUTHENTICATION_METHOD_RULE,STR_AUTHENTICATION_METHOD_RULE,DAT_CREATION,ID_CUSTOMER_CREATION) VALUES (1,'C2C Push',#CURRENT_TIMESTAMP#,0);
INSERT INTO MOB_AUTH_METHOD_RULES (ID_AUTHENTICATION_METHOD_RULE,STR_AUTHENTICATION_METHOD_RULE,DAT_CREATION,ID_CUSTOMER_CREATION) VALUES (3,'GatherPin for B2C Pull',#CURRENT_TIMESTAMP#,0);
INSERT INTO MOB_AUTH_METHOD_RULES (ID_AUTHENTICATION_METHOD_RULE,STR_AUTHENTICATION_METHOD_RULE,DAT_CREATION,ID_CUSTOMER_CREATION) VALUES (2,'B2C Pull',#CURRENT_TIMESTAMP#,0);
INSERT INTO MOB_AUTH_METHOD_RULES (ID_AUTHENTICATION_METHOD_RULE,STR_AUTHENTICATION_METHOD_RULE,DAT_CREATION,ID_CUSTOMER_CREATION) VALUES (6,'WAP Push',#CURRENT_TIMESTAMP#,0);
INSERT INTO MOB_AUTH_METHOD_RULES (ID_AUTHENTICATION_METHOD_RULE,STR_AUTHENTICATION_METHOD_RULE,DAT_CREATION,ID_CUSTOMER_CREATION) VALUES (7,'SMS AoC',#CURRENT_TIMESTAMP#,0);
INSERT INTO MOB_AUTH_METHOD_RULES (ID_AUTHENTICATION_METHOD_RULE,STR_AUTHENTICATION_METHOD_RULE,DAT_CREATION,ID_CUSTOMER_CREATION) VALUES (4,'No Auth',#CURRENT_TIMESTAMP#,0);
INSERT INTO MOB_AUTH_METHOD_RULES (ID_AUTHENTICATION_METHOD_RULE,STR_AUTHENTICATION_METHOD_RULE,DAT_CREATION,ID_CUSTOMER_CREATION) VALUES (5,'IVR',#CURRENT_TIMESTAMP#,0);
INSERT INTO MOB_AUTH_METHOD_RULES (ID_AUTHENTICATION_METHOD_RULE,STR_AUTHENTICATION_METHOD_RULE,DAT_CREATION,ID_CUSTOMER_CREATION) VALUES (8,'USSD Push',#CURRENT_TIMESTAMP#,0);
INSERT INTO MOB_AUTH_METHOD_RULES (ID_AUTHENTICATION_METHOD_RULE,STR_AUTHENTICATION_METHOD_RULE,DAT_CREATION,ID_CUSTOMER_CREATION) VALUES (9,'OTP',#CURRENT_TIMESTAMP#,0);

-- INSERTING into MOB_AUTH_METHOD_RULE_STEPS
INSERT INTO MOB_AUTH_METHOD_RULE_STEPS (ID_AUTHENTICATION_METHOD_RULE,INT_ORDER,AMNT_MAX_AMOUNT_ALLOWED,ID_AUTHENTICATION_METHOD,ID_CURRENCY,DAT_CREATION,ID_CUSTOMER_CREATION) VALUES (1,1,null,1,'EUR',#CURRENT_TIMESTAMP#,0);
INSERT INTO MOB_AUTH_METHOD_RULE_STEPS (ID_AUTHENTICATION_METHOD_RULE,INT_ORDER,AMNT_MAX_AMOUNT_ALLOWED,ID_AUTHENTICATION_METHOD,ID_CURRENCY,DAT_CREATION,ID_CUSTOMER_CREATION) VALUES (3,1,null,6,'EUR',#CURRENT_TIMESTAMP#,0);
INSERT INTO MOB_AUTH_METHOD_RULE_STEPS (ID_AUTHENTICATION_METHOD_RULE,INT_ORDER,AMNT_MAX_AMOUNT_ALLOWED,ID_AUTHENTICATION_METHOD,ID_CURRENCY,DAT_CREATION,ID_CUSTOMER_CREATION) VALUES (2,1,null,5,'EUR',#CURRENT_TIMESTAMP#,0);
INSERT INTO MOB_AUTH_METHOD_RULE_STEPS (ID_AUTHENTICATION_METHOD_RULE,INT_ORDER,AMNT_MAX_AMOUNT_ALLOWED,ID_AUTHENTICATION_METHOD,ID_CURRENCY,DAT_CREATION,ID_CUSTOMER_CREATION) VALUES (6,1,null,7,'EUR',#CURRENT_TIMESTAMP#,0);
INSERT INTO MOB_AUTH_METHOD_RULE_STEPS (ID_AUTHENTICATION_METHOD_RULE,INT_ORDER,AMNT_MAX_AMOUNT_ALLOWED,ID_AUTHENTICATION_METHOD,ID_CURRENCY,DAT_CREATION,ID_CUSTOMER_CREATION) VALUES (7,1,null,4,'EUR',#CURRENT_TIMESTAMP#,0);
INSERT INTO MOB_AUTH_METHOD_RULE_STEPS (ID_AUTHENTICATION_METHOD_RULE,INT_ORDER,AMNT_MAX_AMOUNT_ALLOWED,ID_AUTHENTICATION_METHOD,ID_CURRENCY,DAT_CREATION,ID_CUSTOMER_CREATION) VALUES (4,1,null,0,'EUR',#CURRENT_TIMESTAMP#,0);
INSERT INTO MOB_AUTH_METHOD_RULE_STEPS (ID_AUTHENTICATION_METHOD_RULE,INT_ORDER,AMNT_MAX_AMOUNT_ALLOWED,ID_AUTHENTICATION_METHOD,ID_CURRENCY,DAT_CREATION,ID_CUSTOMER_CREATION) VALUES (5,1,null,1,'EUR',#CURRENT_TIMESTAMP#,0);
INSERT INTO MOB_AUTH_METHOD_RULE_STEPS (ID_AUTHENTICATION_METHOD_RULE,INT_ORDER,AMNT_MAX_AMOUNT_ALLOWED,ID_AUTHENTICATION_METHOD,ID_CURRENCY,DAT_CREATION,ID_CUSTOMER_CREATION) VALUES (8,1,null,8,'EUR',#CURRENT_TIMESTAMP#,0);
INSERT INTO MOB_AUTH_METHOD_RULE_STEPS (ID_AUTHENTICATION_METHOD_RULE,INT_ORDER,AMNT_MAX_AMOUNT_ALLOWED,ID_AUTHENTICATION_METHOD,ID_CURRENCY,DAT_CREATION,ID_CUSTOMER_CREATION) VALUES (9,1,null,9,'EUR',#CURRENT_TIMESTAMP#,0);

-- INSERTING into MOB_AUTH_MATRIX
INSERT INTO MOB_AUTH_MATRIX (ID_ENTITY,ID_PAYEE,ID_ORDER_CHANNEL,ID_PI_TYPE,ID_AUTHENTICATION_METHOD_RULE,ID_USE_CASE,ID_ORGUNIT,BOL_IS_PAYER,ID_PAYER,DAT_CREATION,ID_CUSTOMER_CREATION) VALUES (#SEQ_VAL# * 50,null,null,null,4,150,null,'Y',null,#CURRENT_TIMESTAMP#,0);
INSERT INTO MOB_AUTH_MATRIX (ID_ENTITY,ID_PAYEE,ID_ORDER_CHANNEL,ID_PI_TYPE,ID_AUTHENTICATION_METHOD_RULE,ID_USE_CASE,ID_ORGUNIT,BOL_IS_PAYER,ID_PAYER,DAT_CREATION,ID_CUSTOMER_CREATION) VALUES (#SEQ_VAL# * 50,null,null,null,4,160,null,'Y',null,#CURRENT_TIMESTAMP#,0);
INSERT INTO MOB_AUTH_MATRIX (ID_ENTITY,ID_PAYEE,ID_ORDER_CHANNEL,ID_PI_TYPE,ID_AUTHENTICATION_METHOD_RULE,ID_USE_CASE,ID_ORGUNIT,BOL_IS_PAYER,ID_PAYER,DAT_CREATION,ID_CUSTOMER_CREATION) VALUES (#SEQ_VAL# * 50,null,null,null,4,161,null,'Y',null,#CURRENT_TIMESTAMP#,0);
INSERT INTO MOB_AUTH_MATRIX (ID_ENTITY,ID_PAYEE,ID_ORDER_CHANNEL,ID_PI_TYPE,ID_AUTHENTICATION_METHOD_RULE,ID_USE_CASE,ID_ORGUNIT,BOL_IS_PAYER,ID_PAYER,DAT_CREATION,ID_CUSTOMER_CREATION) VALUES (#SEQ_VAL# * 50,null,null,null,4,171,null,'Y',null,#CURRENT_TIMESTAMP#,0);
INSERT INTO MOB_AUTH_MATRIX (ID_ENTITY,ID_PAYEE,ID_ORDER_CHANNEL,ID_PI_TYPE,ID_AUTHENTICATION_METHOD_RULE,ID_USE_CASE,ID_ORGUNIT,BOL_IS_PAYER,ID_PAYER,DAT_CREATION,ID_CUSTOMER_CREATION) VALUES (#SEQ_VAL# * 50,null,null,null,4,172,null,'Y',null,#CURRENT_TIMESTAMP#,0);
INSERT INTO MOB_AUTH_MATRIX (ID_ENTITY,ID_PAYEE,ID_ORDER_CHANNEL,ID_PI_TYPE,ID_AUTHENTICATION_METHOD_RULE,ID_USE_CASE,ID_ORGUNIT,BOL_IS_PAYER,ID_PAYER,DAT_CREATION,ID_CUSTOMER_CREATION) VALUES (#SEQ_VAL# * 50,null,null,null,4,173,null,'Y',null,#CURRENT_TIMESTAMP#,0);
INSERT INTO MOB_AUTH_MATRIX (ID_ENTITY,ID_PAYEE,ID_ORDER_CHANNEL,ID_PI_TYPE,ID_AUTHENTICATION_METHOD_RULE,ID_USE_CASE,ID_ORGUNIT,BOL_IS_PAYER,ID_PAYER,DAT_CREATION,ID_CUSTOMER_CREATION) VALUES (#SEQ_VAL# * 50,null,null,null,4,174,null,'Y',null,#CURRENT_TIMESTAMP#,0);
INSERT INTO MOB_AUTH_MATRIX (ID_ENTITY,ID_PAYEE,ID_ORDER_CHANNEL,ID_PI_TYPE,ID_AUTHENTICATION_METHOD_RULE,ID_USE_CASE,ID_ORGUNIT,BOL_IS_PAYER,ID_PAYER,DAT_CREATION,ID_CUSTOMER_CREATION) VALUES (#SEQ_VAL# * 50,null,null,null,4,175,null,'Y',null,#CURRENT_TIMESTAMP#,0);
INSERT INTO MOB_AUTH_MATRIX (ID_ENTITY,ID_PAYEE,ID_ORDER_CHANNEL,ID_PI_TYPE,ID_AUTHENTICATION_METHOD_RULE,ID_USE_CASE,ID_ORGUNIT,BOL_IS_PAYER,ID_PAYER,DAT_CREATION,ID_CUSTOMER_CREATION) VALUES (#SEQ_VAL# * 50,null,null,null,4,177,null,'Y',null,#CURRENT_TIMESTAMP#,0);
INSERT INTO MOB_AUTH_MATRIX (ID_ENTITY,ID_PAYEE,ID_ORDER_CHANNEL,ID_PI_TYPE,ID_AUTHENTICATION_METHOD_RULE,ID_USE_CASE,ID_ORGUNIT,BOL_IS_PAYER,ID_PAYER,DAT_CREATION,ID_CUSTOMER_CREATION) VALUES (#SEQ_VAL# * 50,null,null,null,4,179,null,'Y',null,#CURRENT_TIMESTAMP#,0);
INSERT INTO MOB_AUTH_MATRIX (ID_ENTITY,ID_PAYEE,ID_ORDER_CHANNEL,ID_PI_TYPE,ID_AUTHENTICATION_METHOD_RULE,ID_USE_CASE,ID_ORGUNIT,BOL_IS_PAYER,ID_PAYER,DAT_CREATION,ID_CUSTOMER_CREATION) VALUES (#SEQ_VAL# * 50,null,null,null,4,184,null,'Y',null,#CURRENT_TIMESTAMP#,0);
INSERT INTO MOB_AUTH_MATRIX (ID_ENTITY,ID_PAYEE,ID_ORDER_CHANNEL,ID_PI_TYPE,ID_AUTHENTICATION_METHOD_RULE,ID_USE_CASE,ID_ORGUNIT,BOL_IS_PAYER,ID_PAYER,DAT_CREATION,ID_CUSTOMER_CREATION) VALUES (#SEQ_VAL# * 50,null,null,null,4,186,null,'Y',null,#CURRENT_TIMESTAMP#,0);
INSERT INTO MOB_AUTH_MATRIX (ID_ENTITY,ID_PAYEE,ID_ORDER_CHANNEL,ID_PI_TYPE,ID_AUTHENTICATION_METHOD_RULE,ID_USE_CASE,ID_ORGUNIT,BOL_IS_PAYER,ID_PAYER,DAT_CREATION,ID_CUSTOMER_CREATION) VALUES (#SEQ_VAL# * 50,null,null,null,4,191,null,'Y',null,#CURRENT_TIMESTAMP#,0);
INSERT INTO MOB_AUTH_MATRIX (ID_ENTITY,ID_PAYEE,ID_ORDER_CHANNEL,ID_PI_TYPE,ID_AUTHENTICATION_METHOD_RULE,ID_USE_CASE,ID_ORGUNIT,BOL_IS_PAYER,ID_PAYER,DAT_CREATION,ID_CUSTOMER_CREATION) VALUES (#SEQ_VAL# * 50,null,null,null,4,193,null,'Y',null,#CURRENT_TIMESTAMP#,0);
INSERT INTO MOB_AUTH_MATRIX (ID_ENTITY,ID_PAYEE,ID_ORDER_CHANNEL,ID_PI_TYPE,ID_AUTHENTICATION_METHOD_RULE,ID_USE_CASE,ID_ORGUNIT,BOL_IS_PAYER,ID_PAYER,DAT_CREATION,ID_CUSTOMER_CREATION) VALUES (#SEQ_VAL# * 50,null,null,null,4,194,null,'Y',null,#CURRENT_TIMESTAMP#,0);
INSERT INTO MOB_AUTH_MATRIX (ID_ENTITY,ID_PAYEE,ID_ORDER_CHANNEL,ID_PI_TYPE,ID_AUTHENTICATION_METHOD_RULE,ID_USE_CASE,ID_ORGUNIT,BOL_IS_PAYER,ID_PAYER,DAT_CREATION,ID_CUSTOMER_CREATION) VALUES (#SEQ_VAL# * 50,null,null,null,4,195,null,'Y',null,#CURRENT_TIMESTAMP#,0);
INSERT INTO MOB_AUTH_MATRIX (ID_ENTITY,ID_PAYEE,ID_ORDER_CHANNEL,ID_PI_TYPE,ID_AUTHENTICATION_METHOD_RULE,ID_USE_CASE,ID_ORGUNIT,BOL_IS_PAYER,ID_PAYER,DAT_CREATION,ID_CUSTOMER_CREATION) VALUES (#SEQ_VAL# * 50,null,null,null,4,197,null,'Y',null,#CURRENT_TIMESTAMP#,0);
INSERT INTO MOB_AUTH_MATRIX (ID_ENTITY,ID_PAYEE,ID_ORDER_CHANNEL,ID_PI_TYPE,ID_AUTHENTICATION_METHOD_RULE,ID_USE_CASE,ID_ORGUNIT,BOL_IS_PAYER,ID_PAYER,DAT_CREATION,ID_CUSTOMER_CREATION) VALUES (#SEQ_VAL# * 50,null,null,null,4,198,null,'Y',null,#CURRENT_TIMESTAMP#,0);
INSERT INTO MOB_AUTH_MATRIX (ID_ENTITY,ID_PAYEE,ID_ORDER_CHANNEL,ID_PI_TYPE,ID_AUTHENTICATION_METHOD_RULE,ID_USE_CASE,ID_ORGUNIT,BOL_IS_PAYER,ID_PAYER,DAT_CREATION,ID_CUSTOMER_CREATION) VALUES (#SEQ_VAL# * 50,null,null,null,4,199,null,'Y',null,#CURRENT_TIMESTAMP#,0);
INSERT INTO MOB_AUTH_MATRIX (ID_ENTITY,ID_PAYEE,ID_ORDER_CHANNEL,ID_PI_TYPE,ID_AUTHENTICATION_METHOD_RULE,ID_USE_CASE,ID_ORGUNIT,BOL_IS_PAYER,ID_PAYER,DAT_CREATION,ID_CUSTOMER_CREATION) VALUES (#SEQ_VAL# * 50,null,null,null,4,201,null,'N',null,#CURRENT_TIMESTAMP#,0);
INSERT INTO MOB_AUTH_MATRIX (ID_ENTITY,ID_PAYEE,ID_ORDER_CHANNEL,ID_PI_TYPE,ID_AUTHENTICATION_METHOD_RULE,ID_USE_CASE,ID_ORGUNIT,BOL_IS_PAYER,ID_PAYER,DAT_CREATION,ID_CUSTOMER_CREATION) VALUES (#SEQ_VAL# * 50,null,null,null,4,201,null,'Y',null,#CURRENT_TIMESTAMP#,0);
INSERT INTO MOB_AUTH_MATRIX (ID_ENTITY,ID_PAYEE,ID_ORDER_CHANNEL,ID_PI_TYPE,ID_AUTHENTICATION_METHOD_RULE,ID_USE_CASE,ID_ORGUNIT,BOL_IS_PAYER,ID_PAYER,DAT_CREATION,ID_CUSTOMER_CREATION) VALUES (#SEQ_VAL# * 50,null,null,null,4,202,null,'Y',null,#CURRENT_TIMESTAMP#,0);
INSERT INTO MOB_AUTH_MATRIX (ID_ENTITY,ID_USE_CASE,BOL_IS_PAYER,ID_PAYER,ID_ORGUNIT,ID_PAYEE,ID_ORDER_CHANNEL,ID_PI_TYPE,ID_AUTHENTICATION_METHOD_RULE,DAT_CREATION,ID_CUSTOMER_CREATION) VALUES (#SEQ_VAL# * 50,176,'Y',null,null,null,null,null,4,#CURRENT_TIMESTAMP#,0);
INSERT INTO MOB_AUTH_MATRIX (ID_ENTITY,ID_USE_CASE,BOL_IS_PAYER,ID_PAYER,ID_ORGUNIT,ID_PAYEE,ID_ORDER_CHANNEL,ID_PI_TYPE,ID_AUTHENTICATION_METHOD_RULE,DAT_CREATION,ID_CUSTOMER_CREATION) VALUES (#SEQ_VAL# * 50,180,'Y',null,null,null,null,null,4,#CURRENT_TIMESTAMP#,0);
INSERT INTO MOB_AUTH_MATRIX (ID_ENTITY,ID_USE_CASE,BOL_IS_PAYER,ID_PAYER,ID_ORGUNIT,ID_PAYEE,ID_ORDER_CHANNEL,ID_PI_TYPE,ID_AUTHENTICATION_METHOD_RULE,DAT_CREATION,ID_CUSTOMER_CREATION) VALUES (#SEQ_VAL# * 50,181,'Y',null,null,null,null,null,4,#CURRENT_TIMESTAMP#,0);
INSERT INTO MOB_AUTH_MATRIX (ID_ENTITY,ID_USE_CASE,BOL_IS_PAYER,ID_PAYER,ID_ORGUNIT,ID_PAYEE,ID_ORDER_CHANNEL,ID_PI_TYPE,ID_AUTHENTICATION_METHOD_RULE,DAT_CREATION,ID_CUSTOMER_CREATION) VALUES (#SEQ_VAL# * 50,182,'Y',null,null,null,null,null,4,#CURRENT_TIMESTAMP#,0);
INSERT INTO MOB_AUTH_MATRIX (ID_ENTITY,ID_USE_CASE,BOL_IS_PAYER,ID_PAYER,ID_ORGUNIT,ID_PAYEE,ID_ORDER_CHANNEL,ID_PI_TYPE,ID_AUTHENTICATION_METHOD_RULE,DAT_CREATION,ID_CUSTOMER_CREATION) VALUES (#SEQ_VAL# * 50,183,'Y',null,null,null,null,null,4,#CURRENT_TIMESTAMP#,0);
INSERT INTO MOB_AUTH_MATRIX (ID_ENTITY,ID_USE_CASE,BOL_IS_PAYER,ID_PAYER,ID_ORGUNIT,ID_PAYEE,ID_ORDER_CHANNEL,ID_PI_TYPE,ID_AUTHENTICATION_METHOD_RULE,DAT_CREATION,ID_CUSTOMER_CREATION) VALUES (#SEQ_VAL# * 50,203,'Y',NULL,NULL,NULL,NULL,NULL,4,#CURRENT_TIMESTAMP#,0);
INSERT INTO MOB_AUTH_MATRIX (ID_ENTITY,ID_USE_CASE,BOL_IS_PAYER,ID_PAYER,ID_ORGUNIT,ID_PAYEE,ID_ORDER_CHANNEL,ID_PI_TYPE,ID_AUTHENTICATION_METHOD_RULE,DAT_CREATION,ID_CUSTOMER_CREATION) VALUES (#SEQ_VAL# * 50,205,'Y',NULL,NULL,NULL,NULL,NULL,4,#CURRENT_TIMESTAMP#,0);
INSERT INTO MOB_AUTH_MATRIX (ID_ENTITY,ID_USE_CASE,BOL_IS_PAYER,ID_PAYER,ID_ORGUNIT,ID_PAYEE,ID_ORDER_CHANNEL,ID_PI_TYPE,ID_AUTHENTICATION_METHOD_RULE,DAT_CREATION,ID_CUSTOMER_CREATION) VALUES (#SEQ_VAL# * 50,204,'Y',NULL,NULL,NULL,NULL,NULL,4,#CURRENT_TIMESTAMP#,0);
INSERT INTO MOB_AUTH_MATRIX (ID_ENTITY,ID_USE_CASE,BOL_IS_PAYER,ID_PAYER,ID_ORGUNIT,ID_PAYEE,ID_ORDER_CHANNEL,ID_PI_TYPE,ID_AUTHENTICATION_METHOD_RULE,DAT_CREATION,ID_CUSTOMER_CREATION) VALUES (#SEQ_VAL# * 50,206,'Y',NULL,NULL,NULL,NULL,NULL,4,#CURRENT_TIMESTAMP#,0);

-- INSERTING into MOB_PI_TYPES
-- INSERTING into MOB_PI_TYPES
INSERT INTO MOB_PI_TYPES (ID_PI_TYPE,STR_PI_TYPE,DAT_CREATION,ID_CUSTOMER_CREATION,DAT_LAST_UPDATE,ID_CUSTOMER_LAST_UPDATE,ID_ISSUER,ID_PI_CLASS,BOL_CREDIT_ALLOWED,BOL_DEBIT_ALLOWED,ID_SETTLEMENT_INSTRUMENT,ID_SETTLEMENT_MODE,ID_BOOKING_MODE,ID_DEFAULT_CLEARING_MODE,BOL_EXTERNAL_CLEARING_CONTROL) VALUES (0,'System SVA',null,0,null,0,null,0,'Y','Y',null,'none',0,'DC','N');
INSERT INTO MOB_PI_TYPES (ID_PI_TYPE,STR_PI_TYPE,DAT_CREATION,ID_CUSTOMER_CREATION,DAT_LAST_UPDATE,ID_CUSTOMER_LAST_UPDATE,ID_ISSUER,ID_PI_CLASS,BOL_CREDIT_ALLOWED,BOL_DEBIT_ALLOWED,ID_SETTLEMENT_INSTRUMENT,ID_SETTLEMENT_MODE,ID_BOOKING_MODE,ID_DEFAULT_CLEARING_MODE,BOL_EXTERNAL_CLEARING_CONTROL) VALUES (40,'Standard Bank Account',null,0,null,null,null,4,'Y','Y',null,'none',0,null,'N');
INSERT INTO MOB_PI_TYPES (ID_PI_TYPE,STR_PI_TYPE,DAT_CREATION,ID_CUSTOMER_CREATION,DAT_LAST_UPDATE,ID_CUSTOMER_LAST_UPDATE,ID_ISSUER,ID_PI_CLASS,BOL_CREDIT_ALLOWED,BOL_DEBIT_ALLOWED,ID_SETTLEMENT_INSTRUMENT,ID_SETTLEMENT_MODE,ID_BOOKING_MODE,ID_DEFAULT_CLEARING_MODE,BOL_EXTERNAL_CLEARING_CONTROL) VALUES (41,'Standard Bank Account',null,0,null,null,null,4,'Y','Y',null,'none',0,null,'N');
INSERT INTO MOB_PI_TYPES (ID_PI_TYPE,STR_PI_TYPE,DAT_CREATION,ID_CUSTOMER_CREATION,DAT_LAST_UPDATE,ID_CUSTOMER_LAST_UPDATE,ID_ISSUER,ID_PI_CLASS,BOL_CREDIT_ALLOWED,BOL_DEBIT_ALLOWED,ID_SETTLEMENT_INSTRUMENT,ID_SETTLEMENT_MODE,ID_BOOKING_MODE,ID_DEFAULT_CLEARING_MODE,BOL_EXTERNAL_CLEARING_CONTROL) VALUES (45,'Standard Bank Account',null,0,null,null,null,4,'Y','Y',null,'none',0,null,'N');
INSERT INTO MOB_PI_TYPES (ID_PI_TYPE,STR_PI_TYPE,DAT_CREATION,ID_CUSTOMER_CREATION,DAT_LAST_UPDATE,ID_CUSTOMER_LAST_UPDATE,ID_ISSUER,ID_PI_CLASS,BOL_CREDIT_ALLOWED,BOL_DEBIT_ALLOWED,ID_SETTLEMENT_INSTRUMENT,ID_SETTLEMENT_MODE,ID_BOOKING_MODE,ID_DEFAULT_CLEARING_MODE,BOL_EXTERNAL_CLEARING_CONTROL) VALUES (20,'Standard Credit Card',null,0,null,null,null,2,'Y','Y',null,'none',0,null,'N');
INSERT INTO MOB_PI_TYPES (ID_PI_TYPE,STR_PI_TYPE,DAT_CREATION,ID_CUSTOMER_CREATION,DAT_LAST_UPDATE,ID_CUSTOMER_LAST_UPDATE,ID_ISSUER,ID_PI_CLASS,BOL_CREDIT_ALLOWED,BOL_DEBIT_ALLOWED,ID_SETTLEMENT_INSTRUMENT,ID_SETTLEMENT_MODE,ID_BOOKING_MODE,ID_DEFAULT_CLEARING_MODE,BOL_EXTERNAL_CLEARING_CONTROL) VALUES (21,'Standard Credit Card',null,0,null,null,null,2,'Y','Y',null,'none',0,null,'N');
INSERT INTO MOB_PI_TYPES (ID_PI_TYPE,STR_PI_TYPE,DAT_CREATION,ID_CUSTOMER_CREATION,DAT_LAST_UPDATE,ID_CUSTOMER_LAST_UPDATE,ID_ISSUER,ID_PI_CLASS,BOL_CREDIT_ALLOWED,BOL_DEBIT_ALLOWED,ID_SETTLEMENT_INSTRUMENT,ID_SETTLEMENT_MODE,ID_BOOKING_MODE,ID_DEFAULT_CLEARING_MODE,BOL_EXTERNAL_CLEARING_CONTROL) VALUES (60,'Generic Internal Voucher',null,0,null,null,null,6,'Y','Y',null,'none',0,null,'N');
INSERT INTO MOB_PI_TYPES (ID_PI_TYPE,STR_PI_TYPE,ID_ISSUER,ID_PI_CLASS,BOL_CREDIT_ALLOWED,BOL_DEBIT_ALLOWED,ID_SETTLEMENT_INSTRUMENT,ID_SETTLEMENT_MODE,ID_FEE_SETTLEMENT_MODE,ID_BOOKING_MODE,ID_DEFAULT_CLEARING_MODE,ID_DEFAULT_FEE_CLEARING_MODE,BOL_EXTERNAL_CLEARING_CONTROL,DAT_CREATION,ID_CUSTOMER_CREATION,DAT_LAST_UPDATE,ID_CUSTOMER_LAST_UPDATE) VALUES (46,'Send Money To Bank',null,4,'Y','Y',null,'none',null,0,null,null,'N',null,null,null,null);
INSERT INTO MOB_PI_TYPES (ID_PI_TYPE,STR_PI_TYPE,ID_ISSUER,ID_PI_CLASS,BOL_CREDIT_ALLOWED,BOL_DEBIT_ALLOWED,ID_SETTLEMENT_INSTRUMENT,ID_SETTLEMENT_MODE,ID_FEE_SETTLEMENT_MODE,ID_BOOKING_MODE,ID_DEFAULT_CLEARING_MODE,ID_DEFAULT_FEE_CLEARING_MODE,BOL_EXTERNAL_CLEARING_CONTROL,DAT_CREATION,ID_CUSTOMER_CREATION,DAT_LAST_UPDATE,ID_CUSTOMER_LAST_UPDATE) VALUES (71,'Airtime Topup',null,7,'Y','Y',null,'none',null,0,null,null,'N',null,null,null,null);
INSERT INTO MOB_PI_TYPES (ID_PI_TYPE,STR_PI_TYPE,ID_ISSUER,ID_PI_CLASS,BOL_CREDIT_ALLOWED,BOL_DEBIT_ALLOWED,ID_SETTLEMENT_INSTRUMENT,ID_SETTLEMENT_MODE,ID_FEE_SETTLEMENT_MODE,ID_BOOKING_MODE,ID_DEFAULT_CLEARING_MODE,ID_DEFAULT_FEE_CLEARING_MODE,BOL_EXTERNAL_CLEARING_CONTROL,DAT_CREATION,ID_CUSTOMER_CREATION,DAT_LAST_UPDATE,ID_CUSTOMER_LAST_UPDATE) VALUES (70,'CST External Account',null,7,'Y','Y',null,'none',null,0,null,null,'N',null,null,null,null);
INSERT INTO MOB_PI_TYPES (ID_PI_TYPE,STR_PI_TYPE,ID_ISSUER,ID_PI_CLASS,BOL_CREDIT_ALLOWED,BOL_DEBIT_ALLOWED,ID_SETTLEMENT_INSTRUMENT,ID_SETTLEMENT_MODE,ID_FEE_SETTLEMENT_MODE,ID_BOOKING_MODE,ID_DEFAULT_CLEARING_MODE,ID_DEFAULT_FEE_CLEARING_MODE,BOL_EXTERNAL_CLEARING_CONTROL,DAT_CREATION,ID_CUSTOMER_CREATION,DAT_LAST_UPDATE,ID_CUSTOMER_LAST_UPDATE) VALUES (47,'INTEREST INCOME ACCOUNT',NULL,4,'Y','Y',NULL,'none',NULL,0,NULL,NULL,'N',NULL,NULL,NULL,NULL);
INSERT INTO MOB_PI_TYPES (ID_PI_TYPE,STR_PI_TYPE,ID_ISSUER,ID_PI_CLASS,BOL_CREDIT_ALLOWED,BOL_DEBIT_ALLOWED,ID_SETTLEMENT_INSTRUMENT,ID_SETTLEMENT_MODE,ID_FEE_SETTLEMENT_MODE,ID_BOOKING_MODE,ID_DEFAULT_CLEARING_MODE,ID_DEFAULT_FEE_CLEARING_MODE,BOL_EXTERNAL_CLEARING_CONTROL,DAT_CREATION,ID_CUSTOMER_CREATION,DAT_LAST_UPDATE,ID_CUSTOMER_LAST_UPDATE) VALUES (48,'INTEREST EXPENSE ACCOUNT',NULL,4,'Y','Y',NULL,'none',NULL,0,NULL,NULL,'N',NULL,NULL,NULL,NULL);
INSERT INTO MOB_PI_TYPES (ID_PI_TYPE,STR_PI_TYPE,ID_ISSUER,ID_PI_CLASS,BOL_CREDIT_ALLOWED,BOL_DEBIT_ALLOWED,ID_SETTLEMENT_INSTRUMENT,ID_SETTLEMENT_MODE,ID_FEE_SETTLEMENT_MODE,ID_BOOKING_MODE,ID_DEFAULT_CLEARING_MODE,ID_DEFAULT_FEE_CLEARING_MODE,BOL_EXTERNAL_CLEARING_CONTROL,DAT_CREATION,ID_CUSTOMER_CREATION,DAT_LAST_UPDATE,ID_CUSTOMER_LAST_UPDATE) VALUES (7,'DEBIT INTEREST CLEARING ACCOUNT',NULL,0,'Y','Y',NULL,'none',NULL,0,NULL,NULL,'N',NULL,NULL,NULL,NULL);
INSERT INTO MOB_PI_TYPES (ID_PI_TYPE,STR_PI_TYPE,ID_ISSUER,ID_PI_CLASS,BOL_CREDIT_ALLOWED,BOL_DEBIT_ALLOWED,ID_SETTLEMENT_INSTRUMENT,ID_SETTLEMENT_MODE,ID_FEE_SETTLEMENT_MODE,ID_BOOKING_MODE,ID_DEFAULT_CLEARING_MODE,ID_DEFAULT_FEE_CLEARING_MODE,BOL_EXTERNAL_CLEARING_CONTROL,DAT_CREATION,ID_CUSTOMER_CREATION,DAT_LAST_UPDATE,ID_CUSTOMER_LAST_UPDATE) VALUES (8,'CREDIT INTEREST CLEARING ACCOUNT',NULL,0,'Y','Y',NULL,'none',NULL,0,NULL,NULL,'N',NULL,NULL,NULL,NULL);
INSERT INTO MOB_PI_TYPES (ID_PI_TYPE,STR_PI_TYPE,ID_ISSUER,ID_PI_CLASS,BOL_CREDIT_ALLOWED,BOL_DEBIT_ALLOWED,ID_SETTLEMENT_INSTRUMENT,ID_SETTLEMENT_MODE,ID_FEE_SETTLEMENT_MODE,ID_BOOKING_MODE,ID_DEFAULT_CLEARING_MODE,ID_DEFAULT_FEE_CLEARING_MODE,BOL_EXTERNAL_CLEARING_CONTROL,DAT_CREATION,ID_CUSTOMER_CREATION,DAT_LAST_UPDATE,ID_CUSTOMER_LAST_UPDATE) VALUES (9,'TAX CLEARING ACCOUNT',NULL,0,'Y','Y',NULL,'none',NULL,0,NULL,NULL,'N',NULL,NULL,NULL,NULL);
INSERT INTO MOB_PI_TYPES (ID_PI_TYPE,STR_PI_TYPE,ID_PI_CLASS,BOL_CREDIT_ALLOWED,BOL_DEBIT_ALLOWED,ID_SETTLEMENT_MODE,ID_BOOKING_MODE,BOL_EXTERNAL_CLEARING_CONTROL,BOL_MANDATE_REQUIRED,DAT_CREATION,ID_CUSTOMER_CREATION) VALUES (49,'GLAccount',4,'Y','Y','none',0,'N','N',#CURRENT_TIMESTAMP#,0);

-- INSERTING into MOB_CARD_TYPES
INSERT INTO MOB_CARD_TYPES (ID_CARD_TYPE,STR_CARD_TYPE,ID_PI_TYPE,DAT_CREATION,ID_CUSTOMER_CREATION) VALUES (1,'VISA',20,#CURRENT_TIMESTAMP#,0);
INSERT INTO MOB_CARD_TYPES (ID_CARD_TYPE,STR_CARD_TYPE,ID_PI_TYPE,DAT_CREATION,ID_CUSTOMER_CREATION) VALUES (2,'MasterCard',20,#CURRENT_TIMESTAMP#,0);


-- 200 auth codes to play around with:
INSERT INTO MOB_AUTHORISATION_CODES (ID_AUTHORISATION_CODE,STR_AUTHORISATION_CODE) VALUES (1,'BGF1J2');
INSERT INTO MOB_AUTHORISATION_CODES (ID_AUTHORISATION_CODE,STR_AUTHORISATION_CODE) VALUES (2,'ATZXYL');
INSERT INTO MOB_AUTHORISATION_CODES (ID_AUTHORISATION_CODE,STR_AUTHORISATION_CODE) VALUES (3,'AQ7JAN');
INSERT INTO MOB_AUTHORISATION_CODES (ID_AUTHORISATION_CODE,STR_AUTHORISATION_CODE) VALUES (4,'BGXDH7');
INSERT INTO MOB_AUTHORISATION_CODES (ID_AUTHORISATION_CODE,STR_AUTHORISATION_CODE) VALUES (5,'ALHSRY');
INSERT INTO MOB_AUTHORISATION_CODES (ID_AUTHORISATION_CODE,STR_AUTHORISATION_CODE) VALUES (6,'A364ZA');
INSERT INTO MOB_AUTHORISATION_CODES (ID_AUTHORISATION_CODE,STR_AUTHORISATION_CODE) VALUES (7,'BC0BK1');
INSERT INTO MOB_AUTHORISATION_CODES (ID_AUTHORISATION_CODE,STR_AUTHORISATION_CODE) VALUES (8,'BAUUTG');
INSERT INTO MOB_AUTHORISATION_CODES (ID_AUTHORISATION_CODE,STR_AUTHORISATION_CODE) VALUES (9,'A6WRVN');
INSERT INTO MOB_AUTHORISATION_CODES (ID_AUTHORISATION_CODE,STR_AUTHORISATION_CODE) VALUES (10,'ACKZX8');
INSERT INTO MOB_AUTHORISATION_CODES (ID_AUTHORISATION_CODE,STR_AUTHORISATION_CODE) VALUES (11,'AVRP9A');
INSERT INTO MOB_AUTHORISATION_CODES (ID_AUTHORISATION_CODE,STR_AUTHORISATION_CODE) VALUES (12,'AQ909A');
INSERT INTO MOB_AUTHORISATION_CODES (ID_AUTHORISATION_CODE,STR_AUTHORISATION_CODE) VALUES (13,'A9XKLF');
INSERT INTO MOB_AUTHORISATION_CODES (ID_AUTHORISATION_CODE,STR_AUTHORISATION_CODE) VALUES (14,'BECC3R');
INSERT INTO MOB_AUTHORISATION_CODES (ID_AUTHORISATION_CODE,STR_AUTHORISATION_CODE) VALUES (15,'APVFU0');
INSERT INTO MOB_AUTHORISATION_CODES (ID_AUTHORISATION_CODE,STR_AUTHORISATION_CODE) VALUES (16,'BEYQXB');
INSERT INTO MOB_AUTHORISATION_CODES (ID_AUTHORISATION_CODE,STR_AUTHORISATION_CODE) VALUES (17,'AA4GMX');
INSERT INTO MOB_AUTHORISATION_CODES (ID_AUTHORISATION_CODE,STR_AUTHORISATION_CODE) VALUES (18,'AUQGK2');
INSERT INTO MOB_AUTHORISATION_CODES (ID_AUTHORISATION_CODE,STR_AUTHORISATION_CODE) VALUES (19,'AS0CA3');
INSERT INTO MOB_AUTHORISATION_CODES (ID_AUTHORISATION_CODE,STR_AUTHORISATION_CODE) VALUES (20,'AEGWKP');
INSERT INTO MOB_AUTHORISATION_CODES (ID_AUTHORISATION_CODE,STR_AUTHORISATION_CODE) VALUES (21,'AC29PS');
INSERT INTO MOB_AUTHORISATION_CODES (ID_AUTHORISATION_CODE,STR_AUTHORISATION_CODE) VALUES (22,'AXD0VR');
INSERT INTO MOB_AUTHORISATION_CODES (ID_AUTHORISATION_CODE,STR_AUTHORISATION_CODE) VALUES (23,'A8LHX3');
INSERT INTO MOB_AUTHORISATION_CODES (ID_AUTHORISATION_CODE,STR_AUTHORISATION_CODE) VALUES (24,'AH6V7A');
INSERT INTO MOB_AUTHORISATION_CODES (ID_AUTHORISATION_CODE,STR_AUTHORISATION_CODE) VALUES (25,'AT5XZE');
INSERT INTO MOB_AUTHORISATION_CODES (ID_AUTHORISATION_CODE,STR_AUTHORISATION_CODE) VALUES (26,'AV781P');
INSERT INTO MOB_AUTHORISATION_CODES (ID_AUTHORISATION_CODE,STR_AUTHORISATION_CODE) VALUES (27,'AE6JGY');
INSERT INTO MOB_AUTHORISATION_CODES (ID_AUTHORISATION_CODE,STR_AUTHORISATION_CODE) VALUES (28,'BFTAHD');
INSERT INTO MOB_AUTHORISATION_CODES (ID_AUTHORISATION_CODE,STR_AUTHORISATION_CODE) VALUES (29,'A40GBZ');
INSERT INTO MOB_AUTHORISATION_CODES (ID_AUTHORISATION_CODE,STR_AUTHORISATION_CODE) VALUES (30,'AVYZE3');
INSERT INTO MOB_AUTHORISATION_CODES (ID_AUTHORISATION_CODE,STR_AUTHORISATION_CODE) VALUES (31,'AVSMNY');
INSERT INTO MOB_AUTHORISATION_CODES (ID_AUTHORISATION_CODE,STR_AUTHORISATION_CODE) VALUES (32,'BFT3MN');
INSERT INTO MOB_AUTHORISATION_CODES (ID_AUTHORISATION_CODE,STR_AUTHORISATION_CODE) VALUES (33,'A9XL7A');
INSERT INTO MOB_AUTHORISATION_CODES (ID_AUTHORISATION_CODE,STR_AUTHORISATION_CODE) VALUES (34,'A5UY2S');
INSERT INTO MOB_AUTHORISATION_CODES (ID_AUTHORISATION_CODE,STR_AUTHORISATION_CODE) VALUES (35,'A7R1VT');
INSERT INTO MOB_AUTHORISATION_CODES (ID_AUTHORISATION_CODE,STR_AUTHORISATION_CODE) VALUES (36,'BCZ4FT');
INSERT INTO MOB_AUTHORISATION_CODES (ID_AUTHORISATION_CODE,STR_AUTHORISATION_CODE) VALUES (37,'A42TC3');
INSERT INTO MOB_AUTHORISATION_CODES (ID_AUTHORISATION_CODE,STR_AUTHORISATION_CODE) VALUES (38,'APY5YR');
INSERT INTO MOB_AUTHORISATION_CODES (ID_AUTHORISATION_CODE,STR_AUTHORISATION_CODE) VALUES (39,'BDQ82G');
INSERT INTO MOB_AUTHORISATION_CODES (ID_AUTHORISATION_CODE,STR_AUTHORISATION_CODE) VALUES (40,'AYMNZL');
INSERT INTO MOB_AUTHORISATION_CODES (ID_AUTHORISATION_CODE,STR_AUTHORISATION_CODE) VALUES (41,'ABT2QM');
INSERT INTO MOB_AUTHORISATION_CODES (ID_AUTHORISATION_CODE,STR_AUTHORISATION_CODE) VALUES (42,'BFTD4B');
INSERT INTO MOB_AUTHORISATION_CODES (ID_AUTHORISATION_CODE,STR_AUTHORISATION_CODE) VALUES (43,'A64BAB');
INSERT INTO MOB_AUTHORISATION_CODES (ID_AUTHORISATION_CODE,STR_AUTHORISATION_CODE) VALUES (44,'A07AH3');
INSERT INTO MOB_AUTHORISATION_CODES (ID_AUTHORISATION_CODE,STR_AUTHORISATION_CODE) VALUES (45,'ATU5HT');
INSERT INTO MOB_AUTHORISATION_CODES (ID_AUTHORISATION_CODE,STR_AUTHORISATION_CODE) VALUES (46,'A6VVJG');
INSERT INTO MOB_AUTHORISATION_CODES (ID_AUTHORISATION_CODE,STR_AUTHORISATION_CODE) VALUES (47,'AL6N0T');
INSERT INTO MOB_AUTHORISATION_CODES (ID_AUTHORISATION_CODE,STR_AUTHORISATION_CODE) VALUES (48,'AGCGX1');
INSERT INTO MOB_AUTHORISATION_CODES (ID_AUTHORISATION_CODE,STR_AUTHORISATION_CODE) VALUES (49,'ADVMGZ');
INSERT INTO MOB_AUTHORISATION_CODES (ID_AUTHORISATION_CODE,STR_AUTHORISATION_CODE) VALUES (50,'A4STBQ');
INSERT INTO MOB_AUTHORISATION_CODES (ID_AUTHORISATION_CODE,STR_AUTHORISATION_CODE) VALUES (51,'ACHAMQ');
INSERT INTO MOB_AUTHORISATION_CODES (ID_AUTHORISATION_CODE,STR_AUTHORISATION_CODE) VALUES (52,'AQHNRR');
INSERT INTO MOB_AUTHORISATION_CODES (ID_AUTHORISATION_CODE,STR_AUTHORISATION_CODE) VALUES (53,'AZES2D');
INSERT INTO MOB_AUTHORISATION_CODES (ID_AUTHORISATION_CODE,STR_AUTHORISATION_CODE) VALUES (54,'AE1EXR');
INSERT INTO MOB_AUTHORISATION_CODES (ID_AUTHORISATION_CODE,STR_AUTHORISATION_CODE) VALUES (55,'AATMS4');
INSERT INTO MOB_AUTHORISATION_CODES (ID_AUTHORISATION_CODE,STR_AUTHORISATION_CODE) VALUES (56,'AU7D7W');
INSERT INTO MOB_AUTHORISATION_CODES (ID_AUTHORISATION_CODE,STR_AUTHORISATION_CODE) VALUES (57,'AUXP0F');
INSERT INTO MOB_AUTHORISATION_CODES (ID_AUTHORISATION_CODE,STR_AUTHORISATION_CODE) VALUES (58,'AK0DVA');
INSERT INTO MOB_AUTHORISATION_CODES (ID_AUTHORISATION_CODE,STR_AUTHORISATION_CODE) VALUES (59,'BEP0YQ');
INSERT INTO MOB_AUTHORISATION_CODES (ID_AUTHORISATION_CODE,STR_AUTHORISATION_CODE) VALUES (60,'A4A6Z0');
INSERT INTO MOB_AUTHORISATION_CODES (ID_AUTHORISATION_CODE,STR_AUTHORISATION_CODE) VALUES (61,'AESRKM');
INSERT INTO MOB_AUTHORISATION_CODES (ID_AUTHORISATION_CODE,STR_AUTHORISATION_CODE) VALUES (62,'AURVP4');
INSERT INTO MOB_AUTHORISATION_CODES (ID_AUTHORISATION_CODE,STR_AUTHORISATION_CODE) VALUES (63,'AL95Y4');
INSERT INTO MOB_AUTHORISATION_CODES (ID_AUTHORISATION_CODE,STR_AUTHORISATION_CODE) VALUES (64,'A0M5E0');
INSERT INTO MOB_AUTHORISATION_CODES (ID_AUTHORISATION_CODE,STR_AUTHORISATION_CODE) VALUES (65,'BDS9P5');
INSERT INTO MOB_AUTHORISATION_CODES (ID_AUTHORISATION_CODE,STR_AUTHORISATION_CODE) VALUES (66,'AUP05P');
INSERT INTO MOB_AUTHORISATION_CODES (ID_AUTHORISATION_CODE,STR_AUTHORISATION_CODE) VALUES (67,'BDPKBU');
INSERT INTO MOB_AUTHORISATION_CODES (ID_AUTHORISATION_CODE,STR_AUTHORISATION_CODE) VALUES (68,'A5AZPF');
INSERT INTO MOB_AUTHORISATION_CODES (ID_AUTHORISATION_CODE,STR_AUTHORISATION_CODE) VALUES (69,'AQC7X5');
INSERT INTO MOB_AUTHORISATION_CODES (ID_AUTHORISATION_CODE,STR_AUTHORISATION_CODE) VALUES (70,'AJDU71');
INSERT INTO MOB_AUTHORISATION_CODES (ID_AUTHORISATION_CODE,STR_AUTHORISATION_CODE) VALUES (71,'A0EMDE');
INSERT INTO MOB_AUTHORISATION_CODES (ID_AUTHORISATION_CODE,STR_AUTHORISATION_CODE) VALUES (72,'BALUNP');
INSERT INTO MOB_AUTHORISATION_CODES (ID_AUTHORISATION_CODE,STR_AUTHORISATION_CODE) VALUES (73,'AV7CSB');
INSERT INTO MOB_AUTHORISATION_CODES (ID_AUTHORISATION_CODE,STR_AUTHORISATION_CODE) VALUES (74,'AMW6LS');
INSERT INTO MOB_AUTHORISATION_CODES (ID_AUTHORISATION_CODE,STR_AUTHORISATION_CODE) VALUES (75,'ANXYPW');
INSERT INTO MOB_AUTHORISATION_CODES (ID_AUTHORISATION_CODE,STR_AUTHORISATION_CODE) VALUES (76,'APQPJD');
INSERT INTO MOB_AUTHORISATION_CODES (ID_AUTHORISATION_CODE,STR_AUTHORISATION_CODE) VALUES (77,'AYVM4R');
INSERT INTO MOB_AUTHORISATION_CODES (ID_AUTHORISATION_CODE,STR_AUTHORISATION_CODE) VALUES (78,'A19EPB');
INSERT INTO MOB_AUTHORISATION_CODES (ID_AUTHORISATION_CODE,STR_AUTHORISATION_CODE) VALUES (79,'AGG6WV');
INSERT INTO MOB_AUTHORISATION_CODES (ID_AUTHORISATION_CODE,STR_AUTHORISATION_CODE) VALUES (80,'A65SWT');
INSERT INTO MOB_AUTHORISATION_CODES (ID_AUTHORISATION_CODE,STR_AUTHORISATION_CODE) VALUES (81,'AA4LF4');
INSERT INTO MOB_AUTHORISATION_CODES (ID_AUTHORISATION_CODE,STR_AUTHORISATION_CODE) VALUES (82,'AC6VZ4');
INSERT INTO MOB_AUTHORISATION_CODES (ID_AUTHORISATION_CODE,STR_AUTHORISATION_CODE) VALUES (83,'A8NADT');
INSERT INTO MOB_AUTHORISATION_CODES (ID_AUTHORISATION_CODE,STR_AUTHORISATION_CODE) VALUES (84,'A4KNT3');
INSERT INTO MOB_AUTHORISATION_CODES (ID_AUTHORISATION_CODE,STR_AUTHORISATION_CODE) VALUES (85,'BAES6J');
INSERT INTO MOB_AUTHORISATION_CODES (ID_AUTHORISATION_CODE,STR_AUTHORISATION_CODE) VALUES (86,'ARMRHZ');
INSERT INTO MOB_AUTHORISATION_CODES (ID_AUTHORISATION_CODE,STR_AUTHORISATION_CODE) VALUES (87,'AR1P62');
INSERT INTO MOB_AUTHORISATION_CODES (ID_AUTHORISATION_CODE,STR_AUTHORISATION_CODE) VALUES (88,'AXXZZB');
INSERT INTO MOB_AUTHORISATION_CODES (ID_AUTHORISATION_CODE,STR_AUTHORISATION_CODE) VALUES (89,'AGXRWE');
INSERT INTO MOB_AUTHORISATION_CODES (ID_AUTHORISATION_CODE,STR_AUTHORISATION_CODE) VALUES (90,'A9XC8N');
INSERT INTO MOB_AUTHORISATION_CODES (ID_AUTHORISATION_CODE,STR_AUTHORISATION_CODE) VALUES (91,'A74T0J');
INSERT INTO MOB_AUTHORISATION_CODES (ID_AUTHORISATION_CODE,STR_AUTHORISATION_CODE) VALUES (92,'ACJW98');
INSERT INTO MOB_AUTHORISATION_CODES (ID_AUTHORISATION_CODE,STR_AUTHORISATION_CODE) VALUES (93,'ACSXQJ');
INSERT INTO MOB_AUTHORISATION_CODES (ID_AUTHORISATION_CODE,STR_AUTHORISATION_CODE) VALUES (94,'AS5G9V');
INSERT INTO MOB_AUTHORISATION_CODES (ID_AUTHORISATION_CODE,STR_AUTHORISATION_CODE) VALUES (95,'AR2AW0');
INSERT INTO MOB_AUTHORISATION_CODES (ID_AUTHORISATION_CODE,STR_AUTHORISATION_CODE) VALUES (96,'A7CN4H');
INSERT INTO MOB_AUTHORISATION_CODES (ID_AUTHORISATION_CODE,STR_AUTHORISATION_CODE) VALUES (97,'ALA2UJ');
INSERT INTO MOB_AUTHORISATION_CODES (ID_AUTHORISATION_CODE,STR_AUTHORISATION_CODE) VALUES (98,'BBG31G');
INSERT INTO MOB_AUTHORISATION_CODES (ID_AUTHORISATION_CODE,STR_AUTHORISATION_CODE) VALUES (99,'AR6N2J');
INSERT INTO MOB_AUTHORISATION_CODES (ID_AUTHORISATION_CODE,STR_AUTHORISATION_CODE) VALUES (100,'ATTRT0');
INSERT INTO MOB_AUTHORISATION_CODES (ID_AUTHORISATION_CODE,STR_AUTHORISATION_CODE) VALUES (101,'A78Z5Q');
INSERT INTO MOB_AUTHORISATION_CODES (ID_AUTHORISATION_CODE,STR_AUTHORISATION_CODE) VALUES (102,'AY2F1S');
INSERT INTO MOB_AUTHORISATION_CODES (ID_AUTHORISATION_CODE,STR_AUTHORISATION_CODE) VALUES (103,'BE8KXG');
INSERT INTO MOB_AUTHORISATION_CODES (ID_AUTHORISATION_CODE,STR_AUTHORISATION_CODE) VALUES (104,'BDE25J');
INSERT INTO MOB_AUTHORISATION_CODES (ID_AUTHORISATION_CODE,STR_AUTHORISATION_CODE) VALUES (105,'A61DWS');
INSERT INTO MOB_AUTHORISATION_CODES (ID_AUTHORISATION_CODE,STR_AUTHORISATION_CODE) VALUES (106,'A811QX');
INSERT INTO MOB_AUTHORISATION_CODES (ID_AUTHORISATION_CODE,STR_AUTHORISATION_CODE) VALUES (107,'ALHFYL');
INSERT INTO MOB_AUTHORISATION_CODES (ID_AUTHORISATION_CODE,STR_AUTHORISATION_CODE) VALUES (108,'ASUJ53');
INSERT INTO MOB_AUTHORISATION_CODES (ID_AUTHORISATION_CODE,STR_AUTHORISATION_CODE) VALUES (109,'AFMK52');
INSERT INTO MOB_AUTHORISATION_CODES (ID_AUTHORISATION_CODE,STR_AUTHORISATION_CODE) VALUES (110,'AUB71H');
INSERT INTO MOB_AUTHORISATION_CODES (ID_AUTHORISATION_CODE,STR_AUTHORISATION_CODE) VALUES (111,'BCRUNB');
INSERT INTO MOB_AUTHORISATION_CODES (ID_AUTHORISATION_CODE,STR_AUTHORISATION_CODE) VALUES (112,'AH9ZQ9');
INSERT INTO MOB_AUTHORISATION_CODES (ID_AUTHORISATION_CODE,STR_AUTHORISATION_CODE) VALUES (113,'AD1MQW');
INSERT INTO MOB_AUTHORISATION_CODES (ID_AUTHORISATION_CODE,STR_AUTHORISATION_CODE) VALUES (114,'AFDKP3');
INSERT INTO MOB_AUTHORISATION_CODES (ID_AUTHORISATION_CODE,STR_AUTHORISATION_CODE) VALUES (115,'AXL9S6');
INSERT INTO MOB_AUTHORISATION_CODES (ID_AUTHORISATION_CODE,STR_AUTHORISATION_CODE) VALUES (116,'AXH7UD');
INSERT INTO MOB_AUTHORISATION_CODES (ID_AUTHORISATION_CODE,STR_AUTHORISATION_CODE) VALUES (117,'BCEZRV');
INSERT INTO MOB_AUTHORISATION_CODES (ID_AUTHORISATION_CODE,STR_AUTHORISATION_CODE) VALUES (118,'ALALT8');
INSERT INTO MOB_AUTHORISATION_CODES (ID_AUTHORISATION_CODE,STR_AUTHORISATION_CODE) VALUES (119,'AR84SV');
INSERT INTO MOB_AUTHORISATION_CODES (ID_AUTHORISATION_CODE,STR_AUTHORISATION_CODE) VALUES (120,'AL3JB4');
INSERT INTO MOB_AUTHORISATION_CODES (ID_AUTHORISATION_CODE,STR_AUTHORISATION_CODE) VALUES (121,'BEQ65U');
INSERT INTO MOB_AUTHORISATION_CODES (ID_AUTHORISATION_CODE,STR_AUTHORISATION_CODE) VALUES (122,'A9B2J0');
INSERT INTO MOB_AUTHORISATION_CODES (ID_AUTHORISATION_CODE,STR_AUTHORISATION_CODE) VALUES (123,'AMD16U');
INSERT INTO MOB_AUTHORISATION_CODES (ID_AUTHORISATION_CODE,STR_AUTHORISATION_CODE) VALUES (124,'AP4U87');
INSERT INTO MOB_AUTHORISATION_CODES (ID_AUTHORISATION_CODE,STR_AUTHORISATION_CODE) VALUES (125,'AQ8AU3');
INSERT INTO MOB_AUTHORISATION_CODES (ID_AUTHORISATION_CODE,STR_AUTHORISATION_CODE) VALUES (126,'APQL1S');
INSERT INTO MOB_AUTHORISATION_CODES (ID_AUTHORISATION_CODE,STR_AUTHORISATION_CODE) VALUES (127,'BFP14W');
INSERT INTO MOB_AUTHORISATION_CODES (ID_AUTHORISATION_CODE,STR_AUTHORISATION_CODE) VALUES (128,'AVV9KH');
INSERT INTO MOB_AUTHORISATION_CODES (ID_AUTHORISATION_CODE,STR_AUTHORISATION_CODE) VALUES (129,'AAESTL');
INSERT INTO MOB_AUTHORISATION_CODES (ID_AUTHORISATION_CODE,STR_AUTHORISATION_CODE) VALUES (130,'AT5363');
INSERT INTO MOB_AUTHORISATION_CODES (ID_AUTHORISATION_CODE,STR_AUTHORISATION_CODE) VALUES (131,'ACJKUK');
INSERT INTO MOB_AUTHORISATION_CODES (ID_AUTHORISATION_CODE,STR_AUTHORISATION_CODE) VALUES (132,'BDD2AF');
INSERT INTO MOB_AUTHORISATION_CODES (ID_AUTHORISATION_CODE,STR_AUTHORISATION_CODE) VALUES (133,'AXMBZF');
INSERT INTO MOB_AUTHORISATION_CODES (ID_AUTHORISATION_CODE,STR_AUTHORISATION_CODE) VALUES (134,'A534QQ');
INSERT INTO MOB_AUTHORISATION_CODES (ID_AUTHORISATION_CODE,STR_AUTHORISATION_CODE) VALUES (135,'A5WLK3');
INSERT INTO MOB_AUTHORISATION_CODES (ID_AUTHORISATION_CODE,STR_AUTHORISATION_CODE) VALUES (136,'AWGAUA');
INSERT INTO MOB_AUTHORISATION_CODES (ID_AUTHORISATION_CODE,STR_AUTHORISATION_CODE) VALUES (137,'BC6UAJ');
INSERT INTO MOB_AUTHORISATION_CODES (ID_AUTHORISATION_CODE,STR_AUTHORISATION_CODE) VALUES (138,'ACUY7G');
INSERT INTO MOB_AUTHORISATION_CODES (ID_AUTHORISATION_CODE,STR_AUTHORISATION_CODE) VALUES (139,'ADBDWE');
INSERT INTO MOB_AUTHORISATION_CODES (ID_AUTHORISATION_CODE,STR_AUTHORISATION_CODE) VALUES (140,'BD0GAT');
INSERT INTO MOB_AUTHORISATION_CODES (ID_AUTHORISATION_CODE,STR_AUTHORISATION_CODE) VALUES (141,'AN81AF');
INSERT INTO MOB_AUTHORISATION_CODES (ID_AUTHORISATION_CODE,STR_AUTHORISATION_CODE) VALUES (142,'BD6FGD');
INSERT INTO MOB_AUTHORISATION_CODES (ID_AUTHORISATION_CODE,STR_AUTHORISATION_CODE) VALUES (143,'A2TE5M');
INSERT INTO MOB_AUTHORISATION_CODES (ID_AUTHORISATION_CODE,STR_AUTHORISATION_CODE) VALUES (144,'A1RWH6');
INSERT INTO MOB_AUTHORISATION_CODES (ID_AUTHORISATION_CODE,STR_AUTHORISATION_CODE) VALUES (145,'A6HV23');
INSERT INTO MOB_AUTHORISATION_CODES (ID_AUTHORISATION_CODE,STR_AUTHORISATION_CODE) VALUES (146,'AKGUX6');
INSERT INTO MOB_AUTHORISATION_CODES (ID_AUTHORISATION_CODE,STR_AUTHORISATION_CODE) VALUES (147,'AQN983');
INSERT INTO MOB_AUTHORISATION_CODES (ID_AUTHORISATION_CODE,STR_AUTHORISATION_CODE) VALUES (148,'BAKW7B');
INSERT INTO MOB_AUTHORISATION_CODES (ID_AUTHORISATION_CODE,STR_AUTHORISATION_CODE) VALUES (149,'BG9Y3A');
INSERT INTO MOB_AUTHORISATION_CODES (ID_AUTHORISATION_CODE,STR_AUTHORISATION_CODE) VALUES (150,'A90Z05');
INSERT INTO MOB_AUTHORISATION_CODES (ID_AUTHORISATION_CODE,STR_AUTHORISATION_CODE) VALUES (151,'AW2QC4');
INSERT INTO MOB_AUTHORISATION_CODES (ID_AUTHORISATION_CODE,STR_AUTHORISATION_CODE) VALUES (152,'AWUNZK');
INSERT INTO MOB_AUTHORISATION_CODES (ID_AUTHORISATION_CODE,STR_AUTHORISATION_CODE) VALUES (153,'AGH9FH');
INSERT INTO MOB_AUTHORISATION_CODES (ID_AUTHORISATION_CODE,STR_AUTHORISATION_CODE) VALUES (154,'BCGGK7');
INSERT INTO MOB_AUTHORISATION_CODES (ID_AUTHORISATION_CODE,STR_AUTHORISATION_CODE) VALUES (155,'ADQBET');
INSERT INTO MOB_AUTHORISATION_CODES (ID_AUTHORISATION_CODE,STR_AUTHORISATION_CODE) VALUES (156,'AM2BBP');
INSERT INTO MOB_AUTHORISATION_CODES (ID_AUTHORISATION_CODE,STR_AUTHORISATION_CODE) VALUES (157,'A3G5RZ');
INSERT INTO MOB_AUTHORISATION_CODES (ID_AUTHORISATION_CODE,STR_AUTHORISATION_CODE) VALUES (158,'BFAUTJ');
INSERT INTO MOB_AUTHORISATION_CODES (ID_AUTHORISATION_CODE,STR_AUTHORISATION_CODE) VALUES (159,'BHFY4W');
INSERT INTO MOB_AUTHORISATION_CODES (ID_AUTHORISATION_CODE,STR_AUTHORISATION_CODE) VALUES (160,'ABF5TM');
INSERT INTO MOB_AUTHORISATION_CODES (ID_AUTHORISATION_CODE,STR_AUTHORISATION_CODE) VALUES (161,'BDDXHT');
INSERT INTO MOB_AUTHORISATION_CODES (ID_AUTHORISATION_CODE,STR_AUTHORISATION_CODE) VALUES (162,'BC9PP9');
INSERT INTO MOB_AUTHORISATION_CODES (ID_AUTHORISATION_CODE,STR_AUTHORISATION_CODE) VALUES (163,'BEXVS2');
INSERT INTO MOB_AUTHORISATION_CODES (ID_AUTHORISATION_CODE,STR_AUTHORISATION_CODE) VALUES (164,'ARUS9B');
INSERT INTO MOB_AUTHORISATION_CODES (ID_AUTHORISATION_CODE,STR_AUTHORISATION_CODE) VALUES (165,'ASTHHV');
INSERT INTO MOB_AUTHORISATION_CODES (ID_AUTHORISATION_CODE,STR_AUTHORISATION_CODE) VALUES (166,'A14SQH');
INSERT INTO MOB_AUTHORISATION_CODES (ID_AUTHORISATION_CODE,STR_AUTHORISATION_CODE) VALUES (167,'A0K2NX');
INSERT INTO MOB_AUTHORISATION_CODES (ID_AUTHORISATION_CODE,STR_AUTHORISATION_CODE) VALUES (168,'AAB4PM');
INSERT INTO MOB_AUTHORISATION_CODES (ID_AUTHORISATION_CODE,STR_AUTHORISATION_CODE) VALUES (169,'AV8CPC');
INSERT INTO MOB_AUTHORISATION_CODES (ID_AUTHORISATION_CODE,STR_AUTHORISATION_CODE) VALUES (170,'A6JFHE');
INSERT INTO MOB_AUTHORISATION_CODES (ID_AUTHORISATION_CODE,STR_AUTHORISATION_CODE) VALUES (171,'AH5FPW');
INSERT INTO MOB_AUTHORISATION_CODES (ID_AUTHORISATION_CODE,STR_AUTHORISATION_CODE) VALUES (172,'AA5J85');
INSERT INTO MOB_AUTHORISATION_CODES (ID_AUTHORISATION_CODE,STR_AUTHORISATION_CODE) VALUES (173,'ABJ6NK');
INSERT INTO MOB_AUTHORISATION_CODES (ID_AUTHORISATION_CODE,STR_AUTHORISATION_CODE) VALUES (174,'ALRU3Z');
INSERT INTO MOB_AUTHORISATION_CODES (ID_AUTHORISATION_CODE,STR_AUTHORISATION_CODE) VALUES (175,'BG4YPK');
INSERT INTO MOB_AUTHORISATION_CODES (ID_AUTHORISATION_CODE,STR_AUTHORISATION_CODE) VALUES (176,'ACLF7L');
INSERT INTO MOB_AUTHORISATION_CODES (ID_AUTHORISATION_CODE,STR_AUTHORISATION_CODE) VALUES (177,'AR70NY');
INSERT INTO MOB_AUTHORISATION_CODES (ID_AUTHORISATION_CODE,STR_AUTHORISATION_CODE) VALUES (178,'AQJQM0');
INSERT INTO MOB_AUTHORISATION_CODES (ID_AUTHORISATION_CODE,STR_AUTHORISATION_CODE) VALUES (179,'AE1WFE');
INSERT INTO MOB_AUTHORISATION_CODES (ID_AUTHORISATION_CODE,STR_AUTHORISATION_CODE) VALUES (180,'A9L787');
INSERT INTO MOB_AUTHORISATION_CODES (ID_AUTHORISATION_CODE,STR_AUTHORISATION_CODE) VALUES (181,'A7N4S8');
INSERT INTO MOB_AUTHORISATION_CODES (ID_AUTHORISATION_CODE,STR_AUTHORISATION_CODE) VALUES (182,'A1EZQ0');
INSERT INTO MOB_AUTHORISATION_CODES (ID_AUTHORISATION_CODE,STR_AUTHORISATION_CODE) VALUES (183,'ALKLNY');
INSERT INTO MOB_AUTHORISATION_CODES (ID_AUTHORISATION_CODE,STR_AUTHORISATION_CODE) VALUES (184,'A3VSNL');
INSERT INTO MOB_AUTHORISATION_CODES (ID_AUTHORISATION_CODE,STR_AUTHORISATION_CODE) VALUES (185,'AYPQW0');
INSERT INTO MOB_AUTHORISATION_CODES (ID_AUTHORISATION_CODE,STR_AUTHORISATION_CODE) VALUES (186,'AEA0MD');
INSERT INTO MOB_AUTHORISATION_CODES (ID_AUTHORISATION_CODE,STR_AUTHORISATION_CODE) VALUES (187,'A169WU');
INSERT INTO MOB_AUTHORISATION_CODES (ID_AUTHORISATION_CODE,STR_AUTHORISATION_CODE) VALUES (188,'AA0TT9');
INSERT INTO MOB_AUTHORISATION_CODES (ID_AUTHORISATION_CODE,STR_AUTHORISATION_CODE) VALUES (189,'A9VMCR');
INSERT INTO MOB_AUTHORISATION_CODES (ID_AUTHORISATION_CODE,STR_AUTHORISATION_CODE) VALUES (190,'A8EXLX');
INSERT INTO MOB_AUTHORISATION_CODES (ID_AUTHORISATION_CODE,STR_AUTHORISATION_CODE) VALUES (191,'A7T4JF');
INSERT INTO MOB_AUTHORISATION_CODES (ID_AUTHORISATION_CODE,STR_AUTHORISATION_CODE) VALUES (192,'AM3BB1');
INSERT INTO MOB_AUTHORISATION_CODES (ID_AUTHORISATION_CODE,STR_AUTHORISATION_CODE) VALUES (193,'AHDTQN');
INSERT INTO MOB_AUTHORISATION_CODES (ID_AUTHORISATION_CODE,STR_AUTHORISATION_CODE) VALUES (194,'ASJ6KF');
INSERT INTO MOB_AUTHORISATION_CODES (ID_AUTHORISATION_CODE,STR_AUTHORISATION_CODE) VALUES (195,'A1V8SX');
INSERT INTO MOB_AUTHORISATION_CODES (ID_AUTHORISATION_CODE,STR_AUTHORISATION_CODE) VALUES (196,'AEHG2Z');
INSERT INTO MOB_AUTHORISATION_CODES (ID_AUTHORISATION_CODE,STR_AUTHORISATION_CODE) VALUES (197,'APQPGB');
INSERT INTO MOB_AUTHORISATION_CODES (ID_AUTHORISATION_CODE,STR_AUTHORISATION_CODE) VALUES (198,'AUSYDS');
INSERT INTO MOB_AUTHORISATION_CODES (ID_AUTHORISATION_CODE,STR_AUTHORISATION_CODE) VALUES (199,'AK2NMM');
INSERT INTO MOB_AUTHORISATION_CODES (ID_AUTHORISATION_CODE,STR_AUTHORISATION_CODE) VALUES (200,'A55CQ5');

-- some default invoice attribute types to test if the handling is correct
INSERT INTO MOB_INV_TYPE_ATTR_TYPES (ID_ATTRIBUTE_TYPE,STR_ATTRIBUTE,DAT_CREATION,ID_CUSTOMER_CREATION) VALUES (0,'Dummy',#CURRENT_TIMESTAMP#,0);
INSERT INTO MOB_INV_CONFIG_ATTR_TYPES (ID_ATTRIBUTE_TYPE,STR_ATTRIBUTE,DAT_CREATION,ID_CUSTOMER_CREATION) VALUES (0,'Dummy',#CURRENT_TIMESTAMP#,0);
INSERT INTO MOB_INV_ATTR_TYPES (ID_ATTRIBUTE_TYPE,STR_ATTRIBUTE,DAT_CREATION,ID_CUSTOMER_CREATION) VALUES (0,'Dummy',#CURRENT_TIMESTAMP#,0);

INSERT INTO MOB_INV_TYPE_ATTR_TYPES (ID_ATTRIBUTE_TYPE,STR_ATTRIBUTE,DAT_CREATION,ID_CUSTOMER_CREATION) VALUES (1,'Dummy 2',#CURRENT_TIMESTAMP#,0);
INSERT INTO MOB_INV_CONFIG_ATTR_TYPES (ID_ATTRIBUTE_TYPE,STR_ATTRIBUTE,DAT_CREATION,ID_CUSTOMER_CREATION) VALUES (1,'Dummy 2',#CURRENT_TIMESTAMP#,0);
INSERT INTO MOB_INV_ATTR_TYPES (ID_ATTRIBUTE_TYPE,STR_ATTRIBUTE,DAT_CREATION,ID_CUSTOMER_CREATION) VALUES (1,'Dummy 2',#CURRENT_TIMESTAMP#,0);

-- topup through bill payment setup
INSERT INTO MOB_INV_TYPE_GROUPS (ID_INV_TYPE_GROUP,STR_INV_TYPE_GROUP,DAT_CREATION,ID_CUSTOMER_CREATION) VALUES (2,'Topup',#CURRENT_TIMESTAMP#,0);

-- demand for payment
INSERT INTO MOB_INV_TYPE_GROUPS (ID_INV_TYPE_GROUP,STR_INV_TYPE_GROUP,DAT_CREATION,ID_CUSTOMER_CREATION) VALUES (3,'Demand for Payment',#CURRENT_TIMESTAMP#,0);

INSERT INTO MOB_INV_TYPE_GROUPS (ID_INV_TYPE_GROUP,STR_INV_TYPE_GROUP,DAT_CREATION,ID_CUSTOMER_CREATION) VALUES (4,'Topup Agent',#CURRENT_TIMESTAMP#,0);

INSERT INTO MOB_INV_TYPE_HANDLER_TYPES (ID_INV_TYPE_HANDLER_TYPE,STR_DESCRIPTION,DAT_CREATION,ID_CUSTOMER_CREATION) VALUES (3,'No-op handler: process regular money authorisations w/o any invoice specifics',#CURRENT_TIMESTAMP#,0);
INSERT INTO MOB_INV_TYPES (ID_INV_TYPE,STR_INV_TYPE,BOL_IS_ACTIVE,ID_ISSUER,ID_INV_TYPE_GROUP,ID_USE_CASE,ID_CURRENCY,ID_INV_TYPE_HANDLER_TYPE,BOL_SYSTEM_ADDS_INVOICE,BOL_CUSTOMER_ADDS_INVOICE,BOL_CUSTOMER_ADDS_INV_CONFIG,BOL_ISSUER_ADDS_INVOICE,BOL_ISSUER_ADDS_INV_CONFIG,BOL_AMOUNT_FIXED,DAT_CREATION,ID_CUSTOMER_CREATION) VALUES (200,'SybasePhone','Y',200,2,173,'EUR',2,'Y','Y','Y','N','N','N',#CURRENT_TIMESTAMP#,0);
INSERT INTO MOB_INV_TYPES (ID_INV_TYPE,STR_INV_TYPE,BOL_IS_ACTIVE,ID_ISSUER,ID_INV_TYPE_GROUP,ID_USE_CASE,ID_CURRENCY,ID_INV_TYPE_HANDLER_TYPE,BOL_SYSTEM_ADDS_INVOICE,BOL_CUSTOMER_ADDS_INVOICE,BOL_CUSTOMER_ADDS_INV_CONFIG,BOL_ISSUER_ADDS_INVOICE,BOL_ISSUER_ADDS_INV_CONFIG,BOL_AMOUNT_FIXED,DAT_CREATION,ID_CUSTOMER_CREATION) VALUES (201,'SapFon','Y',200,2,173,'EUR',2,'Y','Y','Y','N','N','N',#CURRENT_TIMESTAMP#,0);

-- InvoiceType
INSERT INTO MOB_INV_TYPES (ID_INV_TYPE,STR_INV_TYPE,STR_REFERENCE,BOL_IS_ACTIVE,ID_ISSUER,ID_INV_TYPE_GROUP,ID_USE_CASE,ID_CURRENCY,ID_INV_TYPE_HANDLER_TYPE,BOL_SYSTEM_ADDS_INVOICE,BOL_CUSTOMER_ADDS_INVOICE,BOL_CUSTOMER_ADDS_INV_CONFIG,BOL_ISSUER_ADDS_INVOICE,BOL_ISSUER_ADDS_INV_CONFIG,BOL_AMOUNT_FIXED,DAT_CREATION,ID_CUSTOMER_CREATION) VALUES (202,'SapFon',null,'Y',200,2,176,'EUR',2,'Y','Y','Y','N','N','N',#CURRENT_TIMESTAMP#,0);
INSERT INTO MOB_INV_TYPES (ID_INV_TYPE,STR_INV_TYPE,STR_REFERENCE,BOL_IS_ACTIVE,ID_ISSUER,ID_INV_TYPE_GROUP,ID_USE_CASE,ID_CURRENCY,ID_INV_TYPE_HANDLER_TYPE,BOL_SYSTEM_ADDS_INVOICE,BOL_CUSTOMER_ADDS_INVOICE,BOL_CUSTOMER_ADDS_INV_CONFIG,BOL_ISSUER_ADDS_INVOICE,BOL_ISSUER_ADDS_INV_CONFIG,BOL_AMOUNT_FIXED,DAT_CREATION,ID_CUSTOMER_CREATION) VALUES (203,'SybasePhone',null,'Y',200,4,176,'EUR',2,'Y','Y','Y','N','N','N',#CURRENT_TIMESTAMP#,0);
INSERT INTO MOB_INV_TYPES (ID_INV_TYPE,STR_INV_TYPE,STR_REFERENCE,BOL_IS_ACTIVE,ID_ISSUER,ID_INV_TYPE_GROUP,ID_USE_CASE,ID_CURRENCY,ID_INV_TYPE_HANDLER_TYPE,BOL_SYSTEM_ADDS_INVOICE,BOL_CUSTOMER_ADDS_INVOICE,BOL_CUSTOMER_ADDS_INV_CONFIG,BOL_ISSUER_ADDS_INVOICE,BOL_ISSUER_ADDS_INV_CONFIG,BOL_AMOUNT_FIXED,DAT_CREATION,ID_CUSTOMER_CREATION) VALUES (300,'SapWater',null,'Y',202,0,191,'EUR',2,'Y','Y','Y','N','N','N',#CURRENT_TIMESTAMP#,0);
INSERT INTO MOB_INV_TYPES (ID_INV_TYPE,STR_INV_TYPE,STR_REFERENCE,BOL_IS_ACTIVE,ID_ISSUER,ID_INV_TYPE_GROUP,ID_USE_CASE,ID_CURRENCY,ID_INV_TYPE_HANDLER_TYPE,BOL_SYSTEM_ADDS_INVOICE,BOL_CUSTOMER_ADDS_INVOICE,BOL_CUSTOMER_ADDS_INV_CONFIG,BOL_ISSUER_ADDS_INVOICE,BOL_ISSUER_ADDS_INV_CONFIG,BOL_AMOUNT_FIXED,DAT_CREATION,ID_CUSTOMER_CREATION) VALUES (301,'SybaseElectricity',null,'Y',202,0,191,'EUR',2,'Y','Y','Y','N','N','N',#CURRENT_TIMESTAMP#,0);


-- INSERTING into MOB_BATCHRUN_TYPES
INSERT INTO MOB_BATCHRUN_TYPES (ID_BATCHRUN_TYPE,STR_BATCHRUN_TYPE,DAT_CREATION,ID_CUSTOMER_CREATION) VALUES (3,'PBXAMS_IMPORT',#CURRENT_TIMESTAMP#,0);
INSERT INTO MOB_BATCHRUN_TYPES (ID_BATCHRUN_TYPE,STR_BATCHRUN_TYPE,DAT_CREATION,ID_CUSTOMER_CREATION) VALUES (9,'PBXAMS_EXPORT',#CURRENT_TIMESTAMP#,0);

-- TODO: document
INSERT INTO MOB_FILE_TYPES (ID_FILE_TYPE,STR_DESCRIPTION,DAT_CREATION,ID_CUSTOMER_CREATION) VALUES (1,'SOME FILE TYPE',#CURRENT_TIMESTAMP#,0);
INSERT INTO MOB_FILE_STATUS (ID_FILE_STATUS,STR_DESCRIPTION,DAT_CREATION,ID_CUSTOMER_CREATION) VALUES (0,'SOME STATUS',#CURRENT_TIMESTAMP#,0);

-- INSERTING into MOB_JOBS
INSERT INTO MOB_JOBS (ID_JOB,STR_HANDLER_NAME,STR_SCHEDULE,ID_IMPLEMENTATION_TYPE,URL_IMPLEMENTATION,BOL_IS_ACTIVE,INT_MAX_DELAY,INT_MAX_DURATION,STR_JOB,STR_PARAMETER,DAT_CREATION,ID_CUSTOMER_CREATION) VALUES (6,'MOBILISER','0 0-59/15 * ? * * *',2,'com.sybase365.mobiliser.money.ams.logic.clearing.ClearingJob','Y',5,20,'starts the clearing','clearingfrequency=DD,cutofftime=-2,timeZone=Europe/Berlin',#CURRENT_TIMESTAMP#,0);
INSERT INTO MOB_JOBS (ID_JOB,STR_HANDLER_NAME,STR_SCHEDULE,ID_IMPLEMENTATION_TYPE,URL_IMPLEMENTATION,BOL_IS_ACTIVE,INT_MAX_DELAY,INT_MAX_DURATION,STR_JOB,STR_PARAMETER,DAT_CREATION,ID_CUSTOMER_CREATION) VALUES (7,'MOBILISER','0 0-59/5 * ? * * *',2,'com.sybase365.mobiliser.money.jobs.cronjobs.commissionClearingJob','Y',5,20,'Triggers the commissionClearing for DD frequency','clearingfrequency=P1D,cutofftime=2359,executionTimeOut=5,maxWorkers=5,timeZone=Europe/Berlin',#CURRENT_TIMESTAMP#,0);
INSERT INTO MOB_JOBS (ID_JOB,STR_HANDLER_NAME,STR_SCHEDULE,ID_IMPLEMENTATION_TYPE,URL_IMPLEMENTATION,BOL_IS_ACTIVE,INT_MAX_DELAY,INT_MAX_DURATION,STR_JOB,STR_PARAMETER,DAT_CREATION,ID_CUSTOMER_CREATION) VALUES (8,'MOBILISER','0 0-59/5 * ? * * *',2,'com.sybase365.mobiliser.money.jobs.cronjobs.subscriptionbilling','Y',5,20,'Start the invoice creation','subscriptionType=1',#CURRENT_TIMESTAMP#,0);
INSERT INTO MOB_JOBS (ID_JOB,STR_HANDLER_NAME,STR_SCHEDULE,ID_IMPLEMENTATION_TYPE,URL_IMPLEMENTATION,BOL_IS_ACTIVE,INT_MAX_DELAY,INT_MAX_DURATION,STR_JOB,STR_PARAMETER,DAT_CREATION,ID_CUSTOMER_CREATION) VALUES (100,'MOBILISER','0 0 23 ? * * *',2,'com.sybase365.mobiliser.money.jobs.alerts.cronjobs.balancesummary','Y',5,20,'Sends balance summary alerts','classFilter=4,typeFilter=40',#CURRENT_TIMESTAMP#,0);
INSERT INTO MOB_JOBS (ID_JOB,STR_HANDLER_NAME,STR_SCHEDULE,ID_IMPLEMENTATION_TYPE,URL_IMPLEMENTATION,BOL_IS_ACTIVE,INT_MAX_DELAY,INT_MAX_DURATION,STR_JOB,STR_PARAMETER,DAT_CREATION,ID_CUSTOMER_CREATION) VALUES (101,'MOBILISER','0 0 23 ? * * *',2,'com.sybase365.mobiliser.money.jobs.alerts.cronjobs.balancethreshold','Y',5,20,'Sends balance threshold alerts','classFilter=4,typeFilter=40',#CURRENT_TIMESTAMP#,0);
INSERT INTO MOB_JOBS (ID_JOB,STR_HANDLER_NAME,STR_SCHEDULE,ID_IMPLEMENTATION_TYPE,URL_IMPLEMENTATION,BOL_IS_ACTIVE,INT_MAX_DELAY,INT_MAX_DURATION,STR_JOB,STR_PARAMETER,DAT_CREATION,ID_CUSTOMER_CREATION) VALUES (102,'MOBILISER','0 0 23 ? * * *',2,'com.sybase365.mobiliser.money.jobs.alerts.cronjobs.transactionsummary','Y',5,20,'Sends Transaction Summary alerts','classFilter=4,typeFilter=40',#CURRENT_TIMESTAMP#,0);
INSERT INTO MOB_JOBS (ID_JOB,STR_HANDLER_NAME,STR_SCHEDULE,ID_IMPLEMENTATION_TYPE,URL_IMPLEMENTATION,BOL_IS_ACTIVE,INT_MAX_DELAY,INT_MAX_DURATION,STR_JOB,STR_PARAMETER,DAT_CREATION,ID_CUSTOMER_CREATION) VALUES (152,'MOBILISER','0 0-59/60 * ? * * *',2,'com.sybase365.mobiliser.money.interest.jobs.InterestClearingJob','N',5,360,'Interest Clearing Job','clearingPeriod=MON',#CURRENT_TIMESTAMP#,0);
INSERT INTO MOB_JOBS (ID_JOB,STR_HANDLER_NAME,STR_SCHEDULE,ID_IMPLEMENTATION_TYPE,URL_IMPLEMENTATION,BOL_IS_ACTIVE,INT_MAX_DELAY,INT_MAX_DURATION,STR_JOB,STR_PARAMETER,DAT_CREATION,ID_CUSTOMER_CREATION) VALUES (153,'MOBILISER','0 0-59/60 * ? * * *',2,'com.sybase365.mobiliser.money.interest.jobs.InterestCalculationJob','N',5,360,'Interest Calculation Job','calculationPeriod=MON',#CURRENT_TIMESTAMP#,0);
INSERT INTO MOB_JOBS (ID_JOB,STR_HANDLER_NAME,STR_SCHEDULE,ID_IMPLEMENTATION_TYPE,URL_IMPLEMENTATION,BOL_IS_ACTIVE,INT_MAX_DELAY,INT_MAX_DURATION,STR_JOB,STR_PARAMETER,DAT_CREATION,ID_CUSTOMER_CREATION) VALUES (154,'MOBILISER','0 0-59/60 * ? * * *',2,'com.sybase365.mobiliser.money.interest.jobs.InterestBalanceHistoryWriterJob','N',5,360,'Interest Writer Job',null,#CURRENT_TIMESTAMP#,0);
INSERT INTO MOB_JOBS (ID_JOB,STR_HANDLER_NAME,STR_SCHEDULE,ID_IMPLEMENTATION_TYPE,URL_IMPLEMENTATION,BOL_IS_ACTIVE,INT_MAX_DELAY,INT_MAX_DURATION,STR_JOB,STR_PARAMETER,DAT_CREATION,ID_CUSTOMER_CREATION) VALUES (200,'MOBILISER','0 0 0 1 * ? *',2,'com.sybase365.mobiliser.money.jobs.cronjobs.obfuscation.ObfuscationJob','N',5,20,'Obfuscate deact. customers whose obfuscation delay is set to longer than 1 year','maxObfuscationDelayDays=365,executionTimeOut=5,maxWorkers=5',#CURRENT_TIMESTAMP#,0);
INSERT INTO MOB_JOBS (ID_JOB,STR_HANDLER_NAME,STR_SCHEDULE,ID_IMPLEMENTATION_TYPE,URL_IMPLEMENTATION,BOL_IS_ACTIVE,INT_MAX_DELAY,INT_MAX_DURATION,STR_JOB,STR_PARAMETER,DAT_CREATION,ID_CUSTOMER_CREATION) VALUES (201,'MOBILISER','0 0 23 ? * * *',2,'com.sybase365.mobiliser.money.jobs.cronjobs.customerdeactivationchecking','N',5,20,'Check and send notification to customers not login for long time','maxDaysAllowedNoLogin=90,gracePeriod=15,template=customer.to.be.deactivated,daysOfJobRunInterval=1,executionTimeOut=5,maxWorkers=5,customerTypeToCheckList=2',#CURRENT_TIMESTAMP#,0);
INSERT INTO MOB_JOBS (ID_JOB,STR_HANDLER_NAME,STR_SCHEDULE,ID_IMPLEMENTATION_TYPE,URL_IMPLEMENTATION,BOL_IS_ACTIVE,INT_MAX_DELAY,INT_MAX_DURATION,STR_JOB,STR_PARAMETER,DAT_CREATION,ID_CUSTOMER_CREATION) VALUES (202,'MOBILISER','0 0 23 ? * * *',2,'com.sybase365.mobiliser.money.jobs.cronjobs.customerdeactivation','N',5,20,'Deactivate customers not login for long time','maxDaysAllowedNoLogin=105,obfuscationNeeded=false,daysOfJobRunInterval=1,executionTimeOut=5,maxWorkers=5,customerTypeToCheckList=2',#CURRENT_TIMESTAMP#,0);

INSERT INTO MOB_JOBS (ID_JOB,STR_HANDLER_NAME,STR_SCHEDULE,ID_IMPLEMENTATION_TYPE,URL_IMPLEMENTATION,BOL_IS_ACTIVE,INT_MAX_DELAY,INT_MAX_DURATION,STR_JOB,STR_PARAMETER,DAT_CREATION,ID_CUSTOMER_CREATION) VALUES (300,'MOBILISER','0 0-59/2 * ? * * *',2,'com.sybase365.mobiliser.money.jobs.alerts.cronjobs.newsletter','N',5,300,'Sends out newsletters',null,#CURRENT_TIMESTAMP#,0);

INSERT INTO MOB_JOBS (ID_JOB, STR_HANDLER_NAME, STR_SCHEDULE, ID_IMPLEMENTATION_TYPE, URL_IMPLEMENTATION, BOL_IS_ACTIVE, INT_MAX_DELAY, INT_MAX_DURATION, STR_JOB, STR_PARAMETER, ID_CUSTOMER_CREATION, DAT_CREATION) VALUES (#SEQ_VAL# * 50, 'MOBILISER', '0 5 0 ? * * *', 2, 'persistent-login-cleanup-job', 'Y', 5, 20, 'cleanup MOB_PERSISTENT_LOGINS', 'maxAgeMs=604800000', 0, #CURRENT_TIMESTAMP#);
INSERT INTO MOB_JOBS (ID_JOB, STR_HANDLER_NAME, STR_SCHEDULE, ID_IMPLEMENTATION_TYPE, URL_IMPLEMENTATION, BOL_IS_ACTIVE, INT_MAX_DELAY, INT_MAX_DURATION, STR_JOB, STR_PARAMETER, ID_CUSTOMER_CREATION, DAT_CREATION) VALUES (#SEQ_VAL# * 50, 'MOBILISER', '0 5 0 ? * * *', 2, 'audit-logs-cleanup-job', 'Y', 5, 20, 'cleanup MOB_AUDIT_LOGS', 'maxAgeMs=604800000', 0, #CURRENT_TIMESTAMP#);
INSERT INTO MOB_JOBS (ID_JOB, STR_HANDLER_NAME, STR_SCHEDULE, ID_IMPLEMENTATION_TYPE, URL_IMPLEMENTATION, BOL_IS_ACTIVE, INT_MAX_DELAY, INT_MAX_DURATION, STR_JOB, STR_PARAMETER, ID_CUSTOMER_CREATION, DAT_CREATION) VALUES (#SEQ_VAL# * 50, 'MOBILISER', '0 5 0 ? * * *', 2, 'tracable-requests-cleanup-job', 'Y', 5, 20, 'cleanup MOB_TRACEABLE_REQUESTS', 'maxAgeMs=604800000', 0, #CURRENT_TIMESTAMP#);
INSERT INTO MOB_JOBS (ID_JOB, STR_HANDLER_NAME, STR_SCHEDULE, ID_IMPLEMENTATION_TYPE, URL_IMPLEMENTATION, BOL_IS_ACTIVE, INT_MAX_DELAY, INT_MAX_DURATION, STR_JOB, STR_PARAMETER, ID_CUSTOMER_CREATION, DAT_CREATION) VALUES (#SEQ_VAL# * 50, 'MOBILISER', '0 5 4 ? * * *', 2, 'mailjobs-cleanup-job', 'N', 5, 20, 'cleanup MSG_MAILJOBS', 'maxAgeMs=604800000', 0, #CURRENT_TIMESTAMP#);
INSERT INTO MOB_JOBS (ID_JOB, STR_HANDLER_NAME, STR_SCHEDULE, ID_IMPLEMENTATION_TYPE, URL_IMPLEMENTATION, BOL_IS_ACTIVE, INT_MAX_DELAY, INT_MAX_DURATION, STR_JOB, STR_PARAMETER, ID_CUSTOMER_CREATION, DAT_CREATION) VALUES (#SEQ_VAL# * 50, 'MOBILISER', '0 5 0 ? * * *', 2, 'history-cleanup-job', 'N', 5, 20, 'cleanup MOB_HISTORY', 'maxAgeMs=604800000', 0, #CURRENT_TIMESTAMP#);
INSERT INTO MOB_JOBS (ID_JOB, STR_HANDLER_NAME, STR_SCHEDULE, ID_IMPLEMENTATION_TYPE, URL_IMPLEMENTATION, BOL_IS_ACTIVE, INT_MAX_DELAY, INT_MAX_DURATION, STR_JOB, STR_PARAMETER, ID_CUSTOMER_CREATION, DAT_CREATION) VALUES (#SEQ_VAL# * 50, 'MOBILISER', '0 5 0 ? * * *', 2, 'customer-otp-cleanup-job', 'N', 5, 20, 'cleanup MOB_CUSTOMERS_OTPS', 'maxAgeMs=604800000', 0, #CURRENT_TIMESTAMP#);
INSERT INTO MOB_JOBS (ID_JOB, STR_HANDLER_NAME, STR_SCHEDULE, ID_IMPLEMENTATION_TYPE, URL_IMPLEMENTATION, BOL_IS_ACTIVE, INT_MAX_DELAY, INT_MAX_DURATION, STR_JOB, STR_PARAMETER, ID_CUSTOMER_CREATION, DAT_CREATION) VALUES (#SEQ_VAL# * 50, 'MOBILISER', '0 5 0 ? * * *', 2, 'customer-sessions-cleanup-job', 'N', 5, 20, 'cleanup MOB_SESSIONS', 'maxAgeMs=604800000', 0, #CURRENT_TIMESTAMP#);
INSERT INTO MOB_JOBS (ID_JOB, STR_HANDLER_NAME, STR_SCHEDULE, ID_IMPLEMENTATION_TYPE, URL_IMPLEMENTATION, BOL_IS_ACTIVE, INT_MAX_DELAY, INT_MAX_DURATION, STR_JOB, STR_PARAMETER, ID_CUSTOMER_CREATION, DAT_CREATION) VALUES (#SEQ_VAL# * 50, 'MOBILISER', '0 5 0 ? * * *', 2, 'otp-cleanup-job', 'N', 5, 20, 'cleanup MOB_OTPS', 'maxAgeMs=604800000', 0, #CURRENT_TIMESTAMP#);
INSERT INTO MOB_JOBS (ID_JOB, STR_HANDLER_NAME, STR_SCHEDULE, ID_IMPLEMENTATION_TYPE, URL_IMPLEMENTATION, BOL_IS_ACTIVE, INT_MAX_DELAY, INT_MAX_DURATION, STR_JOB, STR_PARAMETER, ID_CUSTOMER_CREATION, DAT_CREATION) VALUES (#SEQ_VAL# * 50, 'MOBILISER', '0 5 4 ? * * *', 2, 'batchrun-cleanup-job', 'N', 5, 20, 'cleanup MOB_BATCHRUNS', 'maxAgeMs=604800000', 0, #CURRENT_TIMESTAMP#);
INSERT INTO MOB_JOBS (ID_JOB, STR_HANDLER_NAME, STR_SCHEDULE, ID_IMPLEMENTATION_TYPE, URL_IMPLEMENTATION, BOL_IS_ACTIVE, INT_MAX_DELAY, INT_MAX_DURATION, STR_JOB, STR_PARAMETER, ID_CUSTOMER_CREATION, DAT_CREATION) VALUES (#SEQ_VAL# * 50, 'MOBILISER', '0 5 0 ? * * *', 2, 'file-cleanup-job', 'N', 5, 20, 'cleanup MOB_Files', 'maxAgeMs=604800000', 0, #CURRENT_TIMESTAMP#);
INSERT INTO MOB_JOBS (ID_JOB, STR_HANDLER_NAME, STR_SCHEDULE, ID_IMPLEMENTATION_TYPE, URL_IMPLEMENTATION, BOL_IS_ACTIVE, INT_MAX_DELAY, INT_MAX_DURATION, STR_JOB, STR_PARAMETER, ID_CUSTOMER_CREATION, DAT_CREATION) VALUES (#SEQ_VAL# * 50, 'MOBILISER', '0 5 0 ? * * *', 2, 'job-history-cleanup-job', 'N', 5, 20, 'cleanup MOB_JOB_HISTORY', 'maxAgeMs=604800000', 0, #CURRENT_TIMESTAMP#);
INSERT INTO MOB_JOBS (ID_JOB, STR_HANDLER_NAME, STR_SCHEDULE, ID_IMPLEMENTATION_TYPE, URL_IMPLEMENTATION, BOL_IS_ACTIVE, INT_MAX_DELAY, INT_MAX_DURATION, STR_JOB, STR_PARAMETER, ID_CUSTOMER_CREATION, DAT_CREATION) VALUES (#SEQ_VAL# * 50, 'MOBILISER', '0 5 0 ? * * *', 2, 'login-token-cleanup-job', 'N', 5, 20, 'cleanup MOB_LOGIN_TOKENS', 'maxAgeMs=604800000', 0, #CURRENT_TIMESTAMP#);
INSERT INTO MOB_JOBS (ID_JOB, STR_HANDLER_NAME, STR_SCHEDULE, ID_IMPLEMENTATION_TYPE, URL_IMPLEMENTATION, BOL_IS_ACTIVE, INT_MAX_DELAY, INT_MAX_DURATION, STR_JOB, STR_PARAMETER, ID_CUSTOMER_CREATION, DAT_CREATION) VALUES (#SEQ_VAL# * 50, 'MOBILISER', '0 5 4 ? * * *', 2, 'event-entry-handler-cleanup-job', 'N', 5, 20, 'cleanup EVT_ENTRY', 'maxAgeMs=604800000', 0, #CURRENT_TIMESTAMP#);
INSERT INTO MOB_JOBS (ID_JOB, STR_HANDLER_NAME, STR_SCHEDULE, ID_IMPLEMENTATION_TYPE, URL_IMPLEMENTATION, BOL_IS_ACTIVE, INT_MAX_DELAY, INT_MAX_DURATION, STR_JOB, STR_PARAMETER, ID_CUSTOMER_CREATION, DAT_CREATION) VALUES (#SEQ_VAL# * 50, 'MOBILISER', '0 5 * ? * * *', 2, 'event-entry-cleanup-job', 'N', 5, 20, 'cleanup EVT_ENTRY', 'maxAgeMs=604800000', 0, #CURRENT_TIMESTAMP#);

-- Bulk processing file types
INSERT INTO MOB_BULK_PROCESSING_FILE_TYPES(ID_FILE_TYPE,STR_FILE_TYPE,STR_CONTENT_TYPE,DAT_CREATION,ID_CUSTOMER_CREATION) VALUES (1,'Customer Registration File','text/xml',#CURRENT_TIMESTAMP#,0);
INSERT INTO MOB_BULK_PROCESSING_FILE_TYPES(ID_FILE_TYPE,STR_FILE_TYPE,STR_CONTENT_TYPE,DAT_CREATION,ID_CUSTOMER_CREATION) VALUES (2,'Customer Deactivation File','text/xml',#CURRENT_TIMESTAMP#,0);
INSERT INTO MOB_BULK_PROCESSING_FILE_TYPES(ID_FILE_TYPE,STR_FILE_TYPE,STR_CONTENT_TYPE,DAT_CREATION,ID_CUSTOMER_CREATION) VALUES (11,'Transaction Upload File','text/xml',#CURRENT_TIMESTAMP#,0);
INSERT INTO MOB_BULK_PROCESSING_FILE_TYPES(ID_FILE_TYPE,STR_FILE_TYPE,STR_CONTENT_TYPE,DAT_CREATION,ID_CUSTOMER_CREATION) VALUES (12,'Transaction Cancellation File','text/xml',#CURRENT_TIMESTAMP#,0);

-- Bulk processing file status
INSERT INTO MOB_BULK_PROCESSING_STATUS(ID_PROCESSING_STATUS,STR_PROCESSING_STATUS,BOL_IS_FINAL_STATUS,DAT_CREATION,ID_CUSTOMER_CREATION) VALUES (0,'Initial','N',#CURRENT_TIMESTAMP#,0);
INSERT INTO MOB_BULK_PROCESSING_STATUS(ID_PROCESSING_STATUS,STR_PROCESSING_STATUS,BOL_IS_FINAL_STATUS,DAT_CREATION,ID_CUSTOMER_CREATION) VALUES (3,'Rejected','Y',#CURRENT_TIMESTAMP#,0);
INSERT INTO MOB_BULK_PROCESSING_STATUS(ID_PROCESSING_STATUS,STR_PROCESSING_STATUS,BOL_IS_FINAL_STATUS,DAT_CREATION,ID_CUSTOMER_CREATION) VALUES (5,'In process','N',#CURRENT_TIMESTAMP#,0);
INSERT INTO MOB_BULK_PROCESSING_STATUS(ID_PROCESSING_STATUS,STR_PROCESSING_STATUS,BOL_IS_FINAL_STATUS,DAT_CREATION,ID_CUSTOMER_CREATION) VALUES (10,'Fully successfully processed','Y',#CURRENT_TIMESTAMP#,0);
INSERT INTO MOB_BULK_PROCESSING_STATUS(ID_PROCESSING_STATUS,STR_PROCESSING_STATUS,BOL_IS_FINAL_STATUS,DAT_CREATION,ID_CUSTOMER_CREATION) VALUES (11,'Partially successfully processed','Y',#CURRENT_TIMESTAMP#,0);
INSERT INTO MOB_BULK_PROCESSING_STATUS(ID_PROCESSING_STATUS,STR_PROCESSING_STATUS,BOL_IS_FINAL_STATUS,DAT_CREATION,ID_CUSTOMER_CREATION) VALUES (12,'Processing failed','Y',#CURRENT_TIMESTAMP#,0);

-- Restrict fund-in fund-out to SVA only
INSERT INTO MOB_USE_CASE_PI_TYPES (ID_ENTITY,ID_USE_CASE,ID_PI_TYPE,BOL_PAYEE,DAT_CREATION,ID_CUSTOMER_CREATION) VALUES (#SEQ_VAL# * 50,160,0,'Y',#CURRENT_TIMESTAMP#,0);
INSERT INTO MOB_USE_CASE_PI_TYPES (ID_ENTITY,ID_USE_CASE,ID_PI_TYPE,BOL_PAYEE,DAT_CREATION,ID_CUSTOMER_CREATION) VALUES (#SEQ_VAL# * 50,161,0,'N',#CURRENT_TIMESTAMP#,0);


-- INSERTING into MOB_CUSTOMERS
INSERT INTO MOB_CUSTOMERS (ID_CUSTOMER,ID_ORGUNIT,ID_BLACKLISTREASON,ID_PARENT,BOL_IS_ACTIVE,BOL_IS_TEST,STR_DISPLAY_NAME,ID_LANGUAGE,ID_COUNTRY,STR_SECURITY_QUESTION,STR_SECURITY_ANSWER,ID_TIME_ZONE,DAT_DATE_OF_BIRTH,ID_RISK_CATEGORY,ID_CUSTOMER_TYPE,ID_CANCELLATION_REASON,STR_REFERRAL_CODE,STR_TXN_TEXT,PRC_FEE_VAT,ID_FEE_SET,ID_LIMIT_SET,ID_NOTIFICATION_MODE,DAT_CREATION,ID_CUSTOMER_CREATION) VALUES (1,'0000',0,null,'N','N','Anonymous user','en',null,null,null,null,null,null,99,0,null,null,null,null,null,0,#CURRENT_TIMESTAMP#,0);
INSERT INTO MOB_CUSTOMERS (ID_CUSTOMER,ID_ORGUNIT,ID_BLACKLISTREASON,ID_PARENT,BOL_IS_ACTIVE,BOL_IS_TEST,STR_DISPLAY_NAME,ID_LANGUAGE,ID_COUNTRY,STR_SECURITY_QUESTION,STR_SECURITY_ANSWER,ID_TIME_ZONE,DAT_DATE_OF_BIRTH,ID_RISK_CATEGORY,ID_CUSTOMER_TYPE,ID_CANCELLATION_REASON,STR_REFERRAL_CODE,STR_TXN_TEXT,PRC_FEE_VAT,ID_FEE_SET,ID_LIMIT_SET,ID_NOTIFICATION_MODE,DAT_CREATION,ID_CUSTOMER_CREATION) VALUES (100,'0000',0,null,'Y','N','Internal Mobiliser user','en',null,null,null,null,null,null,99,0,null,null,null,null,null,0,#CURRENT_TIMESTAMP#,0);
INSERT INTO MOB_CUSTOMERS (ID_CUSTOMER,ID_ORGUNIT,ID_BLACKLISTREASON,ID_PARENT,BOL_IS_ACTIVE,BOL_IS_TEST,STR_DISPLAY_NAME,ID_LANGUAGE,ID_COUNTRY,STR_SECURITY_QUESTION,STR_SECURITY_ANSWER,ID_TIME_ZONE,DAT_DATE_OF_BIRTH,ID_RISK_CATEGORY,ID_CUSTOMER_TYPE,ID_CANCELLATION_REASON,STR_REFERRAL_CODE,STR_TXN_TEXT,PRC_FEE_VAT,ID_FEE_SET,ID_LIMIT_SET,ID_NOTIFICATION_MODE,DAT_CREATION,ID_CUSTOMER_CREATION) VALUES (101,'0000',0,null,'Y','N','User Manager','en',null,null,null,null,null,null,0,0,null,null,null,null,null,0,#CURRENT_TIMESTAMP#,0);
INSERT INTO MOB_CUSTOMERS (ID_CUSTOMER,ID_ORGUNIT,ID_BLACKLISTREASON,ID_PARENT,BOL_IS_ACTIVE,BOL_IS_TEST,STR_DISPLAY_NAME,ID_LANGUAGE,ID_COUNTRY,STR_SECURITY_QUESTION,STR_SECURITY_ANSWER,ID_TIME_ZONE,DAT_DATE_OF_BIRTH,ID_RISK_CATEGORY,ID_CUSTOMER_TYPE,ID_CANCELLATION_REASON,STR_REFERRAL_CODE,STR_TXN_TEXT,PRC_FEE_VAT,ID_FEE_SET,ID_LIMIT_SET,ID_NOTIFICATION_MODE,DAT_CREATION,ID_CUSTOMER_CREATION) VALUES (102,'0000',0,null,'Y','N','CST Administrator','en',null,null,null,null,null,null,0,0,null,null,null,null,null,0,#CURRENT_TIMESTAMP#,0);
INSERT INTO MOB_CUSTOMERS (ID_CUSTOMER,ID_ORGUNIT,ID_BLACKLISTREASON,ID_PARENT,BOL_IS_ACTIVE,BOL_IS_TEST,STR_DISPLAY_NAME,ID_LANGUAGE,ID_COUNTRY,STR_SECURITY_QUESTION,STR_SECURITY_ANSWER,ID_TIME_ZONE,DAT_DATE_OF_BIRTH,ID_RISK_CATEGORY,ID_CUSTOMER_TYPE,ID_CANCELLATION_REASON,STR_REFERRAL_CODE,STR_TXN_TEXT,PRC_FEE_VAT,ID_FEE_SET,ID_LIMIT_SET,ID_NOTIFICATION_MODE,DAT_CREATION,ID_CUSTOMER_CREATION) VALUES (104,'0000',0,null,'Y','N','Operations Manager','en',null,null,null,null,null,null,12,0,null,null,null,null,null,0,#CURRENT_TIMESTAMP#,0);
INSERT INTO MOB_CUSTOMERS (ID_CUSTOMER,ID_ORGUNIT,ID_BLACKLISTREASON,ID_PARENT,BOL_IS_ACTIVE,BOL_IS_TEST,STR_DISPLAY_NAME,ID_LANGUAGE,ID_COUNTRY,STR_SECURITY_QUESTION,STR_SECURITY_ANSWER,ID_TIME_ZONE,DAT_DATE_OF_BIRTH,ID_RISK_CATEGORY,ID_CUSTOMER_TYPE,ID_CANCELLATION_REASON,STR_REFERRAL_CODE,STR_TXN_TEXT,PRC_FEE_VAT,ID_FEE_SET,ID_LIMIT_SET,ID_NOTIFICATION_MODE,DAT_CREATION,ID_CUSTOMER_CREATION) VALUES (105,'0000',0,null,'Y','N','Notification Manager','en',null,null,null,null,null,null,0,0,null,null,null,null,null,0,#CURRENT_TIMESTAMP#,0);
INSERT INTO MOB_CUSTOMERS (ID_CUSTOMER,ID_ORGUNIT,ID_BLACKLISTREASON,ID_PARENT,BOL_IS_ACTIVE,BOL_IS_TEST,STR_DISPLAY_NAME,ID_LANGUAGE,ID_COUNTRY,STR_SECURITY_QUESTION,STR_SECURITY_ANSWER,ID_TIME_ZONE,DAT_DATE_OF_BIRTH,ID_RISK_CATEGORY,ID_CUSTOMER_TYPE,ID_CANCELLATION_REASON,STR_REFERRAL_CODE,STR_TXN_TEXT,PRC_FEE_VAT,ID_FEE_SET,ID_LIMIT_SET,ID_NOTIFICATION_MODE,DAT_CREATION,ID_CUSTOMER_CREATION) VALUES (106,'0000',0,null,'Y','N','System Manager','en',null,null,null,null,null,null,12,0,null,null,null,null,null,0,#CURRENT_TIMESTAMP#,0);
INSERT INTO MOB_CUSTOMERS (ID_CUSTOMER,ID_ORGUNIT,ID_BLACKLISTREASON,ID_PARENT,BOL_IS_ACTIVE,BOL_IS_TEST,STR_DISPLAY_NAME,ID_LANGUAGE,ID_COUNTRY,STR_SECURITY_QUESTION,STR_SECURITY_ANSWER,ID_TIME_ZONE,DAT_DATE_OF_BIRTH,ID_RISK_CATEGORY,ID_CUSTOMER_TYPE,ID_CANCELLATION_REASON,STR_REFERRAL_CODE,STR_TXN_TEXT,PRC_FEE_VAT,ID_FEE_SET,ID_LIMIT_SET,ID_NOTIFICATION_MODE,DAT_CREATION,ID_CUSTOMER_CREATION) VALUES (108,'0000',0,null,'Y','N','Prefs read access','en',null,null,null,null,null,null,99,0,null,null,null,null,null,0,#CURRENT_TIMESTAMP#,0);
INSERT INTO MOB_CUSTOMERS (ID_CUSTOMER,ID_ORGUNIT,ID_BLACKLISTREASON,ID_PARENT,BOL_IS_ACTIVE,BOL_IS_TEST,STR_DISPLAY_NAME,ID_LANGUAGE,ID_COUNTRY,STR_SECURITY_QUESTION,STR_SECURITY_ANSWER,ID_TIME_ZONE,DAT_DATE_OF_BIRTH,ID_RISK_CATEGORY,ID_CUSTOMER_TYPE,ID_CANCELLATION_REASON,STR_REFERRAL_CODE,STR_TXN_TEXT,PRC_FEE_VAT,ID_FEE_SET,ID_LIMIT_SET,ID_NOTIFICATION_MODE,DAT_CREATION,ID_CUSTOMER_CREATION) VALUES (109,'0000',0,null,'Y','N','CST Agent','en',null,null,null,null,null,null,0,0,null,null,null,null,null,0,#CURRENT_TIMESTAMP#,0);
INSERT INTO MOB_CUSTOMERS (ID_CUSTOMER,ID_ORGUNIT,ID_BLACKLISTREASON,ID_PARENT,BOL_IS_ACTIVE,BOL_IS_TEST,STR_DISPLAY_NAME,ID_LANGUAGE,ID_COUNTRY,STR_SECURITY_QUESTION,STR_SECURITY_ANSWER,ID_TIME_ZONE,DAT_DATE_OF_BIRTH,ID_RISK_CATEGORY,ID_CUSTOMER_TYPE,ID_CANCELLATION_REASON,STR_REFERRAL_CODE,STR_TXN_TEXT,PRC_FEE_VAT,ID_FEE_SET,ID_LIMIT_SET,ID_NOTIFICATION_MODE,DAT_CREATION,ID_CUSTOMER_CREATION) VALUES (110,'0000',0,null,'Y','N','Operations Agent','en',null,null,null,null,null,null,12,0,null,null,null,null,null,0,#CURRENT_TIMESTAMP#,0);
INSERT INTO MOB_CUSTOMERS (ID_CUSTOMER,ID_ORGUNIT,ID_BLACKLISTREASON,ID_PARENT,BOL_IS_ACTIVE,BOL_IS_TEST,STR_DISPLAY_NAME,ID_LANGUAGE,ID_COUNTRY,STR_SECURITY_QUESTION,STR_SECURITY_ANSWER,ID_TIME_ZONE,DAT_DATE_OF_BIRTH,ID_RISK_CATEGORY,ID_CUSTOMER_TYPE,ID_CANCELLATION_REASON,STR_REFERRAL_CODE,STR_TXN_TEXT,PRC_FEE_VAT,ID_FEE_SET,ID_LIMIT_SET,ID_NOTIFICATION_MODE,DAT_CREATION,ID_CUSTOMER_CREATION) VALUES (111,'0000',0,null,'Y','N','CST Audit Agent','en',null,null,null,null,null,null,0,0,null,null,null,null,null,0,#CURRENT_TIMESTAMP#,0);
INSERT INTO MOB_CUSTOMERS (ID_CUSTOMER,ID_ORGUNIT,ID_BLACKLISTREASON,ID_PARENT,BOL_IS_ACTIVE,BOL_IS_TEST,STR_DISPLAY_NAME,ID_LANGUAGE,ID_COUNTRY,STR_SECURITY_QUESTION,STR_SECURITY_ANSWER,ID_TIME_ZONE,DAT_DATE_OF_BIRTH,ID_RISK_CATEGORY,ID_CUSTOMER_TYPE,ID_CANCELLATION_REASON,STR_REFERRAL_CODE,STR_TXN_TEXT,PRC_FEE_VAT,ID_FEE_SET,ID_LIMIT_SET,ID_NOTIFICATION_MODE,DAT_CREATION,ID_CUSTOMER_CREATION) VALUES (112,'0000',0,null,'Y','N','Reports read access','en',null,null,null,null,null,null,0,0,null,null,null,null,null,0,#CURRENT_TIMESTAMP#,0);
INSERT INTO MOB_CUSTOMERS (ID_CUSTOMER,ID_ORGUNIT,ID_BLACKLISTREASON,ID_PARENT,BOL_IS_ACTIVE,BOL_IS_TEST,STR_DISPLAY_NAME,ID_LANGUAGE,ID_COUNTRY,STR_SECURITY_QUESTION,STR_SECURITY_ANSWER,ID_TIME_ZONE,DAT_DATE_OF_BIRTH,ID_RISK_CATEGORY,ID_CUSTOMER_TYPE,ID_CANCELLATION_REASON,STR_REFERRAL_CODE,STR_TXN_TEXT,PRC_FEE_VAT,ID_FEE_SET,ID_LIMIT_SET,ID_NOTIFICATION_MODE,DAT_CREATION,ID_CUSTOMER_CREATION) VALUES (200,'0000',0,null,'Y','N','Topup Issuer','en',null,null,null,null,null,null,3,0,null,null,null,null,null,0,#CURRENT_TIMESTAMP#,0);
INSERT INTO MOB_CUSTOMERS (ID_CUSTOMER,ID_ORGUNIT,ID_BLACKLISTREASON,ID_PARENT,BOL_IS_ACTIVE,BOL_IS_TEST,STR_DISPLAY_NAME,ID_LANGUAGE,ID_COUNTRY,STR_SECURITY_QUESTION,STR_SECURITY_ANSWER,ID_TIME_ZONE,DAT_DATE_OF_BIRTH,ID_RISK_CATEGORY,ID_CUSTOMER_TYPE,ID_CANCELLATION_REASON,STR_REFERRAL_CODE,STR_TXN_TEXT,PRC_FEE_VAT,ID_FEE_SET,ID_LIMIT_SET,ID_NOTIFICATION_MODE,DAT_CREATION,ID_CUSTOMER_CREATION) VALUES (201,'0000',0,null,'Y','N','CST credit/debit user','en',null,null,null,null,null,null,3,0,null,null,null,null,null,0,#CURRENT_TIMESTAMP#,0);
INSERT INTO MOB_CUSTOMERS (ID_CUSTOMER,ID_ORGUNIT,ID_BLACKLISTREASON,ID_PARENT,BOL_IS_ACTIVE,BOL_IS_TEST,STR_DISPLAY_NAME,ID_LANGUAGE,ID_COUNTRY,STR_SECURITY_QUESTION,STR_SECURITY_ANSWER,ID_TIME_ZONE,DAT_DATE_OF_BIRTH,ID_RISK_CATEGORY,ID_CUSTOMER_TYPE,ID_CANCELLATION_REASON,STR_REFERRAL_CODE,STR_TXN_TEXT,PRC_FEE_VAT,ID_FEE_SET,ID_LIMIT_SET,ID_NOTIFICATION_MODE,DAT_CREATION,ID_CUSTOMER_CREATION) VALUES (202,'0000',0,null,'Y','N','Demo merchant user','en',null,null,null,null,null,null,3,0,null,null,null,null,null,0,#CURRENT_TIMESTAMP#,0);
INSERT INTO MOB_CUSTOMERS (ID_CUSTOMER,ID_ORGUNIT,ID_BLACKLISTREASON,ID_PARENT,BOL_IS_ACTIVE,BOL_IS_TEST,STR_DISPLAY_NAME,ID_LANGUAGE,ID_COUNTRY,STR_SECURITY_QUESTION,STR_SECURITY_ANSWER,ID_TIME_ZONE,DAT_DATE_OF_BIRTH,ID_RISK_CATEGORY,ID_CUSTOMER_TYPE,ID_CANCELLATION_REASON,STR_REFERRAL_CODE,STR_TXN_TEXT,PRC_FEE_VAT,ID_FEE_SET,ID_LIMIT_SET,ID_NOTIFICATION_MODE,DAT_CREATION,ID_CUSTOMER_CREATION) VALUES (203,'0000',0,null,'Y','N','Test Money Headquarter','en',null,null,null,null,null,null,10,0,null,null,null,null,null,0,#CURRENT_TIMESTAMP#,0);
INSERT INTO MOB_CUSTOMERS (ID_CUSTOMER,ID_ORGUNIT,ID_BLACKLISTREASON,ID_PARENT,BOL_IS_ACTIVE,BOL_IS_TEST,STR_DISPLAY_NAME,ID_LANGUAGE,ID_COUNTRY,STR_SECURITY_QUESTION,STR_SECURITY_ANSWER,ID_TIME_ZONE,DAT_DATE_OF_BIRTH,ID_RISK_CATEGORY,ID_CUSTOMER_TYPE,ID_CANCELLATION_REASON,STR_REFERRAL_CODE,STR_TXN_TEXT,PRC_FEE_VAT,ID_FEE_SET,ID_LIMIT_SET,ID_NOTIFICATION_MODE,DAT_CREATION,ID_CUSTOMER_CREATION) VALUES (204,'0000',0,null,'Y','N','Fee Beneficiary','en',null,null,null,null,null,null,10,0,null,null,null,null,null,0,#CURRENT_TIMESTAMP#,0);
INSERT INTO MOB_CUSTOMERS (ID_CUSTOMER,ID_ORGUNIT,ID_BLACKLISTREASON,ID_PARENT,BOL_IS_ACTIVE,BOL_IS_TEST,STR_DISPLAY_NAME,ID_LANGUAGE,ID_COUNTRY,STR_SECURITY_QUESTION,STR_SECURITY_ANSWER,ID_TIME_ZONE,DAT_DATE_OF_BIRTH,ID_RISK_CATEGORY,ID_CUSTOMER_TYPE,ID_CANCELLATION_REASON,STR_REFERRAL_CODE,STR_TXN_TEXT,PRC_FEE_VAT,ID_FEE_SET,ID_LIMIT_SET,ID_NOTIFICATION_MODE,DAT_CREATION,ID_CUSTOMER_CREATION) VALUES (301,'0000',0,null,'Y','N','GLOBAL INTEREST GL USER','en',null,null,null,null,null,null,0,0,null,null,null,null,null,0,#CURRENT_TIMESTAMP#,0);
INSERT INTO MOB_CUSTOMERS (ID_CUSTOMER,ID_ORGUNIT,ID_BLACKLISTREASON,ID_PARENT,BOL_IS_ACTIVE,BOL_IS_TEST,STR_DISPLAY_NAME,ID_LANGUAGE,ID_COUNTRY,STR_SECURITY_QUESTION,STR_SECURITY_ANSWER,ID_TIME_ZONE,DAT_DATE_OF_BIRTH,ID_RISK_CATEGORY,ID_CUSTOMER_TYPE,ID_CANCELLATION_REASON,STR_REFERRAL_CODE,STR_TXN_TEXT,PRC_FEE_VAT,ID_FEE_SET,ID_LIMIT_SET,ID_NOTIFICATION_MODE,DAT_CREATION,ID_CUSTOMER_CREATION) VALUES (2000,'0000',0,null,'Y','N','GLAccountRoot','en',null,null,null,null,null,null,103,0,null,null,null,null,null,0,#CURRENT_TIMESTAMP#,0);


-- INSERTING into MOB_ADDRESSES
INSERT INTO MOB_ADDRESSES (ID_ADDRESS,ID_CUSTOMER,ID_ADDRESS_TYPE,ID_ADDRESS_STATUS,ID_GENDER,STR_FIRST_NAME,STR_MIDDLE_NAME,STR_LAST_NAME,STR_TITLE,STR_COMPANY1,STR_COMPANY2,STR_COMPANY_SHORTNAME,STR_POSITION,STR_STREET1,STR_STREET2,STR_HOUSE_NUMBER,STR_ZIP,STR_CITY,STR_STATE,ID_COUNTRY,STR_PHONE1,STR_PHONE2,STR_FAX,STR_EMAIL,STR_URL,DAT_ADDRESS_SINCE,STR_NAME_ADDRESS,ID_LOCATION_TYPE,GEO_LATITUDE,GEO_LONGITUDE,INT_ACCURACY,DAT_CREATION,ID_CUSTOMER_CREATION) VALUES (1,203,0,0,null,null,null,null,null,null,null,null,null,null,null,null,null,null,null,'DE',null,null,null,null,null,null,null,null,null,null,null,#CURRENT_TIMESTAMP#,0);
INSERT INTO MOB_ADDRESSES (ID_ADDRESS,ID_CUSTOMER,ID_ADDRESS_TYPE,ID_ADDRESS_STATUS,ID_GENDER,STR_FIRST_NAME,STR_MIDDLE_NAME,STR_LAST_NAME,STR_TITLE,STR_COMPANY1,STR_COMPANY2,STR_COMPANY_SHORTNAME,STR_POSITION,STR_STREET1,STR_STREET2,STR_HOUSE_NUMBER,STR_ZIP,STR_CITY,STR_STATE,ID_COUNTRY,STR_PHONE1,STR_PHONE2,STR_FAX,STR_EMAIL,STR_URL,DAT_ADDRESS_SINCE,STR_NAME_ADDRESS,ID_LOCATION_TYPE,GEO_LATITUDE,GEO_LONGITUDE,INT_ACCURACY,DAT_CREATION,ID_CUSTOMER_CREATION) VALUES (102,203,10,0,null,null,null,null,null,'SAP AG','FRA50',null,null,'Mainzer Landstrasse',null,'15','60329','Frankfurt am Main',null,'DE',null,null,null,null,null,null,null,101,50.1118247,8.66723,null,#CURRENT_TIMESTAMP#,0);
INSERT INTO MOB_ADDRESSES (ID_ADDRESS,ID_CUSTOMER,ID_ADDRESS_TYPE,ID_ADDRESS_STATUS,ID_GENDER,STR_FIRST_NAME,STR_MIDDLE_NAME,STR_LAST_NAME,STR_TITLE,STR_COMPANY1,STR_COMPANY2,STR_COMPANY_SHORTNAME,STR_POSITION,STR_STREET1,STR_STREET2,STR_HOUSE_NUMBER,STR_ZIP,STR_CITY,STR_STATE,ID_COUNTRY,STR_PHONE1,STR_PHONE2,STR_FAX,STR_EMAIL,STR_URL,DAT_ADDRESS_SINCE,STR_NAME_ADDRESS,ID_LOCATION_TYPE,GEO_LATITUDE,GEO_LONGITUDE,INT_ACCURACY,DAT_CREATION,ID_CUSTOMER_CREATION) VALUES (101,203,10,0,null,null,null,null,null,'SAP AG','FRA51',null,null,'Am Prime Parc',null,'13','65479','Raunheim',null,'DE',null,null,null,null,null,null,null,101,50.0157809,8.46109,null,#CURRENT_TIMESTAMP#,0);
INSERT INTO MOB_ADDRESSES (ID_ADDRESS,ID_CUSTOMER,ID_ADDRESS_TYPE,ID_ADDRESS_STATUS,ID_GENDER,STR_FIRST_NAME,STR_MIDDLE_NAME,STR_LAST_NAME,STR_TITLE,STR_COMPANY1,STR_COMPANY2,STR_COMPANY_SHORTNAME,STR_POSITION,STR_STREET1,STR_STREET2,STR_HOUSE_NUMBER,STR_ZIP,STR_CITY,STR_STATE,ID_COUNTRY,STR_PHONE1,STR_PHONE2,STR_FAX,STR_EMAIL,STR_URL,DAT_ADDRESS_SINCE,STR_NAME_ADDRESS,ID_LOCATION_TYPE,GEO_LATITUDE,GEO_LONGITUDE,INT_ACCURACY,DAT_CREATION,ID_CUSTOMER_CREATION) VALUES (121,203,10,0,null,null,null,null,null,'Sybase Inc.','DUB50',null,null,'Sybase Drive',null,'1','94568','Dublin CA',null,'US',null,null,null,null,null,null,null,101,37.70687,-121.890136,null,#CURRENT_TIMESTAMP#,0);
INSERT INTO MOB_ADDRESSES (ID_ADDRESS,ID_CUSTOMER,ID_ADDRESS_TYPE,ID_ADDRESS_STATUS,ID_GENDER,STR_FIRST_NAME,STR_MIDDLE_NAME,STR_LAST_NAME,STR_TITLE,STR_COMPANY1,STR_COMPANY2,STR_COMPANY_SHORTNAME,STR_POSITION,STR_STREET1,STR_STREET2,STR_HOUSE_NUMBER,STR_ZIP,STR_CITY,STR_STATE,ID_COUNTRY,STR_PHONE1,STR_PHONE2,STR_FAX,STR_EMAIL,STR_URL,DAT_ADDRESS_SINCE,STR_NAME_ADDRESS,ID_LOCATION_TYPE,GEO_LATITUDE,GEO_LONGITUDE,INT_ACCURACY,DAT_CREATION,ID_CUSTOMER_CREATION) VALUES (103,203,10,0,null,null,null,null,null,'SAP AG','WDF01',null,null,'Dietmar-Hopp-Allee',null,'16','69190','Walldorf',null,'DE',null,null,null,null,null,null,null,101,49.293344,8.4619648,null,#CURRENT_TIMESTAMP#,0);
INSERT INTO MOB_ADDRESSES (ID_ADDRESS,ID_CUSTOMER,ID_ADDRESS_TYPE,ID_ADDRESS_STATUS,ID_GENDER,STR_FIRST_NAME,STR_MIDDLE_NAME,STR_LAST_NAME,STR_TITLE,STR_COMPANY1,STR_COMPANY2,STR_COMPANY_SHORTNAME,STR_POSITION,STR_STREET1,STR_STREET2,STR_HOUSE_NUMBER,STR_ZIP,STR_CITY,STR_STATE,ID_COUNTRY,STR_PHONE1,STR_PHONE2,STR_FAX,STR_EMAIL,STR_URL,DAT_ADDRESS_SINCE,STR_NAME_ADDRESS,ID_LOCATION_TYPE,GEO_LATITUDE,GEO_LONGITUDE,INT_ACCURACY,DAT_CREATION,ID_CUSTOMER_CREATION) VALUES (111,203,10,0,null,null,null,null,null,'SAP Asia','SIN05',null,null,'Mapletree Business City','Pasir Panjang','30','117440','Singapore',null,'SG',null,null,null,null,null,null,null,101,1.275014,103.798165,null,#CURRENT_TIMESTAMP#,0);
INSERT INTO MOB_ADDRESSES (ID_ADDRESS,ID_CUSTOMER,ID_ADDRESS_TYPE,ID_ADDRESS_STATUS,ID_GENDER,STR_FIRST_NAME,STR_MIDDLE_NAME,STR_LAST_NAME,STR_TITLE,STR_COMPANY1,STR_COMPANY2,STR_COMPANY_SHORTNAME,STR_POSITION,STR_STREET1,STR_STREET2,STR_HOUSE_NUMBER,STR_ZIP,STR_CITY,STR_STATE,ID_COUNTRY,STR_PHONE1,STR_PHONE2,STR_FAX,STR_EMAIL,STR_URL,DAT_ADDRESS_SINCE,STR_NAME_ADDRESS,ID_LOCATION_TYPE,GEO_LATITUDE,GEO_LONGITUDE,INT_ACCURACY,DAT_CREATION,ID_CUSTOMER_CREATION) VALUES (200,2000,0,0,null,null,null,null,null,'GLAccountRoot',null,null,null,null,null,null,null,null,null,'DE',null,null,null,null,null,null,null,null,null,null,null,#CURRENT_TIMESTAMP#,0);

-- user=mobiliser hashed password=secret
INSERT INTO MOB_CUSTOMERS_CREDENTIALS (ID_CUSTOMER_CREDENTIAL,ID_CUSTOMER,ID_CREDENTIAL_TYPE,STR_CREDENTIAL,BOL_IS_ACTIVE,ID_CREDENTIAL_STATUS,INT_WRONG_CREDENTIALS,DAT_BLOCKED_UNTIL,DAT_CREATION,ID_CUSTOMER_CREATION) VALUES (#SEQ_VAL# * 50,100,1,'REPLACE_ME','Y',0,0,null,#CURRENT_TIMESTAMP_CREDENTIAL#,0);
-- user=usermgr hashed password = secret
INSERT INTO MOB_CUSTOMERS_CREDENTIALS (ID_CUSTOMER_CREDENTIAL,ID_CUSTOMER,ID_CREDENTIAL_TYPE,STR_CREDENTIAL,BOL_IS_ACTIVE,ID_CREDENTIAL_STATUS,INT_WRONG_CREDENTIALS,DAT_BLOCKED_UNTIL,DAT_CREATION,ID_CUSTOMER_CREATION) VALUES (#SEQ_VAL# * 50,101,1,'{SHA}oB4DGuwclTW1SuaEDGUI+vOLoPs=','Y',0,0,null,#CURRENT_TIMESTAMP_CREDENTIAL#,0);
-- user=cstfull hashed password = secret
INSERT INTO MOB_CUSTOMERS_CREDENTIALS (ID_CUSTOMER_CREDENTIAL,ID_CUSTOMER,ID_CREDENTIAL_TYPE,STR_CREDENTIAL,BOL_IS_ACTIVE,ID_CREDENTIAL_STATUS,INT_WRONG_CREDENTIALS,DAT_BLOCKED_UNTIL,DAT_CREATION,ID_CUSTOMER_CREATION) VALUES (#SEQ_VAL# * 50,102,1,'{SHA}xIAQVk0QjZ5Ttv8rGU7EkRmaE4k=','Y',0,0,null,#CURRENT_TIMESTAMP_CREDENTIAL#,0);
-- user=opsmgr hashed password = secret
INSERT INTO MOB_CUSTOMERS_CREDENTIALS (ID_CUSTOMER_CREDENTIAL,ID_CUSTOMER,ID_CREDENTIAL_TYPE,STR_CREDENTIAL,BOL_IS_ACTIVE,ID_CREDENTIAL_STATUS,INT_WRONG_CREDENTIALS,DAT_BLOCKED_UNTIL,DAT_CREATION,ID_CUSTOMER_CREATION) VALUES (#SEQ_VAL# * 50,104,1,'{SHA}hvXfEtWJaZ6fCKaV2iZwF77ymXw=','Y',0,0,null,#CURRENT_TIMESTAMP_CREDENTIAL#,0);
-- user=Headquarter hashed password = secret
INSERT INTO MOB_CUSTOMERS_CREDENTIALS (ID_CUSTOMER_CREDENTIAL,ID_CUSTOMER,ID_CREDENTIAL_TYPE,STR_CREDENTIAL,BOL_IS_ACTIVE,ID_CREDENTIAL_STATUS,INT_WRONG_CREDENTIALS,DAT_BLOCKED_UNTIL,DAT_CREATION,ID_CUSTOMER_CREATION) VALUES (#SEQ_VAL# * 50,105,1,'{SHA}LIRACvF1pTBcTJIihnwpRHimtV8=','Y',0,0,null,#CURRENT_TIMESTAMP_CREDENTIAL#,0);
-- user=notifmgr hashed password = secret
INSERT INTO MOB_CUSTOMERS_CREDENTIALS (ID_CUSTOMER_CREDENTIAL,ID_CUSTOMER,ID_CREDENTIAL_TYPE,STR_CREDENTIAL,BOL_IS_ACTIVE,ID_CREDENTIAL_STATUS,INT_WRONG_CREDENTIALS,DAT_BLOCKED_UNTIL,DAT_CREATION,ID_CUSTOMER_CREATION) VALUES (#SEQ_VAL# * 50,106,1,'{SHA}pfzZFjpH3XzGj40cZmoWjNyscrQ=','Y',0,0,null,#CURRENT_TIMESTAMP_CREDENTIAL#,0);
-- user=prefsread hashed password = notsosecret
INSERT INTO MOB_CUSTOMERS_CREDENTIALS (ID_CUSTOMER_CREDENTIAL,ID_CUSTOMER,ID_CREDENTIAL_TYPE,STR_CREDENTIAL,BOL_IS_ACTIVE,ID_CREDENTIAL_STATUS,INT_WRONG_CREDENTIALS,DAT_BLOCKED_UNTIL,DAT_CREATION,ID_CUSTOMER_CREATION) VALUES (#SEQ_VAL# * 50,108,1,'{SHA-512}EIKZp7OiJ8ZGdZXrgn9fWcAYsREfH64MLfbr4frZI1uU4XTqdY8zOo34L1gV/mAgY/ctS4QEIkbc6IDGcq+Qzw==','Y',0,0,null,#CURRENT_TIMESTAMP_CREDENTIAL#,0);

INSERT INTO MOB_CUSTOMERS_CREDENTIALS (ID_CUSTOMER_CREDENTIAL,ID_CUSTOMER,ID_CREDENTIAL_TYPE,STR_CREDENTIAL,BOL_IS_ACTIVE,ID_CREDENTIAL_STATUS,INT_WRONG_CREDENTIALS,DAT_BLOCKED_UNTIL,DAT_CREATION,ID_CUSTOMER_CREATION) VALUES (#SEQ_VAL# * 50,109,1,'{SHA-256}Rql75IfydnaGcloEfHovGjR3/HkCXTCB9KrcudH7X1w=','Y',0,0,null,#CURRENT_TIMESTAMP_CREDENTIAL#,0);

INSERT INTO MOB_CUSTOMERS_CREDENTIALS (ID_CUSTOMER_CREDENTIAL,ID_CUSTOMER,ID_CREDENTIAL_TYPE,STR_CREDENTIAL,BOL_IS_ACTIVE,ID_CREDENTIAL_STATUS,INT_WRONG_CREDENTIALS,DAT_BLOCKED_UNTIL,DAT_CREATION,ID_CUSTOMER_CREATION) VALUES (#SEQ_VAL# * 50,110,1,'{SHA-256}Djwoy+CCoTi3mJMbQAd+nzrcJPvTI3uoeTg4diNg0wc=','Y',0,0,null,#CURRENT_TIMESTAMP_CREDENTIAL#,0);

INSERT INTO MOB_CUSTOMERS_CREDENTIALS (ID_CUSTOMER_CREDENTIAL,ID_CUSTOMER,ID_CREDENTIAL_TYPE,STR_CREDENTIAL,BOL_IS_ACTIVE,ID_CREDENTIAL_STATUS,INT_WRONG_CREDENTIALS,DAT_BLOCKED_UNTIL,DAT_CREATION,ID_CUSTOMER_CREATION) VALUES (#SEQ_VAL# * 50,111,1,'{SHA-256}Mowxm5Ur35xqO5+4THhZoR1LPVn5DfHW3kIUjaxWKvQ=','Y',0,0,null,#CURRENT_TIMESTAMP_CREDENTIAL#,0);

INSERT INTO MOB_CUSTOMERS_CREDENTIALS (ID_CUSTOMER_CREDENTIAL,ID_CUSTOMER,ID_CREDENTIAL_TYPE,STR_CREDENTIAL,BOL_IS_ACTIVE,ID_CREDENTIAL_STATUS,INT_WRONG_CREDENTIALS,DAT_BLOCKED_UNTIL,DAT_CREATION,ID_CUSTOMER_CREATION) VALUES (#SEQ_VAL# * 50,112,1,'{SHA-512}vnhENcOvieFI3i77EyxvRGRK/wF4MReACzvQ0ceK1AKeOTW3J+UJqoQJDhmFxbCZxEkvysRP6FNxeRnMdSamew==','Y',0,0,null,#CURRENT_TIMESTAMP_CREDENTIAL#,0);

INSERT INTO MOB_CUSTOMERS_CREDENTIALS (ID_CUSTOMER_CREDENTIAL,ID_CUSTOMER,ID_CREDENTIAL_TYPE,STR_CREDENTIAL,BOL_IS_ACTIVE,ID_CREDENTIAL_STATUS,INT_WRONG_CREDENTIALS,DAT_BLOCKED_UNTIL,DAT_CREATION,ID_CUSTOMER_CREATION) VALUES (#SEQ_VAL# * 50,203,1,'{SHA}cBdy9Iew/US2EUshpxkKjKTUbcI=','Y',0,0,null,#CURRENT_TIMESTAMP_CREDENTIAL#,0);

INSERT INTO MOB_CUSTOMERS_CREDENTIALS (ID_CUSTOMER_CREDENTIAL,ID_CUSTOMER,ID_CREDENTIAL_TYPE,STR_CREDENTIAL,BOL_IS_ACTIVE,ID_CREDENTIAL_STATUS,INT_WRONG_CREDENTIALS,DAT_BLOCKED_UNTIL,DAT_CREATION,ID_CUSTOMER_CREATION) VALUES (#SEQ_VAL# * 50,301,1,'{SHA-512}AZMIGNYBWNE1NJONLHWHSL3Y5JWNPZYAXJBXPLKLV9I1HFUCPXIOWJ4QY3SAGOO9FZHT3MBP1EO/U58SXHBO9W==','Y',0,0,null,#CURRENT_TIMESTAMP_CREDENTIAL#,0);


-- INSERTING into MOB_CUSTOMERS_IDENTIFICATIONS
INSERT INTO MOB_CUSTOMERS_IDENTIFICATIONS (ID_CUSTOMER_IDENTIFICATION,ID_CUSTOMER,ID_IDENTIFICATION_TYPE,STR_IDENTIFICATION,BOL_IS_ACTIVE,ID_PROVIDER,ID_IDENTIFICATION_STATUS,ID_ORGUNIT) VALUES (#SEQ_VAL# * 50,1,1,'1','Y',null,0,null);
INSERT INTO MOB_CUSTOMERS_IDENTIFICATIONS (ID_CUSTOMER_IDENTIFICATION,ID_CUSTOMER,ID_IDENTIFICATION_TYPE,STR_IDENTIFICATION,BOL_IS_ACTIVE,ID_PROVIDER,ID_IDENTIFICATION_STATUS,ID_ORGUNIT) VALUES (#SEQ_VAL# * 50,100,1,'100','Y',null,0,null);
INSERT INTO MOB_CUSTOMERS_IDENTIFICATIONS (ID_CUSTOMER_IDENTIFICATION,ID_CUSTOMER,ID_IDENTIFICATION_TYPE,STR_IDENTIFICATION,BOL_IS_ACTIVE,ID_PROVIDER,ID_IDENTIFICATION_STATUS,ID_ORGUNIT) VALUES (#SEQ_VAL# * 50,100,5,'mobiliser','Y',null,0,null);
INSERT INTO MOB_CUSTOMERS_IDENTIFICATIONS (ID_CUSTOMER_IDENTIFICATION,ID_CUSTOMER,ID_IDENTIFICATION_TYPE,STR_IDENTIFICATION,BOL_IS_ACTIVE,ID_PROVIDER,ID_IDENTIFICATION_STATUS,ID_ORGUNIT) VALUES (#SEQ_VAL# * 50,101,1,'101','Y',null,0,null);
INSERT INTO MOB_CUSTOMERS_IDENTIFICATIONS (ID_CUSTOMER_IDENTIFICATION,ID_CUSTOMER,ID_IDENTIFICATION_TYPE,STR_IDENTIFICATION,BOL_IS_ACTIVE,ID_PROVIDER,ID_IDENTIFICATION_STATUS,ID_ORGUNIT) VALUES (#SEQ_VAL# * 50,101,5,'usermgr','Y',null,0,null);
INSERT INTO MOB_CUSTOMERS_IDENTIFICATIONS (ID_CUSTOMER_IDENTIFICATION,ID_CUSTOMER,ID_IDENTIFICATION_TYPE,STR_IDENTIFICATION,BOL_IS_ACTIVE,ID_PROVIDER,ID_IDENTIFICATION_STATUS,ID_ORGUNIT) VALUES (#SEQ_VAL# * 50,102,1,'102','Y',null,0,null);
INSERT INTO MOB_CUSTOMERS_IDENTIFICATIONS (ID_CUSTOMER_IDENTIFICATION,ID_CUSTOMER,ID_IDENTIFICATION_TYPE,STR_IDENTIFICATION,BOL_IS_ACTIVE,ID_PROVIDER,ID_IDENTIFICATION_STATUS,ID_ORGUNIT) VALUES (#SEQ_VAL# * 50,102,5,'cstfull','Y',null,0,null);
INSERT INTO MOB_CUSTOMERS_IDENTIFICATIONS (ID_CUSTOMER_IDENTIFICATION,ID_CUSTOMER,ID_IDENTIFICATION_TYPE,STR_IDENTIFICATION,BOL_IS_ACTIVE,ID_PROVIDER,ID_IDENTIFICATION_STATUS,ID_ORGUNIT) VALUES (#SEQ_VAL# * 50,104,1,'104','Y',null,0,null);
INSERT INTO MOB_CUSTOMERS_IDENTIFICATIONS (ID_CUSTOMER_IDENTIFICATION,ID_CUSTOMER,ID_IDENTIFICATION_TYPE,STR_IDENTIFICATION,BOL_IS_ACTIVE,ID_PROVIDER,ID_IDENTIFICATION_STATUS,ID_ORGUNIT) VALUES (#SEQ_VAL# * 50,104,5,'opsmgr','Y',null,0,null);
INSERT INTO MOB_CUSTOMERS_IDENTIFICATIONS (ID_CUSTOMER_IDENTIFICATION,ID_CUSTOMER,ID_IDENTIFICATION_TYPE,STR_IDENTIFICATION,BOL_IS_ACTIVE,ID_PROVIDER,ID_IDENTIFICATION_STATUS,ID_ORGUNIT) VALUES (#SEQ_VAL# * 50,105,1,'105','Y',null,0,null);
INSERT INTO MOB_CUSTOMERS_IDENTIFICATIONS (ID_CUSTOMER_IDENTIFICATION,ID_CUSTOMER,ID_IDENTIFICATION_TYPE,STR_IDENTIFICATION,BOL_IS_ACTIVE,ID_PROVIDER,ID_IDENTIFICATION_STATUS,ID_ORGUNIT) VALUES (#SEQ_VAL# * 50,105,5,'notifmgr','Y',null,0,null);
INSERT INTO MOB_CUSTOMERS_IDENTIFICATIONS (ID_CUSTOMER_IDENTIFICATION,ID_CUSTOMER,ID_IDENTIFICATION_TYPE,STR_IDENTIFICATION,BOL_IS_ACTIVE,ID_PROVIDER,ID_IDENTIFICATION_STATUS,ID_ORGUNIT) VALUES (#SEQ_VAL# * 50,106,1,'106','Y',null,0,null);
INSERT INTO MOB_CUSTOMERS_IDENTIFICATIONS (ID_CUSTOMER_IDENTIFICATION,ID_CUSTOMER,ID_IDENTIFICATION_TYPE,STR_IDENTIFICATION,BOL_IS_ACTIVE,ID_PROVIDER,ID_IDENTIFICATION_STATUS,ID_ORGUNIT) VALUES (#SEQ_VAL# * 50,106,5,'sysmgr','Y',null,0,null);
INSERT INTO MOB_CUSTOMERS_IDENTIFICATIONS (ID_CUSTOMER_IDENTIFICATION,ID_CUSTOMER,ID_IDENTIFICATION_TYPE,STR_IDENTIFICATION,BOL_IS_ACTIVE,ID_PROVIDER,ID_IDENTIFICATION_STATUS,ID_ORGUNIT) VALUES (#SEQ_VAL# * 50,108,1,'108','Y',null,0,null);
INSERT INTO MOB_CUSTOMERS_IDENTIFICATIONS (ID_CUSTOMER_IDENTIFICATION,ID_CUSTOMER,ID_IDENTIFICATION_TYPE,STR_IDENTIFICATION,BOL_IS_ACTIVE,ID_PROVIDER,ID_IDENTIFICATION_STATUS,ID_ORGUNIT) VALUES (#SEQ_VAL# * 50,108,5,'prefsread','Y',null,0,null);
INSERT INTO MOB_CUSTOMERS_IDENTIFICATIONS (ID_CUSTOMER_IDENTIFICATION,ID_CUSTOMER,ID_IDENTIFICATION_TYPE,STR_IDENTIFICATION,BOL_IS_ACTIVE,ID_PROVIDER,ID_IDENTIFICATION_STATUS,ID_ORGUNIT) VALUES (#SEQ_VAL# * 50,109,1,'109','Y',null,0,null);
INSERT INTO MOB_CUSTOMERS_IDENTIFICATIONS (ID_CUSTOMER_IDENTIFICATION,ID_CUSTOMER,ID_IDENTIFICATION_TYPE,STR_IDENTIFICATION,BOL_IS_ACTIVE,ID_PROVIDER,ID_IDENTIFICATION_STATUS,ID_ORGUNIT) VALUES (#SEQ_VAL# * 50,109,5,'cstagent','Y',null,0,null);
INSERT INTO MOB_CUSTOMERS_IDENTIFICATIONS (ID_CUSTOMER_IDENTIFICATION,ID_CUSTOMER,ID_IDENTIFICATION_TYPE,STR_IDENTIFICATION,BOL_IS_ACTIVE,ID_PROVIDER,ID_IDENTIFICATION_STATUS,ID_ORGUNIT) VALUES (#SEQ_VAL# * 50,110,1,'110','Y',null,0,null);
INSERT INTO MOB_CUSTOMERS_IDENTIFICATIONS (ID_CUSTOMER_IDENTIFICATION,ID_CUSTOMER,ID_IDENTIFICATION_TYPE,STR_IDENTIFICATION,BOL_IS_ACTIVE,ID_PROVIDER,ID_IDENTIFICATION_STATUS,ID_ORGUNIT) VALUES (#SEQ_VAL# * 50,110,5,'opsagent','Y',null,0,null);
INSERT INTO MOB_CUSTOMERS_IDENTIFICATIONS (ID_CUSTOMER_IDENTIFICATION,ID_CUSTOMER,ID_IDENTIFICATION_TYPE,STR_IDENTIFICATION,BOL_IS_ACTIVE,ID_PROVIDER,ID_IDENTIFICATION_STATUS,ID_ORGUNIT) VALUES (#SEQ_VAL# * 50,111,1,'111','Y',null,0,null);
INSERT INTO MOB_CUSTOMERS_IDENTIFICATIONS (ID_CUSTOMER_IDENTIFICATION,ID_CUSTOMER,ID_IDENTIFICATION_TYPE,STR_IDENTIFICATION,BOL_IS_ACTIVE,ID_PROVIDER,ID_IDENTIFICATION_STATUS,ID_ORGUNIT) VALUES (#SEQ_VAL# * 50,111,5,'cstaudit','Y',null,0,null);
INSERT INTO MOB_CUSTOMERS_IDENTIFICATIONS (ID_CUSTOMER_IDENTIFICATION,ID_CUSTOMER,ID_IDENTIFICATION_TYPE,STR_IDENTIFICATION,BOL_IS_ACTIVE,ID_PROVIDER,ID_IDENTIFICATION_STATUS,ID_ORGUNIT) VALUES (#SEQ_VAL# * 50,112,1,'112','Y',null,0,null);
INSERT INTO MOB_CUSTOMERS_IDENTIFICATIONS (ID_CUSTOMER_IDENTIFICATION,ID_CUSTOMER,ID_IDENTIFICATION_TYPE,STR_IDENTIFICATION,BOL_IS_ACTIVE,ID_PROVIDER,ID_IDENTIFICATION_STATUS,ID_ORGUNIT) VALUES (#SEQ_VAL# * 50,112,5,'reportsread','Y',null,0,null);
INSERT INTO MOB_CUSTOMERS_IDENTIFICATIONS (ID_CUSTOMER_IDENTIFICATION,ID_CUSTOMER,ID_IDENTIFICATION_TYPE,STR_IDENTIFICATION,BOL_IS_ACTIVE,ID_PROVIDER,ID_IDENTIFICATION_STATUS,ID_ORGUNIT) VALUES (#SEQ_VAL# * 50,200,1,'200','Y',null,0,null);
INSERT INTO MOB_CUSTOMERS_IDENTIFICATIONS (ID_CUSTOMER_IDENTIFICATION,ID_CUSTOMER,ID_IDENTIFICATION_TYPE,STR_IDENTIFICATION,BOL_IS_ACTIVE,ID_PROVIDER,ID_IDENTIFICATION_STATUS,ID_ORGUNIT) VALUES (#SEQ_VAL# * 50,201,1,'201','Y',null,0,null);
INSERT INTO MOB_CUSTOMERS_IDENTIFICATIONS (ID_CUSTOMER_IDENTIFICATION,ID_CUSTOMER,ID_IDENTIFICATION_TYPE,STR_IDENTIFICATION,BOL_IS_ACTIVE,ID_PROVIDER,ID_IDENTIFICATION_STATUS,ID_ORGUNIT) VALUES (#SEQ_VAL# * 50,202,1,'202','Y',null,0,null);
INSERT INTO MOB_CUSTOMERS_IDENTIFICATIONS (ID_CUSTOMER_IDENTIFICATION,ID_CUSTOMER,ID_IDENTIFICATION_TYPE,STR_IDENTIFICATION,BOL_IS_ACTIVE,ID_PROVIDER,ID_IDENTIFICATION_STATUS,ID_ORGUNIT) VALUES (#SEQ_VAL# * 50,203,1,'203','Y',null,0,null);
INSERT INTO MOB_CUSTOMERS_IDENTIFICATIONS (ID_CUSTOMER_IDENTIFICATION,ID_CUSTOMER,ID_IDENTIFICATION_TYPE,STR_IDENTIFICATION,BOL_IS_ACTIVE,ID_PROVIDER,ID_IDENTIFICATION_STATUS,ID_ORGUNIT) VALUES (#SEQ_VAL# * 50,203,5,'headquarter','Y',null,0,null);
INSERT INTO MOB_CUSTOMERS_IDENTIFICATIONS (ID_CUSTOMER_IDENTIFICATION,ID_CUSTOMER,ID_IDENTIFICATION_TYPE,STR_IDENTIFICATION,BOL_IS_ACTIVE,ID_PROVIDER,ID_IDENTIFICATION_STATUS,ID_ORGUNIT) VALUES (#SEQ_VAL# * 50,204,1,'204','Y',null,0,null);
INSERT INTO MOB_CUSTOMERS_IDENTIFICATIONS (ID_CUSTOMER_IDENTIFICATION,ID_CUSTOMER,ID_IDENTIFICATION_TYPE,STR_IDENTIFICATION,BOL_IS_ACTIVE,ID_PROVIDER,ID_IDENTIFICATION_STATUS,ID_ORGUNIT) VALUES (#SEQ_VAL# * 50,301,1,'301','Y',null,0,null);
INSERT INTO MOB_CUSTOMERS_IDENTIFICATIONS (ID_CUSTOMER_IDENTIFICATION,ID_CUSTOMER,ID_IDENTIFICATION_TYPE,STR_IDENTIFICATION,BOL_IS_ACTIVE,ID_PROVIDER,ID_IDENTIFICATION_STATUS,ID_ORGUNIT) VALUES (#SEQ_VAL# * 50,301,5,'GLACCOUNT','Y',null,0,null);
INSERT INTO MOB_CUSTOMERS_IDENTIFICATIONS (ID_CUSTOMER_IDENTIFICATION,ID_CUSTOMER,ID_IDENTIFICATION_TYPE,STR_IDENTIFICATION,BOL_IS_ACTIVE,ID_PROVIDER,ID_IDENTIFICATION_STATUS,ID_ORGUNIT) VALUES (#SEQ_VAL# * 50,2000,1,'2000','Y',null,0,null);

-- INSERTING into MOB_PIS
INSERT INTO MOB_PIS (ID_PI,ID_PI_TYPE,ID_LIMIT_SET,ID_CUSTOMER,BOL_IS_ACTIVE,ID_CURRENCY,BOL_MULTI_CURRENCY,BOL_CREDIT_ALLOWED,BOL_DEBIT_ALLOWED,ID_CLEARING_MODE,ID_FEE_CLEARING_MODE,ID_ENTITY_STATUS,STR_HASH,DAT_CREATION,ID_CUSTOMER_CREATION) VALUES (200,40,null,200,'Y','EUR','N','Y','Y',null,null,0,null,#CURRENT_TIMESTAMP#,0);
INSERT INTO MOB_PIS (ID_PI,ID_PI_TYPE,ID_LIMIT_SET,ID_CUSTOMER,BOL_IS_ACTIVE,ID_CURRENCY,BOL_MULTI_CURRENCY,BOL_CREDIT_ALLOWED,BOL_DEBIT_ALLOWED,ID_CLEARING_MODE,ID_FEE_CLEARING_MODE,ID_ENTITY_STATUS,STR_HASH,DAT_CREATION,ID_CUSTOMER_CREATION) VALUES (10000,0,null,201,'Y','EUR','Y',null,null,'DC',null,0,null,#CURRENT_TIMESTAMP#,0);
INSERT INTO MOB_PIS (ID_PI,ID_PI_TYPE,ID_LIMIT_SET,ID_CUSTOMER,BOL_IS_ACTIVE,ID_CURRENCY,BOL_MULTI_CURRENCY,BOL_CREDIT_ALLOWED,BOL_DEBIT_ALLOWED,ID_CLEARING_MODE,ID_FEE_CLEARING_MODE,ID_ENTITY_STATUS,STR_HASH,DAT_CREATION,ID_CUSTOMER_CREATION) VALUES (20001,40,null,201,'Y','EUR','Y',null,null,null,null,0,null,#CURRENT_TIMESTAMP#,0);
INSERT INTO MOB_PIS (ID_PI,ID_PI_TYPE,ID_LIMIT_SET,ID_CUSTOMER,BOL_IS_ACTIVE,ID_CURRENCY,BOL_MULTI_CURRENCY,BOL_CREDIT_ALLOWED,BOL_DEBIT_ALLOWED,ID_CLEARING_MODE,ID_FEE_CLEARING_MODE,ID_ENTITY_STATUS,STR_HASH,DAT_CREATION,ID_CUSTOMER_CREATION) VALUES (20002,40,null,202,'Y','EUR','Y',null,null,null,null,0,null,#CURRENT_TIMESTAMP#,0);
INSERT INTO MOB_PIS (ID_PI,ID_PI_TYPE,ID_LIMIT_SET,ID_CUSTOMER,BOL_IS_ACTIVE,ID_CURRENCY,BOL_MULTI_CURRENCY,BOL_CREDIT_ALLOWED,BOL_DEBIT_ALLOWED,ID_CLEARING_MODE,ID_FEE_CLEARING_MODE,ID_ENTITY_STATUS,STR_HASH,DAT_CREATION,ID_CUSTOMER_CREATION) VALUES (204,40,null,204,'Y','EUR','N','Y','Y',null,null,0,null,#CURRENT_TIMESTAMP#,0);
INSERT INTO MOB_PIS (ID_PI,ID_PI_TYPE,ID_LIMIT_SET,ID_CUSTOMER,BOL_IS_ACTIVE,ID_CURRENCY,BOL_MULTI_CURRENCY,BOL_CREDIT_ALLOWED,BOL_DEBIT_ALLOWED,ID_CLEARING_MODE,ID_FEE_CLEARING_MODE,ID_ENTITY_STATUS,STR_HASH,DAT_CREATION,ID_CUSTOMER_CREATION) VALUES (305,9,null,301,'Y','EUR','N','Y','Y',null,null,0,null,#CURRENT_TIMESTAMP#,0);
INSERT INTO MOB_PIS (ID_PI,ID_PI_TYPE,ID_LIMIT_SET,ID_CUSTOMER,BOL_IS_ACTIVE,ID_CURRENCY,BOL_MULTI_CURRENCY,BOL_CREDIT_ALLOWED,BOL_DEBIT_ALLOWED,ID_CLEARING_MODE,ID_FEE_CLEARING_MODE,ID_ENTITY_STATUS,STR_HASH,DAT_CREATION,ID_CUSTOMER_CREATION) VALUES (301,47,null,301,'Y','EUR','N','Y','Y',null,null,0,null,#CURRENT_TIMESTAMP#,0);
INSERT INTO MOB_PIS (ID_PI,ID_PI_TYPE,ID_LIMIT_SET,ID_CUSTOMER,BOL_IS_ACTIVE,ID_CURRENCY,BOL_MULTI_CURRENCY,BOL_CREDIT_ALLOWED,BOL_DEBIT_ALLOWED,ID_CLEARING_MODE,ID_FEE_CLEARING_MODE,ID_ENTITY_STATUS,STR_HASH,DAT_CREATION,ID_CUSTOMER_CREATION) VALUES (302,48,null,301,'Y','EUR','N','Y','Y',null,null,0,null,#CURRENT_TIMESTAMP#,0);
INSERT INTO MOB_PIS (ID_PI,ID_PI_TYPE,ID_LIMIT_SET,ID_CUSTOMER,BOL_IS_ACTIVE,ID_CURRENCY,BOL_MULTI_CURRENCY,BOL_CREDIT_ALLOWED,BOL_DEBIT_ALLOWED,ID_CLEARING_MODE,ID_FEE_CLEARING_MODE,ID_ENTITY_STATUS,STR_HASH,DAT_CREATION,ID_CUSTOMER_CREATION) VALUES (303,7,null,301,'Y','EUR','N','Y','Y',null,null,0,null,#CURRENT_TIMESTAMP#,0);
INSERT INTO MOB_PIS (ID_PI,ID_PI_TYPE,ID_LIMIT_SET,ID_CUSTOMER,BOL_IS_ACTIVE,ID_CURRENCY,BOL_MULTI_CURRENCY,BOL_CREDIT_ALLOWED,BOL_DEBIT_ALLOWED,ID_CLEARING_MODE,ID_FEE_CLEARING_MODE,ID_ENTITY_STATUS,STR_HASH,DAT_CREATION,ID_CUSTOMER_CREATION) VALUES (304,8,null,301,'Y','EUR','N','Y','Y',null,null,0,null,#CURRENT_TIMESTAMP#,0);
INSERT INTO MOB_PIS (ID_PI,ID_PI_TYPE,ID_LIMIT_SET,ID_CUSTOMER,BOL_IS_ACTIVE,ID_CURRENCY,BOL_MULTI_CURRENCY,BOL_CREDIT_ALLOWED,BOL_DEBIT_ALLOWED,ID_CLEARING_MODE,ID_FEE_CLEARING_MODE,ID_ENTITY_STATUS,STR_HASH,DAT_CREATION,ID_CUSTOMER_CREATION) VALUES (10000112,60,null,null,'Y','EUR','N',null,null,null,null,0,null,#CURRENT_TIMESTAMP#,0);
INSERT INTO MOB_PIS (ID_PI,ID_PI_TYPE,ID_LIMIT_SET,ID_CUSTOMER,BOL_IS_ACTIVE,ID_CURRENCY,BOL_MULTI_CURRENCY,BOL_CREDIT_ALLOWED,BOL_DEBIT_ALLOWED,ID_CLEARING_MODE,ID_FEE_CLEARING_MODE,ID_ENTITY_STATUS,STR_HASH,DAT_CREATION,ID_CUSTOMER_CREATION) VALUES (10000114,0,null,null,'Y','EUR','N','Y','Y',null,null,0,null,#CURRENT_TIMESTAMP#,0);


-- INSERTING into MOB_SVA
INSERT INTO MOB_SVA (ID_PI,AMNT_DEBIT_BALANCE,AMNT_CREDIT_BALANCE,AMNT_DEBIT_RESERVED,AMNT_CREDIT_RESERVED,AMNT_MAX_BALANCE,AMNT_MIN_BALANCE,DAT_CREATION,ID_CUSTOMER_CREATION) VALUES (303,0,0,0,0,99999999999999999,-99999999999999999,#CURRENT_TIMESTAMP#,0);
INSERT INTO MOB_SVA (ID_PI,AMNT_DEBIT_BALANCE,AMNT_CREDIT_BALANCE,AMNT_DEBIT_RESERVED,AMNT_CREDIT_RESERVED,AMNT_MAX_BALANCE,AMNT_MIN_BALANCE,DAT_CREATION,ID_CUSTOMER_CREATION) VALUES (304,0,0,0,0,99999999999999999,-99999999999999999,#CURRENT_TIMESTAMP#,0);
INSERT INTO MOB_SVA (ID_PI,AMNT_DEBIT_BALANCE,AMNT_CREDIT_BALANCE,AMNT_DEBIT_RESERVED,AMNT_CREDIT_RESERVED,AMNT_MAX_BALANCE,AMNT_MIN_BALANCE,DAT_CREATION,ID_CUSTOMER_CREATION) VALUES (305,0,0,0,0,99999999999999999,-99999999999999999,#CURRENT_TIMESTAMP#,0);
INSERT INTO MOB_SVA (ID_PI,AMNT_DEBIT_BALANCE,AMNT_CREDIT_BALANCE,AMNT_DEBIT_RESERVED,AMNT_CREDIT_RESERVED,AMNT_MAX_BALANCE,AMNT_MIN_BALANCE,DAT_CREATION,ID_CUSTOMER_CREATION) VALUES (10000,0,0,0,0,null,0,#CURRENT_TIMESTAMP#,0);

-- INSERTING into MOB_BANK_ACCOUNTS 
INSERT INTO MOB_BANK_ACCOUNTS (ID_PI,STR_NAME,ID_COUNTRY_BANK,DAT_CREATION,ID_CUSTOMER_CREATION) VALUES (200,null,'DE',#CURRENT_TIMESTAMP#,0);
INSERT INTO MOB_BANK_ACCOUNTS (ID_PI,STR_NAME,ID_COUNTRY_BANK,DAT_CREATION,ID_CUSTOMER_CREATION) VALUES (204,null,'DE',#CURRENT_TIMESTAMP#,0);
INSERT INTO MOB_BANK_ACCOUNTS (ID_PI,STR_NAME,ID_COUNTRY_BANK,DAT_CREATION,ID_CUSTOMER_CREATION) VALUES (301,'INTEREST INCOME ACCOUNT','DE',#CURRENT_TIMESTAMP#,0);
INSERT INTO MOB_BANK_ACCOUNTS (ID_PI,STR_NAME,ID_COUNTRY_BANK,DAT_CREATION,ID_CUSTOMER_CREATION) VALUES (302,'INTEREST EXPENSE ACCOUNT','DE',#CURRENT_TIMESTAMP#,0);
INSERT INTO MOB_BANK_ACCOUNTS (ID_PI,STR_NAME,ID_COUNTRY_BANK,DAT_CREATION,ID_CUSTOMER_CREATION) VALUES (20001,null,'DE',#CURRENT_TIMESTAMP#,0);
INSERT INTO MOB_BANK_ACCOUNTS (ID_PI,STR_NAME,ID_COUNTRY_BANK,DAT_CREATION,ID_CUSTOMER_CREATION) VALUES (20002,null,'DE',#CURRENT_TIMESTAMP#,0);

-- INSERTING into MOB_WALLET 
INSERT INTO MOB_WALLET (ID_ENTITY,ID_CUSTOMER,ID_PI,DAT_CREATION,ID_CUSTOMER_CREATION) VALUES (#SEQ_VAL# * 50,200,200,#CURRENT_TIMESTAMP#,0);
INSERT INTO MOB_WALLET (ID_ENTITY,ID_CUSTOMER,ID_PI,DAT_CREATION,ID_CUSTOMER_CREATION) VALUES (#SEQ_VAL# * 50,201,20001,#CURRENT_TIMESTAMP#,0);
INSERT INTO MOB_WALLET (ID_ENTITY,ID_CUSTOMER,ID_PI,DAT_CREATION,ID_CUSTOMER_CREATION) VALUES (#SEQ_VAL# * 50,202,20002,#CURRENT_TIMESTAMP#,0);
INSERT INTO MOB_WALLET (ID_ENTITY,ID_CUSTOMER,ID_PI,DAT_CREATION,ID_CUSTOMER_CREATION) VALUES (#SEQ_VAL# * 50,204,204,#CURRENT_TIMESTAMP#,0);
INSERT INTO MOB_WALLET (ID_ENTITY,ID_CUSTOMER,ID_PI,DAT_CREATION,ID_CUSTOMER_CREATION) VALUES (#SEQ_VAL# * 50,301,301,#CURRENT_TIMESTAMP#,0);
INSERT INTO MOB_WALLET (ID_ENTITY,ID_CUSTOMER,ID_PI,DAT_CREATION,ID_CUSTOMER_CREATION) VALUES (#SEQ_VAL# * 50,301,302,#CURRENT_TIMESTAMP#,0);
INSERT INTO MOB_WALLET (ID_ENTITY,ID_CUSTOMER,ID_PI,DAT_CREATION,ID_CUSTOMER_CREATION) VALUES (#SEQ_VAL# * 50,301,303,#CURRENT_TIMESTAMP#,0);
INSERT INTO MOB_WALLET (ID_ENTITY,ID_CUSTOMER,ID_PI,DAT_CREATION,ID_CUSTOMER_CREATION) VALUES (#SEQ_VAL# * 50,301,304,#CURRENT_TIMESTAMP#,0);
INSERT INTO MOB_WALLET (ID_ENTITY,ID_CUSTOMER,ID_PI,DAT_CREATION,ID_CUSTOMER_CREATION) VALUES (#SEQ_VAL# * 50,301,305,#CURRENT_TIMESTAMP#,0);

-- Alter statements for circular references
Update MOB_PI_TYPES set ID_SETTLEMENT_INSTRUMENT=10000 where ID_PI_TYPE=0;

-- more AMS stuff
INSERT INTO AMS_CLEARING_CONFIG (ID_ORGUNIT,ID_CLEARING_MODE,ID_SETTLEMENT_MODE,ID_CURRENCY,ID_CLEARING_PI,DAT_CREATION,ID_CUSTOMER_CREATION) VALUES ('0000','DC','none','EUR',10000,#CURRENT_TIMESTAMP#,0);

INSERT INTO MOB_UMGR_PRIVILEGES (ID_PRIVILEGE,STR_PRIVILEGE,DAT_CREATION,ID_CUSTOMER_CREATION) VALUES ('UC_150_CALLER_PARENT_PRIVILEGE','UC_150_CALLER_PARENT_PRIVILEGE',#CURRENT_TIMESTAMP#,0);
INSERT INTO MOB_UMGR_PRIVILEGES (ID_PRIVILEGE,STR_PRIVILEGE,DAT_CREATION,ID_CUSTOMER_CREATION) VALUES ('UC_150_CALLER_PRIVILEGE','UC_150_CALLER_PRIVILEGE',#CURRENT_TIMESTAMP#,0);
INSERT INTO MOB_UMGR_PRIVILEGES (ID_PRIVILEGE,STR_PRIVILEGE,DAT_CREATION,ID_CUSTOMER_CREATION) VALUES ('UC_150_CALLER_SELF_PRIVILEGE','UC_150_CALLER_SELF_PRIVILEGE',#CURRENT_TIMESTAMP#,0);
INSERT INTO MOB_UMGR_PRIVILEGES (ID_PRIVILEGE,STR_PRIVILEGE,DAT_CREATION,ID_CUSTOMER_CREATION) VALUES ('UC_150_CHECKER_PRIVILEGE','UC_150_CHECKER_PRIVILEGE',#CURRENT_TIMESTAMP#,0);
INSERT INTO MOB_UMGR_PRIVILEGES (ID_PRIVILEGE,STR_PRIVILEGE,DAT_CREATION,ID_CUSTOMER_CREATION) VALUES ('UC_150_EXECUTE_PRIVILEGE','UC_150_EXECUTE_PRIVILEGE',#CURRENT_TIMESTAMP#,0);
INSERT INTO MOB_UMGR_PRIVILEGES (ID_PRIVILEGE,STR_PRIVILEGE,DAT_CREATION,ID_CUSTOMER_CREATION) VALUES ('UC_150_MAKER_PRIVILEGE','UC_150_MAKER_PRIVILEGE',#CURRENT_TIMESTAMP#,0);
INSERT INTO MOB_UMGR_PRIVILEGES (ID_PRIVILEGE,STR_PRIVILEGE,DAT_CREATION,ID_CUSTOMER_CREATION) VALUES ('UC_160_CALLER_PARENT_PRIVILEGE','UC_160_CALLER_PARENT_PRIVILEGE',#CURRENT_TIMESTAMP#,0);
INSERT INTO MOB_UMGR_PRIVILEGES (ID_PRIVILEGE,STR_PRIVILEGE,DAT_CREATION,ID_CUSTOMER_CREATION) VALUES ('UC_160_CALLER_PRIVILEGE','UC_160_CALLER_PRIVILEGE',#CURRENT_TIMESTAMP#,0);
INSERT INTO MOB_UMGR_PRIVILEGES (ID_PRIVILEGE,STR_PRIVILEGE,DAT_CREATION,ID_CUSTOMER_CREATION) VALUES ('UC_160_CALLER_SELF_PRIVILEGE','UC_160_CALLER_SELF_PRIVILEGE',#CURRENT_TIMESTAMP#,0);
INSERT INTO MOB_UMGR_PRIVILEGES (ID_PRIVILEGE,STR_PRIVILEGE,DAT_CREATION,ID_CUSTOMER_CREATION) VALUES ('UC_160_CHECKER_PRIVILEGE','UC_160_CHECKER_PRIVILEGE',#CURRENT_TIMESTAMP#,0);
INSERT INTO MOB_UMGR_PRIVILEGES (ID_PRIVILEGE,STR_PRIVILEGE,DAT_CREATION,ID_CUSTOMER_CREATION) VALUES ('UC_160_EXECUTE_PRIVILEGE','UC_160_EXECUTE_PRIVILEGE',#CURRENT_TIMESTAMP#,0);
INSERT INTO MOB_UMGR_PRIVILEGES (ID_PRIVILEGE,STR_PRIVILEGE,DAT_CREATION,ID_CUSTOMER_CREATION) VALUES ('UC_160_MAKER_PRIVILEGE','UC_160_MAKER_PRIVILEGE',#CURRENT_TIMESTAMP#,0);
INSERT INTO MOB_UMGR_PRIVILEGES (ID_PRIVILEGE,STR_PRIVILEGE,DAT_CREATION,ID_CUSTOMER_CREATION) VALUES ('UC_160_PAYEE_PRIVILEGE','UC_160_PAYEE_PRIVILEGE',#CURRENT_TIMESTAMP#,0);
INSERT INTO MOB_UMGR_PRIVILEGES (ID_PRIVILEGE,STR_PRIVILEGE,DAT_CREATION,ID_CUSTOMER_CREATION) VALUES ('UC_160_PAYER_PRIVILEGE','UC_160_PAYER_PRIVILEGE',#CURRENT_TIMESTAMP#,0);
INSERT INTO MOB_UMGR_PRIVILEGES (ID_PRIVILEGE,STR_PRIVILEGE,DAT_CREATION,ID_CUSTOMER_CREATION) VALUES ('UC_161_CALLER_PARENT_PRIVILEGE','UC_161_CALLER_PARENT_PRIVILEGE',#CURRENT_TIMESTAMP#,0);
INSERT INTO MOB_UMGR_PRIVILEGES (ID_PRIVILEGE,STR_PRIVILEGE,DAT_CREATION,ID_CUSTOMER_CREATION) VALUES ('UC_161_CALLER_PRIVILEGE','UC_161_CALLER_PRIVILEGE',#CURRENT_TIMESTAMP#,0);
INSERT INTO MOB_UMGR_PRIVILEGES (ID_PRIVILEGE,STR_PRIVILEGE,DAT_CREATION,ID_CUSTOMER_CREATION) VALUES ('UC_161_CALLER_SELF_PRIVILEGE','UC_161_CALLER_SELF_PRIVILEGE',#CURRENT_TIMESTAMP#,0);
INSERT INTO MOB_UMGR_PRIVILEGES (ID_PRIVILEGE,STR_PRIVILEGE,DAT_CREATION,ID_CUSTOMER_CREATION) VALUES ('UC_161_CHECKER_PRIVILEGE','UC_161_CHECKER_PRIVILEGE',#CURRENT_TIMESTAMP#,0);
INSERT INTO MOB_UMGR_PRIVILEGES (ID_PRIVILEGE,STR_PRIVILEGE,DAT_CREATION,ID_CUSTOMER_CREATION) VALUES ('UC_161_EXECUTE_PRIVILEGE','UC_161_EXECUTE_PRIVILEGE',#CURRENT_TIMESTAMP#,0);
INSERT INTO MOB_UMGR_PRIVILEGES (ID_PRIVILEGE,STR_PRIVILEGE,DAT_CREATION,ID_CUSTOMER_CREATION) VALUES ('UC_161_MAKER_PRIVILEGE','UC_161_MAKER_PRIVILEGE',#CURRENT_TIMESTAMP#,0);
INSERT INTO MOB_UMGR_PRIVILEGES (ID_PRIVILEGE,STR_PRIVILEGE,DAT_CREATION,ID_CUSTOMER_CREATION) VALUES ('UC_161_PAYEE_PRIVILEGE','UC_161_PAYEE_PRIVILEGE',#CURRENT_TIMESTAMP#,0);
INSERT INTO MOB_UMGR_PRIVILEGES (ID_PRIVILEGE,STR_PRIVILEGE,DAT_CREATION,ID_CUSTOMER_CREATION) VALUES ('UC_161_PAYER_PRIVILEGE','UC_161_PAYER_PRIVILEGE',#CURRENT_TIMESTAMP#,0);
INSERT INTO MOB_UMGR_PRIVILEGES (ID_PRIVILEGE,STR_PRIVILEGE,DAT_CREATION,ID_CUSTOMER_CREATION) VALUES ('UC_171_CALLER_PARENT_PRIVILEGE','UC_171_CALLER_PARENT_PRIVILEGE',#CURRENT_TIMESTAMP#,0);
INSERT INTO MOB_UMGR_PRIVILEGES (ID_PRIVILEGE,STR_PRIVILEGE,DAT_CREATION,ID_CUSTOMER_CREATION) VALUES ('UC_171_CALLER_PRIVILEGE','UC_171_CALLER_PRIVILEGE',#CURRENT_TIMESTAMP#,0);
INSERT INTO MOB_UMGR_PRIVILEGES (ID_PRIVILEGE,STR_PRIVILEGE,DAT_CREATION,ID_CUSTOMER_CREATION) VALUES ('UC_171_CALLER_SELF_PRIVILEGE','UC_171_CALLER_SELF_PRIVILEGE',#CURRENT_TIMESTAMP#,0);
INSERT INTO MOB_UMGR_PRIVILEGES (ID_PRIVILEGE,STR_PRIVILEGE,DAT_CREATION,ID_CUSTOMER_CREATION) VALUES ('UC_171_CHECKER_PRIVILEGE','UC_171_CHECKER_PRIVILEGE',#CURRENT_TIMESTAMP#,0);
INSERT INTO MOB_UMGR_PRIVILEGES (ID_PRIVILEGE,STR_PRIVILEGE,DAT_CREATION,ID_CUSTOMER_CREATION) VALUES ('UC_171_EXECUTE_PRIVILEGE','UC_171_EXECUTE_PRIVILEGE',#CURRENT_TIMESTAMP#,0);
INSERT INTO MOB_UMGR_PRIVILEGES (ID_PRIVILEGE,STR_PRIVILEGE,DAT_CREATION,ID_CUSTOMER_CREATION) VALUES ('UC_171_MAKER_PRIVILEGE','UC_171_MAKER_PRIVILEGE',#CURRENT_TIMESTAMP#,0);
INSERT INTO MOB_UMGR_PRIVILEGES (ID_PRIVILEGE,STR_PRIVILEGE,DAT_CREATION,ID_CUSTOMER_CREATION) VALUES ('UC_171_PAYEE_PRIVILEGE','UC_171_PAYEE_PRIVILEGE',#CURRENT_TIMESTAMP#,0);
INSERT INTO MOB_UMGR_PRIVILEGES (ID_PRIVILEGE,STR_PRIVILEGE,DAT_CREATION,ID_CUSTOMER_CREATION) VALUES ('UC_171_PAYER_PRIVILEGE','UC_171_PAYER_PRIVILEGE',#CURRENT_TIMESTAMP#,0);
INSERT INTO MOB_UMGR_PRIVILEGES (ID_PRIVILEGE,STR_PRIVILEGE,DAT_CREATION,ID_CUSTOMER_CREATION) VALUES ('UC_172_CALLER_PARENT_PRIVILEGE','UC_172_CALLER_PARENT_PRIVILEGE',#CURRENT_TIMESTAMP#,0);
INSERT INTO MOB_UMGR_PRIVILEGES (ID_PRIVILEGE,STR_PRIVILEGE,DAT_CREATION,ID_CUSTOMER_CREATION) VALUES ('UC_172_CALLER_PRIVILEGE','UC_172_CALLER_PRIVILEGE',#CURRENT_TIMESTAMP#,0);
INSERT INTO MOB_UMGR_PRIVILEGES (ID_PRIVILEGE,STR_PRIVILEGE,DAT_CREATION,ID_CUSTOMER_CREATION) VALUES ('UC_172_CALLER_SELF_PRIVILEGE','UC_172_CALLER_SELF_PRIVILEGE',#CURRENT_TIMESTAMP#,0);
INSERT INTO MOB_UMGR_PRIVILEGES (ID_PRIVILEGE,STR_PRIVILEGE,DAT_CREATION,ID_CUSTOMER_CREATION) VALUES ('UC_172_CHECKER_PRIVILEGE','UC_172_CHECKER_PRIVILEGE',#CURRENT_TIMESTAMP#,0);
INSERT INTO MOB_UMGR_PRIVILEGES (ID_PRIVILEGE,STR_PRIVILEGE,DAT_CREATION,ID_CUSTOMER_CREATION) VALUES ('UC_172_EXECUTE_PRIVILEGE','UC_172_EXECUTE_PRIVILEGE',#CURRENT_TIMESTAMP#,0);
INSERT INTO MOB_UMGR_PRIVILEGES (ID_PRIVILEGE,STR_PRIVILEGE,DAT_CREATION,ID_CUSTOMER_CREATION) VALUES ('UC_172_MAKER_PRIVILEGE','UC_172_MAKER_PRIVILEGE',#CURRENT_TIMESTAMP#,0);
INSERT INTO MOB_UMGR_PRIVILEGES (ID_PRIVILEGE,STR_PRIVILEGE,DAT_CREATION,ID_CUSTOMER_CREATION) VALUES ('UC_172_PAYEE_PRIVILEGE','UC_172_PAYEE_PRIVILEGE',#CURRENT_TIMESTAMP#,0);
INSERT INTO MOB_UMGR_PRIVILEGES (ID_PRIVILEGE,STR_PRIVILEGE,DAT_CREATION,ID_CUSTOMER_CREATION) VALUES ('UC_172_PAYER_PRIVILEGE','UC_172_PAYER_PRIVILEGE',#CURRENT_TIMESTAMP#,0);
INSERT INTO MOB_UMGR_PRIVILEGES (ID_PRIVILEGE,STR_PRIVILEGE,DAT_CREATION,ID_CUSTOMER_CREATION) VALUES ('UC_173_CALLER_PARENT_PRIVILEGE','UC_173_CALLER_PARENT_PRIVILEGE',#CURRENT_TIMESTAMP#,0);
INSERT INTO MOB_UMGR_PRIVILEGES (ID_PRIVILEGE,STR_PRIVILEGE,DAT_CREATION,ID_CUSTOMER_CREATION) VALUES ('UC_173_CALLER_PRIVILEGE','UC_173_CALLER_PRIVILEGE',#CURRENT_TIMESTAMP#,0);
INSERT INTO MOB_UMGR_PRIVILEGES (ID_PRIVILEGE,STR_PRIVILEGE,DAT_CREATION,ID_CUSTOMER_CREATION) VALUES ('UC_173_CALLER_SELF_PRIVILEGE','UC_173_CALLER_SELF_PRIVILEGE',#CURRENT_TIMESTAMP#,0);
INSERT INTO MOB_UMGR_PRIVILEGES (ID_PRIVILEGE,STR_PRIVILEGE,DAT_CREATION,ID_CUSTOMER_CREATION) VALUES ('UC_173_CHECKER_PRIVILEGE','UC_173_CHECKER_PRIVILEGE',#CURRENT_TIMESTAMP#,0);
INSERT INTO MOB_UMGR_PRIVILEGES (ID_PRIVILEGE,STR_PRIVILEGE,DAT_CREATION,ID_CUSTOMER_CREATION) VALUES ('UC_173_EXECUTE_PRIVILEGE','UC_173_EXECUTE_PRIVILEGE',#CURRENT_TIMESTAMP#,0);
INSERT INTO MOB_UMGR_PRIVILEGES (ID_PRIVILEGE,STR_PRIVILEGE,DAT_CREATION,ID_CUSTOMER_CREATION) VALUES ('UC_173_MAKER_PRIVILEGE','UC_173_MAKER_PRIVILEGE',#CURRENT_TIMESTAMP#,0);
INSERT INTO MOB_UMGR_PRIVILEGES (ID_PRIVILEGE,STR_PRIVILEGE,DAT_CREATION,ID_CUSTOMER_CREATION) VALUES ('UC_173_PAYEE_PRIVILEGE','UC_173_PAYEE_PRIVILEGE',#CURRENT_TIMESTAMP#,0);
INSERT INTO MOB_UMGR_PRIVILEGES (ID_PRIVILEGE,STR_PRIVILEGE,DAT_CREATION,ID_CUSTOMER_CREATION) VALUES ('UC_173_PAYER_PRIVILEGE','UC_173_PAYER_PRIVILEGE',#CURRENT_TIMESTAMP#,0);
INSERT INTO MOB_UMGR_PRIVILEGES (ID_PRIVILEGE,STR_PRIVILEGE,DAT_CREATION,ID_CUSTOMER_CREATION) VALUES ('UC_174_CALLER_PARENT_PRIVILEGE','UC_174_CALLER_PARENT_PRIVILEGE',#CURRENT_TIMESTAMP#,0);
INSERT INTO MOB_UMGR_PRIVILEGES (ID_PRIVILEGE,STR_PRIVILEGE,DAT_CREATION,ID_CUSTOMER_CREATION) VALUES ('UC_174_CALLER_PRIVILEGE','UC_174_CALLER_PRIVILEGE',#CURRENT_TIMESTAMP#,0);
INSERT INTO MOB_UMGR_PRIVILEGES (ID_PRIVILEGE,STR_PRIVILEGE,DAT_CREATION,ID_CUSTOMER_CREATION) VALUES ('UC_174_CALLER_SELF_PRIVILEGE','UC_174_CALLER_SELF_PRIVILEGE',#CURRENT_TIMESTAMP#,0);
INSERT INTO MOB_UMGR_PRIVILEGES (ID_PRIVILEGE,STR_PRIVILEGE,DAT_CREATION,ID_CUSTOMER_CREATION) VALUES ('UC_174_CHECKER_PRIVILEGE','UC_174_CHECKER_PRIVILEGE',#CURRENT_TIMESTAMP#,0);
INSERT INTO MOB_UMGR_PRIVILEGES (ID_PRIVILEGE,STR_PRIVILEGE,DAT_CREATION,ID_CUSTOMER_CREATION) VALUES ('UC_174_EXECUTE_PRIVILEGE','UC_174_EXECUTE_PRIVILEGE',#CURRENT_TIMESTAMP#,0);
INSERT INTO MOB_UMGR_PRIVILEGES (ID_PRIVILEGE,STR_PRIVILEGE,DAT_CREATION,ID_CUSTOMER_CREATION) VALUES ('UC_174_MAKER_PRIVILEGE','UC_174_MAKER_PRIVILEGE',#CURRENT_TIMESTAMP#,0);
INSERT INTO MOB_UMGR_PRIVILEGES (ID_PRIVILEGE,STR_PRIVILEGE,DAT_CREATION,ID_CUSTOMER_CREATION) VALUES ('UC_174_PAYEE_PRIVILEGE','UC_174_PAYEE_PRIVILEGE',#CURRENT_TIMESTAMP#,0);
INSERT INTO MOB_UMGR_PRIVILEGES (ID_PRIVILEGE,STR_PRIVILEGE,DAT_CREATION,ID_CUSTOMER_CREATION) VALUES ('UC_174_PAYER_PRIVILEGE','UC_174_PAYER_PRIVILEGE',#CURRENT_TIMESTAMP#,0);
INSERT INTO MOB_UMGR_PRIVILEGES (ID_PRIVILEGE,STR_PRIVILEGE,DAT_CREATION,ID_CUSTOMER_CREATION) VALUES ('UC_175_CALLER_PARENT_PRIVILEGE','UC_175_CALLER_PARENT_PRIVILEGE',#CURRENT_TIMESTAMP#,0);
INSERT INTO MOB_UMGR_PRIVILEGES (ID_PRIVILEGE,STR_PRIVILEGE,DAT_CREATION,ID_CUSTOMER_CREATION) VALUES ('UC_175_CALLER_PRIVILEGE','UC_175_CALLER_PRIVILEGE',#CURRENT_TIMESTAMP#,0);
INSERT INTO MOB_UMGR_PRIVILEGES (ID_PRIVILEGE,STR_PRIVILEGE,DAT_CREATION,ID_CUSTOMER_CREATION) VALUES ('UC_175_CALLER_SELF_PRIVILEGE','UC_175_CALLER_SELF_PRIVILEGE',#CURRENT_TIMESTAMP#,0);
INSERT INTO MOB_UMGR_PRIVILEGES (ID_PRIVILEGE,STR_PRIVILEGE,DAT_CREATION,ID_CUSTOMER_CREATION) VALUES ('UC_175_CHECKER_PRIVILEGE','UC_175_CHECKER_PRIVILEGE',#CURRENT_TIMESTAMP#,0);
INSERT INTO MOB_UMGR_PRIVILEGES (ID_PRIVILEGE,STR_PRIVILEGE,DAT_CREATION,ID_CUSTOMER_CREATION) VALUES ('UC_175_EXECUTE_PRIVILEGE','UC_175_EXECUTE_PRIVILEGE',#CURRENT_TIMESTAMP#,0);
INSERT INTO MOB_UMGR_PRIVILEGES (ID_PRIVILEGE,STR_PRIVILEGE,DAT_CREATION,ID_CUSTOMER_CREATION) VALUES ('UC_175_MAKER_PRIVILEGE','UC_175_MAKER_PRIVILEGE',#CURRENT_TIMESTAMP#,0);
INSERT INTO MOB_UMGR_PRIVILEGES (ID_PRIVILEGE,STR_PRIVILEGE,DAT_CREATION,ID_CUSTOMER_CREATION) VALUES ('UC_175_PAYEE_PRIVILEGE','UC_175_PAYEE_PRIVILEGE',#CURRENT_TIMESTAMP#,0);
INSERT INTO MOB_UMGR_PRIVILEGES (ID_PRIVILEGE,STR_PRIVILEGE,DAT_CREATION,ID_CUSTOMER_CREATION) VALUES ('UC_175_PAYER_PRIVILEGE','UC_175_PAYER_PRIVILEGE',#CURRENT_TIMESTAMP#,0);
INSERT INTO MOB_UMGR_PRIVILEGES (ID_PRIVILEGE,STR_PRIVILEGE,DAT_CREATION,ID_CUSTOMER_CREATION) VALUES ('UC_176_CALLER_PARENT_PRIVILEGE','UC_176_CALLER_PARENT_PRIVILEGE',#CURRENT_TIMESTAMP#,0);
INSERT INTO MOB_UMGR_PRIVILEGES (ID_PRIVILEGE,STR_PRIVILEGE,DAT_CREATION,ID_CUSTOMER_CREATION) VALUES ('UC_176_CALLER_PRIVILEGE','UC_176_CALLER_PRIVILEGE',#CURRENT_TIMESTAMP#,0);
INSERT INTO MOB_UMGR_PRIVILEGES (ID_PRIVILEGE,STR_PRIVILEGE,DAT_CREATION,ID_CUSTOMER_CREATION) VALUES ('UC_176_CALLER_SELF_PRIVILEGE','UC_176_CALLER_SELF_PRIVILEGE',#CURRENT_TIMESTAMP#,0);
INSERT INTO MOB_UMGR_PRIVILEGES (ID_PRIVILEGE,STR_PRIVILEGE,DAT_CREATION,ID_CUSTOMER_CREATION) VALUES ('UC_176_CHECKER_PRIVILEGE','UC_176_CHECKER_PRIVILEGE',#CURRENT_TIMESTAMP#,0);
INSERT INTO MOB_UMGR_PRIVILEGES (ID_PRIVILEGE,STR_PRIVILEGE,DAT_CREATION,ID_CUSTOMER_CREATION) VALUES ('UC_176_EXECUTE_PRIVILEGE','UC_176_EXECUTE_PRIVILEGE',#CURRENT_TIMESTAMP#,0);
INSERT INTO MOB_UMGR_PRIVILEGES (ID_PRIVILEGE,STR_PRIVILEGE,DAT_CREATION,ID_CUSTOMER_CREATION) VALUES ('UC_176_MAKER_PRIVILEGE','UC_176_MAKER_PRIVILEGE',#CURRENT_TIMESTAMP#,0);
INSERT INTO MOB_UMGR_PRIVILEGES (ID_PRIVILEGE,STR_PRIVILEGE,DAT_CREATION,ID_CUSTOMER_CREATION) VALUES ('UC_176_PAYEE_PRIVILEGE','UC_176_PAYEE_PRIVILEGE',#CURRENT_TIMESTAMP#,0);
INSERT INTO MOB_UMGR_PRIVILEGES (ID_PRIVILEGE,STR_PRIVILEGE,DAT_CREATION,ID_CUSTOMER_CREATION) VALUES ('UC_176_PAYER_PRIVILEGE','UC_176_PAYER_PRIVILEGE',#CURRENT_TIMESTAMP#,0);
INSERT INTO MOB_UMGR_PRIVILEGES (ID_PRIVILEGE,STR_PRIVILEGE,DAT_CREATION,ID_CUSTOMER_CREATION) VALUES ('UC_177_CALLER_PARENT_PRIVILEGE','UC_177_CALLER_PARENT_PRIVILEGE',#CURRENT_TIMESTAMP#,0);
INSERT INTO MOB_UMGR_PRIVILEGES (ID_PRIVILEGE,STR_PRIVILEGE,DAT_CREATION,ID_CUSTOMER_CREATION) VALUES ('UC_177_CALLER_PRIVILEGE','UC_177_CALLER_PRIVILEGE',#CURRENT_TIMESTAMP#,0);
INSERT INTO MOB_UMGR_PRIVILEGES (ID_PRIVILEGE,STR_PRIVILEGE,DAT_CREATION,ID_CUSTOMER_CREATION) VALUES ('UC_177_CALLER_SELF_PRIVILEGE','UC_177_CALLER_SELF_PRIVILEGE',#CURRENT_TIMESTAMP#,0);
INSERT INTO MOB_UMGR_PRIVILEGES (ID_PRIVILEGE,STR_PRIVILEGE,DAT_CREATION,ID_CUSTOMER_CREATION) VALUES ('UC_177_CHECKER_PRIVILEGE','UC_177_CHECKER_PRIVILEGE',#CURRENT_TIMESTAMP#,0);
INSERT INTO MOB_UMGR_PRIVILEGES (ID_PRIVILEGE,STR_PRIVILEGE,DAT_CREATION,ID_CUSTOMER_CREATION) VALUES ('UC_177_EXECUTE_PRIVILEGE','UC_177_EXECUTE_PRIVILEGE',#CURRENT_TIMESTAMP#,0);
INSERT INTO MOB_UMGR_PRIVILEGES (ID_PRIVILEGE,STR_PRIVILEGE,DAT_CREATION,ID_CUSTOMER_CREATION) VALUES ('UC_177_MAKER_PRIVILEGE','UC_177_MAKER_PRIVILEGE',#CURRENT_TIMESTAMP#,0);
INSERT INTO MOB_UMGR_PRIVILEGES (ID_PRIVILEGE,STR_PRIVILEGE,DAT_CREATION,ID_CUSTOMER_CREATION) VALUES ('UC_179_CALLER_PARENT_PRIVILEGE','UC_179_CALLER_PARENT_PRIVILEGE',#CURRENT_TIMESTAMP#,0);
INSERT INTO MOB_UMGR_PRIVILEGES (ID_PRIVILEGE,STR_PRIVILEGE,DAT_CREATION,ID_CUSTOMER_CREATION) VALUES ('UC_179_CALLER_PRIVILEGE','UC_179_CALLER_PRIVILEGE',#CURRENT_TIMESTAMP#,0);
INSERT INTO MOB_UMGR_PRIVILEGES (ID_PRIVILEGE,STR_PRIVILEGE,DAT_CREATION,ID_CUSTOMER_CREATION) VALUES ('UC_179_CALLER_SELF_PRIVILEGE','UC_179_CALLER_SELF_PRIVILEGE',#CURRENT_TIMESTAMP#,0);
INSERT INTO MOB_UMGR_PRIVILEGES (ID_PRIVILEGE,STR_PRIVILEGE,DAT_CREATION,ID_CUSTOMER_CREATION) VALUES ('UC_179_CHECKER_PRIVILEGE','UC_179_CHECKER_PRIVILEGE',#CURRENT_TIMESTAMP#,0);
INSERT INTO MOB_UMGR_PRIVILEGES (ID_PRIVILEGE,STR_PRIVILEGE,DAT_CREATION,ID_CUSTOMER_CREATION) VALUES ('UC_179_EXECUTE_PRIVILEGE','UC_179_EXECUTE_PRIVILEGE',#CURRENT_TIMESTAMP#,0);
INSERT INTO MOB_UMGR_PRIVILEGES (ID_PRIVILEGE,STR_PRIVILEGE,DAT_CREATION,ID_CUSTOMER_CREATION) VALUES ('UC_179_MAKER_PRIVILEGE','UC_179_MAKER_PRIVILEGE',#CURRENT_TIMESTAMP#,0);
INSERT INTO MOB_UMGR_PRIVILEGES (ID_PRIVILEGE,STR_PRIVILEGE,DAT_CREATION,ID_CUSTOMER_CREATION) VALUES ('UC_179_PAYEE_PRIVILEGE','UC_179_PAYEE_PRIVILEGE',#CURRENT_TIMESTAMP#,0);
INSERT INTO MOB_UMGR_PRIVILEGES (ID_PRIVILEGE,STR_PRIVILEGE,DAT_CREATION,ID_CUSTOMER_CREATION) VALUES ('UC_179_PAYER_PRIVILEGE','UC_179_PAYER_PRIVILEGE',#CURRENT_TIMESTAMP#,0);
INSERT INTO MOB_UMGR_PRIVILEGES (ID_PRIVILEGE,STR_PRIVILEGE,DAT_CREATION,ID_CUSTOMER_CREATION) VALUES ('UC_180_CALLER_PARENT_PRIVILEGE','UC_180_CALLER_PARENT_PRIVILEGE',#CURRENT_TIMESTAMP#,0);
INSERT INTO MOB_UMGR_PRIVILEGES (ID_PRIVILEGE,STR_PRIVILEGE,DAT_CREATION,ID_CUSTOMER_CREATION) VALUES ('UC_180_CALLER_PRIVILEGE','UC_180_CALLER_PRIVILEGE',#CURRENT_TIMESTAMP#,0);
INSERT INTO MOB_UMGR_PRIVILEGES (ID_PRIVILEGE,STR_PRIVILEGE,DAT_CREATION,ID_CUSTOMER_CREATION) VALUES ('UC_180_CALLER_SELF_PRIVILEGE','UC_180_CALLER_SELF_PRIVILEGE',#CURRENT_TIMESTAMP#,0);
INSERT INTO MOB_UMGR_PRIVILEGES (ID_PRIVILEGE,STR_PRIVILEGE,DAT_CREATION,ID_CUSTOMER_CREATION) VALUES ('UC_180_CHECKER_PRIVILEGE','UC_180_CHECKER_PRIVILEGE',#CURRENT_TIMESTAMP#,0);
INSERT INTO MOB_UMGR_PRIVILEGES (ID_PRIVILEGE,STR_PRIVILEGE,DAT_CREATION,ID_CUSTOMER_CREATION) VALUES ('UC_180_EXECUTE_PRIVILEGE','UC_180_EXECUTE_PRIVILEGE',#CURRENT_TIMESTAMP#,0);
INSERT INTO MOB_UMGR_PRIVILEGES (ID_PRIVILEGE,STR_PRIVILEGE,DAT_CREATION,ID_CUSTOMER_CREATION) VALUES ('UC_180_MAKER_PRIVILEGE','UC_180_MAKER_PRIVILEGE',#CURRENT_TIMESTAMP#,0);
INSERT INTO MOB_UMGR_PRIVILEGES (ID_PRIVILEGE,STR_PRIVILEGE,DAT_CREATION,ID_CUSTOMER_CREATION) VALUES ('UC_180_PAYEE_PRIVILEGE','UC_180_PAYEE_PRIVILEGE',#CURRENT_TIMESTAMP#,0);
INSERT INTO MOB_UMGR_PRIVILEGES (ID_PRIVILEGE,STR_PRIVILEGE,DAT_CREATION,ID_CUSTOMER_CREATION) VALUES ('UC_180_PAYER_PRIVILEGE','UC_180_PAYER_PRIVILEGE',#CURRENT_TIMESTAMP#,0);
INSERT INTO MOB_UMGR_PRIVILEGES (ID_PRIVILEGE,STR_PRIVILEGE,DAT_CREATION,ID_CUSTOMER_CREATION) VALUES ('UC_181_CALLER_PARENT_PRIVILEGE','UC_181_CALLER_PARENT_PRIVILEGE',#CURRENT_TIMESTAMP#,0);
INSERT INTO MOB_UMGR_PRIVILEGES (ID_PRIVILEGE,STR_PRIVILEGE,DAT_CREATION,ID_CUSTOMER_CREATION) VALUES ('UC_181_CALLER_PRIVILEGE','UC_181_CALLER_PRIVILEGE',#CURRENT_TIMESTAMP#,0);
INSERT INTO MOB_UMGR_PRIVILEGES (ID_PRIVILEGE,STR_PRIVILEGE,DAT_CREATION,ID_CUSTOMER_CREATION) VALUES ('UC_181_CALLER_SELF_PRIVILEGE','UC_181_CALLER_SELF_PRIVILEGE',#CURRENT_TIMESTAMP#,0);
INSERT INTO MOB_UMGR_PRIVILEGES (ID_PRIVILEGE,STR_PRIVILEGE,DAT_CREATION,ID_CUSTOMER_CREATION) VALUES ('UC_181_CHECKER_PRIVILEGE','UC_181_CHECKER_PRIVILEGE',#CURRENT_TIMESTAMP#,0);
INSERT INTO MOB_UMGR_PRIVILEGES (ID_PRIVILEGE,STR_PRIVILEGE,DAT_CREATION,ID_CUSTOMER_CREATION) VALUES ('UC_181_EXECUTE_PRIVILEGE','UC_181_EXECUTE_PRIVILEGE',#CURRENT_TIMESTAMP#,0);
INSERT INTO MOB_UMGR_PRIVILEGES (ID_PRIVILEGE,STR_PRIVILEGE,DAT_CREATION,ID_CUSTOMER_CREATION) VALUES ('UC_181_MAKER_PRIVILEGE','UC_181_MAKER_PRIVILEGE',#CURRENT_TIMESTAMP#,0);
INSERT INTO MOB_UMGR_PRIVILEGES (ID_PRIVILEGE,STR_PRIVILEGE,DAT_CREATION,ID_CUSTOMER_CREATION) VALUES ('UC_181_PAYEE_PRIVILEGE','UC_181_PAYEE_PRIVILEGE',#CURRENT_TIMESTAMP#,0);
INSERT INTO MOB_UMGR_PRIVILEGES (ID_PRIVILEGE,STR_PRIVILEGE,DAT_CREATION,ID_CUSTOMER_CREATION) VALUES ('UC_181_PAYER_PRIVILEGE','UC_181_PAYER_PRIVILEGE',#CURRENT_TIMESTAMP#,0);
INSERT INTO MOB_UMGR_PRIVILEGES (ID_PRIVILEGE,STR_PRIVILEGE,DAT_CREATION,ID_CUSTOMER_CREATION) VALUES ('UC_182_CALLER_PARENT_PRIVILEGE','UC_182_CALLER_PARENT_PRIVILEGE',#CURRENT_TIMESTAMP#,0);
INSERT INTO MOB_UMGR_PRIVILEGES (ID_PRIVILEGE,STR_PRIVILEGE,DAT_CREATION,ID_CUSTOMER_CREATION) VALUES ('UC_182_CALLER_PRIVILEGE','UC_182_CALLER_PRIVILEGE',#CURRENT_TIMESTAMP#,0);
INSERT INTO MOB_UMGR_PRIVILEGES (ID_PRIVILEGE,STR_PRIVILEGE,DAT_CREATION,ID_CUSTOMER_CREATION) VALUES ('UC_182_CALLER_SELF_PRIVILEGE','UC_182_CALLER_SELF_PRIVILEGE',#CURRENT_TIMESTAMP#,0);
INSERT INTO MOB_UMGR_PRIVILEGES (ID_PRIVILEGE,STR_PRIVILEGE,DAT_CREATION,ID_CUSTOMER_CREATION) VALUES ('UC_182_CHECKER_PRIVILEGE','UC_182_CHECKER_PRIVILEGE',#CURRENT_TIMESTAMP#,0);
INSERT INTO MOB_UMGR_PRIVILEGES (ID_PRIVILEGE,STR_PRIVILEGE,DAT_CREATION,ID_CUSTOMER_CREATION) VALUES ('UC_182_EXECUTE_PRIVILEGE','UC_182_EXECUTE_PRIVILEGE',#CURRENT_TIMESTAMP#,0);
INSERT INTO MOB_UMGR_PRIVILEGES (ID_PRIVILEGE,STR_PRIVILEGE,DAT_CREATION,ID_CUSTOMER_CREATION) VALUES ('UC_182_MAKER_PRIVILEGE','UC_182_MAKER_PRIVILEGE',#CURRENT_TIMESTAMP#,0);
INSERT INTO MOB_UMGR_PRIVILEGES (ID_PRIVILEGE,STR_PRIVILEGE,DAT_CREATION,ID_CUSTOMER_CREATION) VALUES ('UC_182_PAYEE_PRIVILEGE','UC_182_PAYEE_PRIVILEGE',#CURRENT_TIMESTAMP#,0);
INSERT INTO MOB_UMGR_PRIVILEGES (ID_PRIVILEGE,STR_PRIVILEGE,DAT_CREATION,ID_CUSTOMER_CREATION) VALUES ('UC_182_PAYER_PRIVILEGE','UC_182_PAYER_PRIVILEGE',#CURRENT_TIMESTAMP#,0);
INSERT INTO MOB_UMGR_PRIVILEGES (ID_PRIVILEGE,STR_PRIVILEGE,DAT_CREATION,ID_CUSTOMER_CREATION) VALUES ('UC_183_CALLER_PARENT_PRIVILEGE','UC_183_CALLER_PARENT_PRIVILEGE',#CURRENT_TIMESTAMP#,0);
INSERT INTO MOB_UMGR_PRIVILEGES (ID_PRIVILEGE,STR_PRIVILEGE,DAT_CREATION,ID_CUSTOMER_CREATION) VALUES ('UC_183_CALLER_PRIVILEGE','UC_183_CALLER_PRIVILEGE',#CURRENT_TIMESTAMP#,0);
INSERT INTO MOB_UMGR_PRIVILEGES (ID_PRIVILEGE,STR_PRIVILEGE,DAT_CREATION,ID_CUSTOMER_CREATION) VALUES ('UC_183_CALLER_SELF_PRIVILEGE','UC_183_CALLER_SELF_PRIVILEGE',#CURRENT_TIMESTAMP#,0);
INSERT INTO MOB_UMGR_PRIVILEGES (ID_PRIVILEGE,STR_PRIVILEGE,DAT_CREATION,ID_CUSTOMER_CREATION) VALUES ('UC_183_CHECKER_PRIVILEGE','UC_183_CHECKER_PRIVILEGE',#CURRENT_TIMESTAMP#,0);
INSERT INTO MOB_UMGR_PRIVILEGES (ID_PRIVILEGE,STR_PRIVILEGE,DAT_CREATION,ID_CUSTOMER_CREATION) VALUES ('UC_183_EXECUTE_PRIVILEGE','UC_183_EXECUTE_PRIVILEGE',#CURRENT_TIMESTAMP#,0);
INSERT INTO MOB_UMGR_PRIVILEGES (ID_PRIVILEGE,STR_PRIVILEGE,DAT_CREATION,ID_CUSTOMER_CREATION) VALUES ('UC_183_MAKER_PRIVILEGE','UC_183_MAKER_PRIVILEGE',#CURRENT_TIMESTAMP#,0);
INSERT INTO MOB_UMGR_PRIVILEGES (ID_PRIVILEGE,STR_PRIVILEGE,DAT_CREATION,ID_CUSTOMER_CREATION) VALUES ('UC_183_PAYEE_PRIVILEGE','UC_183_PAYEE_PRIVILEGE',#CURRENT_TIMESTAMP#,0);
INSERT INTO MOB_UMGR_PRIVILEGES (ID_PRIVILEGE,STR_PRIVILEGE,DAT_CREATION,ID_CUSTOMER_CREATION) VALUES ('UC_183_PAYER_PRIVILEGE','UC_183_PAYER_PRIVILEGE',#CURRENT_TIMESTAMP#,0);
INSERT INTO MOB_UMGR_PRIVILEGES (ID_PRIVILEGE,STR_PRIVILEGE,DAT_CREATION,ID_CUSTOMER_CREATION) VALUES ('UC_184_CALLER_PARENT_PRIVILEGE','UC_184_CALLER_PARENT_PRIVILEGE',#CURRENT_TIMESTAMP#,0);
INSERT INTO MOB_UMGR_PRIVILEGES (ID_PRIVILEGE,STR_PRIVILEGE,DAT_CREATION,ID_CUSTOMER_CREATION) VALUES ('UC_184_CALLER_PRIVILEGE','UC_184_CALLER_PRIVILEGE',#CURRENT_TIMESTAMP#,0);
INSERT INTO MOB_UMGR_PRIVILEGES (ID_PRIVILEGE,STR_PRIVILEGE,DAT_CREATION,ID_CUSTOMER_CREATION) VALUES ('UC_184_CALLER_SELF_PRIVILEGE','UC_184_CALLER_SELF_PRIVILEGE',#CURRENT_TIMESTAMP#,0);
INSERT INTO MOB_UMGR_PRIVILEGES (ID_PRIVILEGE,STR_PRIVILEGE,DAT_CREATION,ID_CUSTOMER_CREATION) VALUES ('UC_184_CHECKER_PRIVILEGE','UC_184_CHECKER_PRIVILEGE',#CURRENT_TIMESTAMP#,0);
INSERT INTO MOB_UMGR_PRIVILEGES (ID_PRIVILEGE,STR_PRIVILEGE,DAT_CREATION,ID_CUSTOMER_CREATION) VALUES ('UC_184_EXECUTE_PRIVILEGE','UC_184_EXECUTE_PRIVILEGE',#CURRENT_TIMESTAMP#,0);
INSERT INTO MOB_UMGR_PRIVILEGES (ID_PRIVILEGE,STR_PRIVILEGE,DAT_CREATION,ID_CUSTOMER_CREATION) VALUES ('UC_184_MAKER_PRIVILEGE','UC_184_MAKER_PRIVILEGE',#CURRENT_TIMESTAMP#,0);
INSERT INTO MOB_UMGR_PRIVILEGES (ID_PRIVILEGE,STR_PRIVILEGE,DAT_CREATION,ID_CUSTOMER_CREATION) VALUES ('UC_184_PAYEE_PRIVILEGE','UC_184_PAYEE_PRIVILEGE',#CURRENT_TIMESTAMP#,0);
INSERT INTO MOB_UMGR_PRIVILEGES (ID_PRIVILEGE,STR_PRIVILEGE,DAT_CREATION,ID_CUSTOMER_CREATION) VALUES ('UC_184_PAYER_PRIVILEGE','UC_184_PAYER_PRIVILEGE',#CURRENT_TIMESTAMP#,0);
INSERT INTO MOB_UMGR_PRIVILEGES (ID_PRIVILEGE,STR_PRIVILEGE,DAT_CREATION,ID_CUSTOMER_CREATION) VALUES ('UC_186_CALLER_PARENT_PRIVILEGE','UC_186_CALLER_PARENT_PRIVILEGE',#CURRENT_TIMESTAMP#,0);
INSERT INTO MOB_UMGR_PRIVILEGES (ID_PRIVILEGE,STR_PRIVILEGE,DAT_CREATION,ID_CUSTOMER_CREATION) VALUES ('UC_186_CALLER_PRIVILEGE','UC_186_CALLER_PRIVILEGE',#CURRENT_TIMESTAMP#,0);
INSERT INTO MOB_UMGR_PRIVILEGES (ID_PRIVILEGE,STR_PRIVILEGE,DAT_CREATION,ID_CUSTOMER_CREATION) VALUES ('UC_186_CALLER_SELF_PRIVILEGE','UC_186_CALLER_SELF_PRIVILEGE',#CURRENT_TIMESTAMP#,0);
INSERT INTO MOB_UMGR_PRIVILEGES (ID_PRIVILEGE,STR_PRIVILEGE,DAT_CREATION,ID_CUSTOMER_CREATION) VALUES ('UC_186_CHECKER_PRIVILEGE','UC_186_CHECKER_PRIVILEGE',#CURRENT_TIMESTAMP#,0);
INSERT INTO MOB_UMGR_PRIVILEGES (ID_PRIVILEGE,STR_PRIVILEGE,DAT_CREATION,ID_CUSTOMER_CREATION) VALUES ('UC_186_EXECUTE_PRIVILEGE','UC_186_EXECUTE_PRIVILEGE',#CURRENT_TIMESTAMP#,0);
INSERT INTO MOB_UMGR_PRIVILEGES (ID_PRIVILEGE,STR_PRIVILEGE,DAT_CREATION,ID_CUSTOMER_CREATION) VALUES ('UC_186_MAKER_PRIVILEGE','UC_186_MAKER_PRIVILEGE',#CURRENT_TIMESTAMP#,0);
INSERT INTO MOB_UMGR_PRIVILEGES (ID_PRIVILEGE,STR_PRIVILEGE,DAT_CREATION,ID_CUSTOMER_CREATION) VALUES ('UC_186_PAYEE_PRIVILEGE','UC_186_PAYEE_PRIVILEGE',#CURRENT_TIMESTAMP#,0);
INSERT INTO MOB_UMGR_PRIVILEGES (ID_PRIVILEGE,STR_PRIVILEGE,DAT_CREATION,ID_CUSTOMER_CREATION) VALUES ('UC_186_PAYER_PRIVILEGE','UC_186_PAYER_PRIVILEGE',#CURRENT_TIMESTAMP#,0);
INSERT INTO MOB_UMGR_PRIVILEGES (ID_PRIVILEGE,STR_PRIVILEGE,DAT_CREATION,ID_CUSTOMER_CREATION) VALUES ('UC_191_CALLER_PARENT_PRIVILEGE','UC_191_CALLER_PARENT_PRIVILEGE',#CURRENT_TIMESTAMP#,0);
INSERT INTO MOB_UMGR_PRIVILEGES (ID_PRIVILEGE,STR_PRIVILEGE,DAT_CREATION,ID_CUSTOMER_CREATION) VALUES ('UC_191_CALLER_PRIVILEGE','UC_191_CALLER_PRIVILEGE',#CURRENT_TIMESTAMP#,0);
INSERT INTO MOB_UMGR_PRIVILEGES (ID_PRIVILEGE,STR_PRIVILEGE,DAT_CREATION,ID_CUSTOMER_CREATION) VALUES ('UC_191_CALLER_SELF_PRIVILEGE','UC_191_CALLER_SELF_PRIVILEGE',#CURRENT_TIMESTAMP#,0);
INSERT INTO MOB_UMGR_PRIVILEGES (ID_PRIVILEGE,STR_PRIVILEGE,DAT_CREATION,ID_CUSTOMER_CREATION) VALUES ('UC_191_CHECKER_PRIVILEGE','UC_191_CHECKER_PRIVILEGE',#CURRENT_TIMESTAMP#,0);
INSERT INTO MOB_UMGR_PRIVILEGES (ID_PRIVILEGE,STR_PRIVILEGE,DAT_CREATION,ID_CUSTOMER_CREATION) VALUES ('UC_191_EXECUTE_PRIVILEGE','UC_191_EXECUTE_PRIVILEGE',#CURRENT_TIMESTAMP#,0);
INSERT INTO MOB_UMGR_PRIVILEGES (ID_PRIVILEGE,STR_PRIVILEGE,DAT_CREATION,ID_CUSTOMER_CREATION) VALUES ('UC_191_MAKER_PRIVILEGE','UC_191_MAKER_PRIVILEGE',#CURRENT_TIMESTAMP#,0);
INSERT INTO MOB_UMGR_PRIVILEGES (ID_PRIVILEGE,STR_PRIVILEGE,DAT_CREATION,ID_CUSTOMER_CREATION) VALUES ('UC_191_PAYEE_PRIVILEGE','UC_191_PAYEE_PRIVILEGE',#CURRENT_TIMESTAMP#,0);
INSERT INTO MOB_UMGR_PRIVILEGES (ID_PRIVILEGE,STR_PRIVILEGE,DAT_CREATION,ID_CUSTOMER_CREATION) VALUES ('UC_191_PAYER_PRIVILEGE','UC_191_PAYER_PRIVILEGE',#CURRENT_TIMESTAMP#,0);
INSERT INTO MOB_UMGR_PRIVILEGES (ID_PRIVILEGE,STR_PRIVILEGE,DAT_CREATION,ID_CUSTOMER_CREATION) VALUES ('UC_193_CALLER_PARENT_PRIVILEGE','UC_193_CALLER_PARENT_PRIVILEGE',#CURRENT_TIMESTAMP#,0);
INSERT INTO MOB_UMGR_PRIVILEGES (ID_PRIVILEGE,STR_PRIVILEGE,DAT_CREATION,ID_CUSTOMER_CREATION) VALUES ('UC_193_CALLER_PRIVILEGE','UC_193_CALLER_PRIVILEGE',#CURRENT_TIMESTAMP#,0);
INSERT INTO MOB_UMGR_PRIVILEGES (ID_PRIVILEGE,STR_PRIVILEGE,DAT_CREATION,ID_CUSTOMER_CREATION) VALUES ('UC_193_CALLER_SELF_PRIVILEGE','UC_193_CALLER_SELF_PRIVILEGE',#CURRENT_TIMESTAMP#,0);
INSERT INTO MOB_UMGR_PRIVILEGES (ID_PRIVILEGE,STR_PRIVILEGE,DAT_CREATION,ID_CUSTOMER_CREATION) VALUES ('UC_193_CHECKER_PRIVILEGE','UC_193_CHECKER_PRIVILEGE',#CURRENT_TIMESTAMP#,0);
INSERT INTO MOB_UMGR_PRIVILEGES (ID_PRIVILEGE,STR_PRIVILEGE,DAT_CREATION,ID_CUSTOMER_CREATION) VALUES ('UC_193_EXECUTE_PRIVILEGE','UC_193_EXECUTE_PRIVILEGE',#CURRENT_TIMESTAMP#,0);
INSERT INTO MOB_UMGR_PRIVILEGES (ID_PRIVILEGE,STR_PRIVILEGE,DAT_CREATION,ID_CUSTOMER_CREATION) VALUES ('UC_193_MAKER_PRIVILEGE','UC_193_MAKER_PRIVILEGE',#CURRENT_TIMESTAMP#,0);
INSERT INTO MOB_UMGR_PRIVILEGES (ID_PRIVILEGE,STR_PRIVILEGE,DAT_CREATION,ID_CUSTOMER_CREATION) VALUES ('UC_193_PAYEE_PRIVILEGE','UC_193_PAYEE_PRIVILEGE',#CURRENT_TIMESTAMP#,0);
INSERT INTO MOB_UMGR_PRIVILEGES (ID_PRIVILEGE,STR_PRIVILEGE,DAT_CREATION,ID_CUSTOMER_CREATION) VALUES ('UC_193_PAYER_PRIVILEGE','UC_193_PAYER_PRIVILEGE',#CURRENT_TIMESTAMP#,0);
INSERT INTO MOB_UMGR_PRIVILEGES (ID_PRIVILEGE,STR_PRIVILEGE,DAT_CREATION,ID_CUSTOMER_CREATION) VALUES ('UC_194_CALLER_PARENT_PRIVILEGE','UC_194_CALLER_PARENT_PRIVILEGE',#CURRENT_TIMESTAMP#,0);
INSERT INTO MOB_UMGR_PRIVILEGES (ID_PRIVILEGE,STR_PRIVILEGE,DAT_CREATION,ID_CUSTOMER_CREATION) VALUES ('UC_194_CALLER_PRIVILEGE','UC_194_CALLER_PRIVILEGE',#CURRENT_TIMESTAMP#,0);
INSERT INTO MOB_UMGR_PRIVILEGES (ID_PRIVILEGE,STR_PRIVILEGE,DAT_CREATION,ID_CUSTOMER_CREATION) VALUES ('UC_194_CALLER_SELF_PRIVILEGE','UC_194_CALLER_SELF_PRIVILEGE',#CURRENT_TIMESTAMP#,0);
INSERT INTO MOB_UMGR_PRIVILEGES (ID_PRIVILEGE,STR_PRIVILEGE,DAT_CREATION,ID_CUSTOMER_CREATION) VALUES ('UC_194_CHECKER_PRIVILEGE','UC_194_CHECKER_PRIVILEGE',#CURRENT_TIMESTAMP#,0);
INSERT INTO MOB_UMGR_PRIVILEGES (ID_PRIVILEGE,STR_PRIVILEGE,DAT_CREATION,ID_CUSTOMER_CREATION) VALUES ('UC_194_EXECUTE_PRIVILEGE','UC_194_EXECUTE_PRIVILEGE',#CURRENT_TIMESTAMP#,0);
INSERT INTO MOB_UMGR_PRIVILEGES (ID_PRIVILEGE,STR_PRIVILEGE,DAT_CREATION,ID_CUSTOMER_CREATION) VALUES ('UC_194_MAKER_PRIVILEGE','UC_194_MAKER_PRIVILEGE',#CURRENT_TIMESTAMP#,0);
INSERT INTO MOB_UMGR_PRIVILEGES (ID_PRIVILEGE,STR_PRIVILEGE,DAT_CREATION,ID_CUSTOMER_CREATION) VALUES ('UC_194_PAYEE_PRIVILEGE','UC_194_PAYEE_PRIVILEGE',#CURRENT_TIMESTAMP#,0);
INSERT INTO MOB_UMGR_PRIVILEGES (ID_PRIVILEGE,STR_PRIVILEGE,DAT_CREATION,ID_CUSTOMER_CREATION) VALUES ('UC_194_PAYER_PRIVILEGE','UC_194_PAYER_PRIVILEGE',#CURRENT_TIMESTAMP#,0);
INSERT INTO MOB_UMGR_PRIVILEGES (ID_PRIVILEGE,STR_PRIVILEGE,DAT_CREATION,ID_CUSTOMER_CREATION) VALUES ('UC_195_CALLER_PARENT_PRIVILEGE','UC_195_CALLER_PARENT_PRIVILEGE',#CURRENT_TIMESTAMP#,0);
INSERT INTO MOB_UMGR_PRIVILEGES (ID_PRIVILEGE,STR_PRIVILEGE,DAT_CREATION,ID_CUSTOMER_CREATION) VALUES ('UC_195_CALLER_PRIVILEGE','UC_195_CALLER_PRIVILEGE',#CURRENT_TIMESTAMP#,0);
INSERT INTO MOB_UMGR_PRIVILEGES (ID_PRIVILEGE,STR_PRIVILEGE,DAT_CREATION,ID_CUSTOMER_CREATION) VALUES ('UC_195_CALLER_SELF_PRIVILEGE','UC_195_CALLER_SELF_PRIVILEGE',#CURRENT_TIMESTAMP#,0);
INSERT INTO MOB_UMGR_PRIVILEGES (ID_PRIVILEGE,STR_PRIVILEGE,DAT_CREATION,ID_CUSTOMER_CREATION) VALUES ('UC_195_CHECKER_PRIVILEGE','UC_195_CHECKER_PRIVILEGE',#CURRENT_TIMESTAMP#,0);
INSERT INTO MOB_UMGR_PRIVILEGES (ID_PRIVILEGE,STR_PRIVILEGE,DAT_CREATION,ID_CUSTOMER_CREATION) VALUES ('UC_195_EXECUTE_PRIVILEGE','UC_195_EXECUTE_PRIVILEGE',#CURRENT_TIMESTAMP#,0);
INSERT INTO MOB_UMGR_PRIVILEGES (ID_PRIVILEGE,STR_PRIVILEGE,DAT_CREATION,ID_CUSTOMER_CREATION) VALUES ('UC_195_MAKER_PRIVILEGE','UC_195_MAKER_PRIVILEGE',#CURRENT_TIMESTAMP#,0);
INSERT INTO MOB_UMGR_PRIVILEGES (ID_PRIVILEGE,STR_PRIVILEGE,DAT_CREATION,ID_CUSTOMER_CREATION) VALUES ('UC_195_PAYEE_PRIVILEGE','UC_195_PAYEE_PRIVILEGE',#CURRENT_TIMESTAMP#,0);
INSERT INTO MOB_UMGR_PRIVILEGES (ID_PRIVILEGE,STR_PRIVILEGE,DAT_CREATION,ID_CUSTOMER_CREATION) VALUES ('UC_195_PAYER_PRIVILEGE','UC_195_PAYER_PRIVILEGE',#CURRENT_TIMESTAMP#,0);
INSERT INTO MOB_UMGR_PRIVILEGES (ID_PRIVILEGE,STR_PRIVILEGE,DAT_CREATION,ID_CUSTOMER_CREATION) VALUES ('UC_197_CALLER_PARENT_PRIVILEGE','UC_197_CALLER_PARENT_PRIVILEGE',#CURRENT_TIMESTAMP#,0);
INSERT INTO MOB_UMGR_PRIVILEGES (ID_PRIVILEGE,STR_PRIVILEGE,DAT_CREATION,ID_CUSTOMER_CREATION) VALUES ('UC_197_CALLER_PRIVILEGE','UC_197_CALLER_PRIVILEGE',#CURRENT_TIMESTAMP#,0);
INSERT INTO MOB_UMGR_PRIVILEGES (ID_PRIVILEGE,STR_PRIVILEGE,DAT_CREATION,ID_CUSTOMER_CREATION) VALUES ('UC_197_CALLER_SELF_PRIVILEGE','UC_197_CALLER_SELF_PRIVILEGE',#CURRENT_TIMESTAMP#,0);
INSERT INTO MOB_UMGR_PRIVILEGES (ID_PRIVILEGE,STR_PRIVILEGE,DAT_CREATION,ID_CUSTOMER_CREATION) VALUES ('UC_197_CHECKER_PRIVILEGE','UC_197_CHECKER_PRIVILEGE',#CURRENT_TIMESTAMP#,0);
INSERT INTO MOB_UMGR_PRIVILEGES (ID_PRIVILEGE,STR_PRIVILEGE,DAT_CREATION,ID_CUSTOMER_CREATION) VALUES ('UC_197_EXECUTE_PRIVILEGE','UC_197_EXECUTE_PRIVILEGE',#CURRENT_TIMESTAMP#,0);
INSERT INTO MOB_UMGR_PRIVILEGES (ID_PRIVILEGE,STR_PRIVILEGE,DAT_CREATION,ID_CUSTOMER_CREATION) VALUES ('UC_197_MAKER_PRIVILEGE','UC_197_MAKER_PRIVILEGE',#CURRENT_TIMESTAMP#,0);
INSERT INTO MOB_UMGR_PRIVILEGES (ID_PRIVILEGE,STR_PRIVILEGE,DAT_CREATION,ID_CUSTOMER_CREATION) VALUES ('UC_197_PAYEE_PRIVILEGE','UC_197_PAYEE_PRIVILEGE',#CURRENT_TIMESTAMP#,0);
INSERT INTO MOB_UMGR_PRIVILEGES (ID_PRIVILEGE,STR_PRIVILEGE,DAT_CREATION,ID_CUSTOMER_CREATION) VALUES ('UC_197_PAYER_PRIVILEGE','UC_197_PAYER_PRIVILEGE',#CURRENT_TIMESTAMP#,0);
INSERT INTO MOB_UMGR_PRIVILEGES (ID_PRIVILEGE,STR_PRIVILEGE,DAT_CREATION,ID_CUSTOMER_CREATION) VALUES ('UC_198_CALLER_PARENT_PRIVILEGE','UC_198_CALLER_PARENT_PRIVILEGE',#CURRENT_TIMESTAMP#,0);
INSERT INTO MOB_UMGR_PRIVILEGES (ID_PRIVILEGE,STR_PRIVILEGE,DAT_CREATION,ID_CUSTOMER_CREATION) VALUES ('UC_198_CALLER_PRIVILEGE','UC_198_CALLER_PRIVILEGE',#CURRENT_TIMESTAMP#,0);
INSERT INTO MOB_UMGR_PRIVILEGES (ID_PRIVILEGE,STR_PRIVILEGE,DAT_CREATION,ID_CUSTOMER_CREATION) VALUES ('UC_198_CALLER_SELF_PRIVILEGE','UC_198_CALLER_SELF_PRIVILEGE',#CURRENT_TIMESTAMP#,0);
INSERT INTO MOB_UMGR_PRIVILEGES (ID_PRIVILEGE,STR_PRIVILEGE,DAT_CREATION,ID_CUSTOMER_CREATION) VALUES ('UC_198_CHECKER_PRIVILEGE','UC_198_CHECKER_PRIVILEGE',#CURRENT_TIMESTAMP#,0);
INSERT INTO MOB_UMGR_PRIVILEGES (ID_PRIVILEGE,STR_PRIVILEGE,DAT_CREATION,ID_CUSTOMER_CREATION) VALUES ('UC_198_EXECUTE_PRIVILEGE','UC_198_EXECUTE_PRIVILEGE',#CURRENT_TIMESTAMP#,0);
INSERT INTO MOB_UMGR_PRIVILEGES (ID_PRIVILEGE,STR_PRIVILEGE,DAT_CREATION,ID_CUSTOMER_CREATION) VALUES ('UC_198_MAKER_PRIVILEGE','UC_198_MAKER_PRIVILEGE',#CURRENT_TIMESTAMP#,0);
INSERT INTO MOB_UMGR_PRIVILEGES (ID_PRIVILEGE,STR_PRIVILEGE,DAT_CREATION,ID_CUSTOMER_CREATION) VALUES ('UC_198_PAYEE_PRIVILEGE','UC_198_PAYEE_PRIVILEGE',#CURRENT_TIMESTAMP#,0);
INSERT INTO MOB_UMGR_PRIVILEGES (ID_PRIVILEGE,STR_PRIVILEGE,DAT_CREATION,ID_CUSTOMER_CREATION) VALUES ('UC_198_PAYER_PRIVILEGE','UC_198_PAYER_PRIVILEGE',#CURRENT_TIMESTAMP#,0);
INSERT INTO MOB_UMGR_PRIVILEGES (ID_PRIVILEGE,STR_PRIVILEGE,DAT_CREATION,ID_CUSTOMER_CREATION) VALUES ('UC_199_CALLER_PARENT_PRIVILEGE','UC_199_CALLER_PARENT_PRIVILEGE',#CURRENT_TIMESTAMP#,0);
INSERT INTO MOB_UMGR_PRIVILEGES (ID_PRIVILEGE,STR_PRIVILEGE,DAT_CREATION,ID_CUSTOMER_CREATION) VALUES ('UC_199_CALLER_PRIVILEGE','UC_199_CALLER_PRIVILEGE',#CURRENT_TIMESTAMP#,0);
INSERT INTO MOB_UMGR_PRIVILEGES (ID_PRIVILEGE,STR_PRIVILEGE,DAT_CREATION,ID_CUSTOMER_CREATION) VALUES ('UC_199_CALLER_SELF_PRIVILEGE','UC_199_CALLER_SELF_PRIVILEGE',#CURRENT_TIMESTAMP#,0);
INSERT INTO MOB_UMGR_PRIVILEGES (ID_PRIVILEGE,STR_PRIVILEGE,DAT_CREATION,ID_CUSTOMER_CREATION) VALUES ('UC_199_CHECKER_PRIVILEGE','UC_199_CHECKER_PRIVILEGE',#CURRENT_TIMESTAMP#,0);
INSERT INTO MOB_UMGR_PRIVILEGES (ID_PRIVILEGE,STR_PRIVILEGE,DAT_CREATION,ID_CUSTOMER_CREATION) VALUES ('UC_199_EXECUTE_PRIVILEGE','UC_199_EXECUTE_PRIVILEGE',#CURRENT_TIMESTAMP#,0);
INSERT INTO MOB_UMGR_PRIVILEGES (ID_PRIVILEGE,STR_PRIVILEGE,DAT_CREATION,ID_CUSTOMER_CREATION) VALUES ('UC_199_MAKER_PRIVILEGE','UC_199_MAKER_PRIVILEGE',#CURRENT_TIMESTAMP#,0);
INSERT INTO MOB_UMGR_PRIVILEGES (ID_PRIVILEGE,STR_PRIVILEGE,DAT_CREATION,ID_CUSTOMER_CREATION) VALUES ('UC_199_PAYEE_PRIVILEGE','UC_199_PAYEE_PRIVILEGE',#CURRENT_TIMESTAMP#,0);
INSERT INTO MOB_UMGR_PRIVILEGES (ID_PRIVILEGE,STR_PRIVILEGE,DAT_CREATION,ID_CUSTOMER_CREATION) VALUES ('UC_199_PAYER_PRIVILEGE','UC_199_PAYER_PRIVILEGE',#CURRENT_TIMESTAMP#,0);
INSERT INTO MOB_UMGR_PRIVILEGES (ID_PRIVILEGE,STR_PRIVILEGE,DAT_CREATION,ID_CUSTOMER_CREATION) VALUES ('UC_201_CALLER_PARENT_PRIVILEGE','UC_201_CALLER_PARENT_PRIVILEGE',#CURRENT_TIMESTAMP#,0);
INSERT INTO MOB_UMGR_PRIVILEGES (ID_PRIVILEGE,STR_PRIVILEGE,DAT_CREATION,ID_CUSTOMER_CREATION) VALUES ('UC_201_CALLER_PRIVILEGE','UC_201_CALLER_PRIVILEGE',#CURRENT_TIMESTAMP#,0);
INSERT INTO MOB_UMGR_PRIVILEGES (ID_PRIVILEGE,STR_PRIVILEGE,DAT_CREATION,ID_CUSTOMER_CREATION) VALUES ('UC_201_CALLER_SELF_PRIVILEGE','UC_201_CALLER_SELF_PRIVILEGE',#CURRENT_TIMESTAMP#,0);
INSERT INTO MOB_UMGR_PRIVILEGES (ID_PRIVILEGE,STR_PRIVILEGE,DAT_CREATION,ID_CUSTOMER_CREATION) VALUES ('UC_201_CHECKER_PRIVILEGE','UC_201_CHECKER_PRIVILEGE',#CURRENT_TIMESTAMP#,0);
INSERT INTO MOB_UMGR_PRIVILEGES (ID_PRIVILEGE,STR_PRIVILEGE,DAT_CREATION,ID_CUSTOMER_CREATION) VALUES ('UC_201_EXECUTE_PRIVILEGE','UC_201_EXECUTE_PRIVILEGE',#CURRENT_TIMESTAMP#,0);
INSERT INTO MOB_UMGR_PRIVILEGES (ID_PRIVILEGE,STR_PRIVILEGE,DAT_CREATION,ID_CUSTOMER_CREATION) VALUES ('UC_201_MAKER_PRIVILEGE','UC_201_MAKER_PRIVILEGE',#CURRENT_TIMESTAMP#,0);
INSERT INTO MOB_UMGR_PRIVILEGES (ID_PRIVILEGE,STR_PRIVILEGE,DAT_CREATION,ID_CUSTOMER_CREATION) VALUES ('UC_201_PAYER_PRIVILEGE','UC_201_PAYER_PRIVILEGE',#CURRENT_TIMESTAMP#,0);
INSERT INTO MOB_UMGR_PRIVILEGES (ID_PRIVILEGE,STR_PRIVILEGE,DAT_CREATION,ID_CUSTOMER_CREATION) VALUES ('UC_202_CALLER_PARENT_PRIVILEGE','UC_202_CALLER_PARENT_PRIVILEGE',#CURRENT_TIMESTAMP#,0);
INSERT INTO MOB_UMGR_PRIVILEGES (ID_PRIVILEGE,STR_PRIVILEGE,DAT_CREATION,ID_CUSTOMER_CREATION) VALUES ('UC_202_CALLER_PRIVILEGE','UC_202_CALLER_PRIVILEGE',#CURRENT_TIMESTAMP#,0);
INSERT INTO MOB_UMGR_PRIVILEGES (ID_PRIVILEGE,STR_PRIVILEGE,DAT_CREATION,ID_CUSTOMER_CREATION) VALUES ('UC_202_CALLER_SELF_PRIVILEGE','UC_202_CALLER_SELF_PRIVILEGE',#CURRENT_TIMESTAMP#,0);
INSERT INTO MOB_UMGR_PRIVILEGES (ID_PRIVILEGE,STR_PRIVILEGE,DAT_CREATION,ID_CUSTOMER_CREATION) VALUES ('UC_202_CHECKER_PRIVILEGE','UC_202_CHECKER_PRIVILEGE',#CURRENT_TIMESTAMP#,0);
INSERT INTO MOB_UMGR_PRIVILEGES (ID_PRIVILEGE,STR_PRIVILEGE,DAT_CREATION,ID_CUSTOMER_CREATION) VALUES ('UC_202_EXECUTE_PRIVILEGE','UC_202_EXECUTE_PRIVILEGE',#CURRENT_TIMESTAMP#,0);
INSERT INTO MOB_UMGR_PRIVILEGES (ID_PRIVILEGE,STR_PRIVILEGE,DAT_CREATION,ID_CUSTOMER_CREATION) VALUES ('UC_202_MAKER_PRIVILEGE','UC_202_MAKER_PRIVILEGE',#CURRENT_TIMESTAMP#,0);
INSERT INTO MOB_UMGR_PRIVILEGES (ID_PRIVILEGE,STR_PRIVILEGE,DAT_CREATION,ID_CUSTOMER_CREATION) VALUES ('UC_202_PAYEE_PRIVILEGE','UC_202_PAYEE_PRIVILEGE',#CURRENT_TIMESTAMP#,0);
INSERT INTO MOB_UMGR_PRIVILEGES (ID_PRIVILEGE,STR_PRIVILEGE,DAT_CREATION,ID_CUSTOMER_CREATION) VALUES ('UC_202_PAYER_PRIVILEGE','UC_202_PAYER_PRIVILEGE',#CURRENT_TIMESTAMP#,0);
INSERT INTO MOB_UMGR_PRIVILEGES (ID_PRIVILEGE,STR_PRIVILEGE,DAT_CREATION,ID_CUSTOMER_CREATION) VALUES ('UC_203_CALLER_PARENT_PRIVILEGE','UC_203_CALLER_PARENT_PRIVILEGE',#CURRENT_TIMESTAMP#,0);
INSERT INTO MOB_UMGR_PRIVILEGES (ID_PRIVILEGE,STR_PRIVILEGE,DAT_CREATION,ID_CUSTOMER_CREATION) VALUES ('UC_203_CALLER_PRIVILEGE','UC_203_CALLER_PRIVILEGE',#CURRENT_TIMESTAMP#,0);
INSERT INTO MOB_UMGR_PRIVILEGES (ID_PRIVILEGE,STR_PRIVILEGE,DAT_CREATION,ID_CUSTOMER_CREATION) VALUES ('UC_203_CALLER_SELF_PRIVILEGE','UC_203_CALLER_SELF_PRIVILEGE',#CURRENT_TIMESTAMP#,0);
INSERT INTO MOB_UMGR_PRIVILEGES (ID_PRIVILEGE,STR_PRIVILEGE,DAT_CREATION,ID_CUSTOMER_CREATION) VALUES ('UC_203_CHECKER_PRIVILEGE','UC_203_CHECKER_PRIVILEGE',#CURRENT_TIMESTAMP#,0);
INSERT INTO MOB_UMGR_PRIVILEGES (ID_PRIVILEGE,STR_PRIVILEGE,DAT_CREATION,ID_CUSTOMER_CREATION) VALUES ('UC_203_EXECUTE_PRIVILEGE','UC_203_EXECUTE_PRIVILEGE',#CURRENT_TIMESTAMP#,0);
INSERT INTO MOB_UMGR_PRIVILEGES (ID_PRIVILEGE,STR_PRIVILEGE,DAT_CREATION,ID_CUSTOMER_CREATION) VALUES ('UC_203_MAKER_PRIVILEGE','UC_203_MAKER_PRIVILEGE',#CURRENT_TIMESTAMP#,0);
INSERT INTO MOB_UMGR_PRIVILEGES (ID_PRIVILEGE,STR_PRIVILEGE,DAT_CREATION,ID_CUSTOMER_CREATION) VALUES ('UC_203_PAYEE_PRIVILEGE','UC_203_PAYEE_PRIVILEGE',#CURRENT_TIMESTAMP#,0);
INSERT INTO MOB_UMGR_PRIVILEGES (ID_PRIVILEGE,STR_PRIVILEGE,DAT_CREATION,ID_CUSTOMER_CREATION) VALUES ('UC_203_PAYER_PRIVILEGE','UC_203_PAYER_PRIVILEGE',#CURRENT_TIMESTAMP#,0);
INSERT INTO MOB_UMGR_PRIVILEGES (ID_PRIVILEGE,STR_PRIVILEGE,DAT_CREATION,ID_CUSTOMER_CREATION) VALUES ('UC_204_CALLER_PARENT_PRIVILEGE','UC_204_CALLER_PARENT_PRIVILEGE',#CURRENT_TIMESTAMP#,0);
INSERT INTO MOB_UMGR_PRIVILEGES (ID_PRIVILEGE,STR_PRIVILEGE,DAT_CREATION,ID_CUSTOMER_CREATION) VALUES ('UC_204_CALLER_PRIVILEGE','UC_204_CALLER_PRIVILEGE',#CURRENT_TIMESTAMP#,0);
INSERT INTO MOB_UMGR_PRIVILEGES (ID_PRIVILEGE,STR_PRIVILEGE,DAT_CREATION,ID_CUSTOMER_CREATION) VALUES ('UC_204_CALLER_SELF_PRIVILEGE','UC_204_CALLER_SELF_PRIVILEGE',#CURRENT_TIMESTAMP#,0);
INSERT INTO MOB_UMGR_PRIVILEGES (ID_PRIVILEGE,STR_PRIVILEGE,DAT_CREATION,ID_CUSTOMER_CREATION) VALUES ('UC_204_CHECKER_PRIVILEGE','UC_204_CHECKER_PRIVILEGE',#CURRENT_TIMESTAMP#,0);
INSERT INTO MOB_UMGR_PRIVILEGES (ID_PRIVILEGE,STR_PRIVILEGE,DAT_CREATION,ID_CUSTOMER_CREATION) VALUES ('UC_204_EXECUTE_PRIVILEGE','UC_204_EXECUTE_PRIVILEGE',#CURRENT_TIMESTAMP#,0);
INSERT INTO MOB_UMGR_PRIVILEGES (ID_PRIVILEGE,STR_PRIVILEGE,DAT_CREATION,ID_CUSTOMER_CREATION) VALUES ('UC_204_MAKER_PRIVILEGE','UC_204_MAKER_PRIVILEGE',#CURRENT_TIMESTAMP#,0);
INSERT INTO MOB_UMGR_PRIVILEGES (ID_PRIVILEGE,STR_PRIVILEGE,DAT_CREATION,ID_CUSTOMER_CREATION) VALUES ('UC_204_PAYEE_PRIVILEGE','UC_204_PAYEE_PRIVILEGE',#CURRENT_TIMESTAMP#,0);
INSERT INTO MOB_UMGR_PRIVILEGES (ID_PRIVILEGE,STR_PRIVILEGE,DAT_CREATION,ID_CUSTOMER_CREATION) VALUES ('UC_204_PAYER_PRIVILEGE','UC_204_PAYER_PRIVILEGE',#CURRENT_TIMESTAMP#,0);
INSERT INTO MOB_UMGR_PRIVILEGES (ID_PRIVILEGE,STR_PRIVILEGE,DAT_CREATION,ID_CUSTOMER_CREATION) VALUES ('UC_205_CALLER_PARENT_PRIVILEGE','UC_205_CALLER_PARENT_PRIVILEGE',#CURRENT_TIMESTAMP#,0);
INSERT INTO MOB_UMGR_PRIVILEGES (ID_PRIVILEGE,STR_PRIVILEGE,DAT_CREATION,ID_CUSTOMER_CREATION) VALUES ('UC_205_CALLER_PRIVILEGE','UC_205_CALLER_PRIVILEGE',#CURRENT_TIMESTAMP#,0);
INSERT INTO MOB_UMGR_PRIVILEGES (ID_PRIVILEGE,STR_PRIVILEGE,DAT_CREATION,ID_CUSTOMER_CREATION) VALUES ('UC_205_CALLER_SELF_PRIVILEGE','UC_205_CALLER_SELF_PRIVILEGE',#CURRENT_TIMESTAMP#,0);
INSERT INTO MOB_UMGR_PRIVILEGES (ID_PRIVILEGE,STR_PRIVILEGE,DAT_CREATION,ID_CUSTOMER_CREATION) VALUES ('UC_205_CHECKER_PRIVILEGE','UC_205_CHECKER_PRIVILEGE',#CURRENT_TIMESTAMP#,0);
INSERT INTO MOB_UMGR_PRIVILEGES (ID_PRIVILEGE,STR_PRIVILEGE,DAT_CREATION,ID_CUSTOMER_CREATION) VALUES ('UC_205_EXECUTE_PRIVILEGE','UC_205_EXECUTE_PRIVILEGE',#CURRENT_TIMESTAMP#,0);
INSERT INTO MOB_UMGR_PRIVILEGES (ID_PRIVILEGE,STR_PRIVILEGE,DAT_CREATION,ID_CUSTOMER_CREATION) VALUES ('UC_205_MAKER_PRIVILEGE','UC_205_MAKER_PRIVILEGE',#CURRENT_TIMESTAMP#,0);
INSERT INTO MOB_UMGR_PRIVILEGES (ID_PRIVILEGE,STR_PRIVILEGE,DAT_CREATION,ID_CUSTOMER_CREATION) VALUES ('UC_205_PAYEE_PRIVILEGE','UC_205_PAYEE_PRIVILEGE',#CURRENT_TIMESTAMP#,0);
INSERT INTO MOB_UMGR_PRIVILEGES (ID_PRIVILEGE,STR_PRIVILEGE,DAT_CREATION,ID_CUSTOMER_CREATION) VALUES ('UC_205_PAYER_PRIVILEGE','UC_205_PAYER_PRIVILEGE',#CURRENT_TIMESTAMP#,0);
INSERT INTO MOB_UMGR_PRIVILEGES (ID_PRIVILEGE,STR_PRIVILEGE,DAT_CREATION,ID_CUSTOMER_CREATION) VALUES ('UC_206_CALLER_PARENT_PRIVILEGE','UC_206_CALLER_PARENT_PRIVILEGE',#CURRENT_TIMESTAMP#,0);
INSERT INTO MOB_UMGR_PRIVILEGES (ID_PRIVILEGE,STR_PRIVILEGE,DAT_CREATION,ID_CUSTOMER_CREATION) VALUES ('UC_206_CALLER_PRIVILEGE','UC_206_CALLER_PRIVILEGE',#CURRENT_TIMESTAMP#,0);
INSERT INTO MOB_UMGR_PRIVILEGES (ID_PRIVILEGE,STR_PRIVILEGE,DAT_CREATION,ID_CUSTOMER_CREATION) VALUES ('UC_206_CALLER_SELF_PRIVILEGE','UC_206_CALLER_SELF_PRIVILEGE',#CURRENT_TIMESTAMP#,0);
INSERT INTO MOB_UMGR_PRIVILEGES (ID_PRIVILEGE,STR_PRIVILEGE,DAT_CREATION,ID_CUSTOMER_CREATION) VALUES ('UC_206_CHECKER_PRIVILEGE','UC_206_CHECKER_PRIVILEGE',#CURRENT_TIMESTAMP#,0);
INSERT INTO MOB_UMGR_PRIVILEGES (ID_PRIVILEGE,STR_PRIVILEGE,DAT_CREATION,ID_CUSTOMER_CREATION) VALUES ('UC_206_EXECUTE_PRIVILEGE','UC_206_EXECUTE_PRIVILEGE',#CURRENT_TIMESTAMP#,0);
INSERT INTO MOB_UMGR_PRIVILEGES (ID_PRIVILEGE,STR_PRIVILEGE,DAT_CREATION,ID_CUSTOMER_CREATION) VALUES ('UC_206_MAKER_PRIVILEGE','UC_206_MAKER_PRIVILEGE',#CURRENT_TIMESTAMP#,0);
INSERT INTO MOB_UMGR_PRIVILEGES (ID_PRIVILEGE,STR_PRIVILEGE,DAT_CREATION,ID_CUSTOMER_CREATION) VALUES ('UC_206_PAYEE_PRIVILEGE','UC_206_PAYEE_PRIVILEGE',#CURRENT_TIMESTAMP#,0);
INSERT INTO MOB_UMGR_PRIVILEGES (ID_PRIVILEGE,STR_PRIVILEGE,DAT_CREATION,ID_CUSTOMER_CREATION) VALUES ('UC_206_PAYER_PRIVILEGE','UC_206_PAYER_PRIVILEGE',#CURRENT_TIMESTAMP#,0);

INSERT INTO MOB_UMGR_ROLE_PRIVILEGES (ID_ROLE,ID_PRIVILEGE,DAT_CREATION,ID_CUSTOMER_CREATION) VALUES ('CST_FULL','UC_160_CALLER_PRIVILEGE',#CURRENT_TIMESTAMP#,0);
INSERT INTO MOB_UMGR_ROLE_PRIVILEGES (ID_ROLE,ID_PRIVILEGE,DAT_CREATION,ID_CUSTOMER_CREATION) VALUES ('CST_FULL','UC_160_EXECUTE_PRIVILEGE',#CURRENT_TIMESTAMP#,0);
INSERT INTO MOB_UMGR_ROLE_PRIVILEGES (ID_ROLE,ID_PRIVILEGE,DAT_CREATION,ID_CUSTOMER_CREATION) VALUES ('CST_FULL','UC_161_CALLER_PRIVILEGE',#CURRENT_TIMESTAMP#,0);
INSERT INTO MOB_UMGR_ROLE_PRIVILEGES (ID_ROLE,ID_PRIVILEGE,DAT_CREATION,ID_CUSTOMER_CREATION) VALUES ('CST_FULL','UC_161_EXECUTE_PRIVILEGE',#CURRENT_TIMESTAMP#,0);
INSERT INTO MOB_UMGR_ROLE_PRIVILEGES (ID_ROLE,ID_PRIVILEGE,DAT_CREATION,ID_CUSTOMER_CREATION) VALUES ('CST_FULL','UC_171_CALLER_PRIVILEGE',#CURRENT_TIMESTAMP#,0);
INSERT INTO MOB_UMGR_ROLE_PRIVILEGES (ID_ROLE,ID_PRIVILEGE,DAT_CREATION,ID_CUSTOMER_CREATION) VALUES ('CST_FULL','UC_171_EXECUTE_PRIVILEGE',#CURRENT_TIMESTAMP#,0);
INSERT INTO MOB_UMGR_ROLE_PRIVILEGES (ID_ROLE,ID_PRIVILEGE,DAT_CREATION,ID_CUSTOMER_CREATION) VALUES ('CST_FULL','UC_172_CALLER_PRIVILEGE',#CURRENT_TIMESTAMP#,0);
INSERT INTO MOB_UMGR_ROLE_PRIVILEGES (ID_ROLE,ID_PRIVILEGE,DAT_CREATION,ID_CUSTOMER_CREATION) VALUES ('CST_FULL','UC_172_EXECUTE_PRIVILEGE',#CURRENT_TIMESTAMP#,0);
INSERT INTO MOB_UMGR_ROLE_PRIVILEGES (ID_ROLE,ID_PRIVILEGE,DAT_CREATION,ID_CUSTOMER_CREATION) VALUES ('CST_FULL','UC_180_CALLER_PRIVILEGE',#CURRENT_TIMESTAMP#,0);
INSERT INTO MOB_UMGR_ROLE_PRIVILEGES (ID_ROLE,ID_PRIVILEGE,DAT_CREATION,ID_CUSTOMER_CREATION) VALUES ('CST_FULL','UC_180_EXECUTE_PRIVILEGE',#CURRENT_TIMESTAMP#,0);
INSERT INTO MOB_UMGR_ROLE_PRIVILEGES (ID_ROLE,ID_PRIVILEGE,DAT_CREATION,ID_CUSTOMER_CREATION) VALUES ('CST_FULL','UC_181_CALLER_PRIVILEGE',#CURRENT_TIMESTAMP#,0);
INSERT INTO MOB_UMGR_ROLE_PRIVILEGES (ID_ROLE,ID_PRIVILEGE,DAT_CREATION,ID_CUSTOMER_CREATION) VALUES ('CST_FULL','UC_181_EXECUTE_PRIVILEGE',#CURRENT_TIMESTAMP#,0);
INSERT INTO MOB_UMGR_ROLE_PRIVILEGES (ID_ROLE,ID_PRIVILEGE,DAT_CREATION,ID_CUSTOMER_CREATION) VALUES ('CST_FULL','UC_182_CALLER_PRIVILEGE',#CURRENT_TIMESTAMP#,0);
INSERT INTO MOB_UMGR_ROLE_PRIVILEGES (ID_ROLE,ID_PRIVILEGE,DAT_CREATION,ID_CUSTOMER_CREATION) VALUES ('CST_FULL','UC_182_EXECUTE_PRIVILEGE',#CURRENT_TIMESTAMP#,0);
INSERT INTO MOB_UMGR_ROLE_PRIVILEGES (ID_ROLE,ID_PRIVILEGE,DAT_CREATION,ID_CUSTOMER_CREATION) VALUES ('CST_FULL','UC_183_CALLER_PRIVILEGE',#CURRENT_TIMESTAMP#,0);
INSERT INTO MOB_UMGR_ROLE_PRIVILEGES (ID_ROLE,ID_PRIVILEGE,DAT_CREATION,ID_CUSTOMER_CREATION) VALUES ('CST_FULL','UC_183_EXECUTE_PRIVILEGE',#CURRENT_TIMESTAMP#,0);
INSERT INTO MOB_UMGR_ROLE_PRIVILEGES (ID_ROLE,ID_PRIVILEGE,DAT_CREATION,ID_CUSTOMER_CREATION) VALUES ('CST_FULL','UC_191_CALLER_PRIVILEGE',#CURRENT_TIMESTAMP#,0);
INSERT INTO MOB_UMGR_ROLE_PRIVILEGES (ID_ROLE,ID_PRIVILEGE,DAT_CREATION,ID_CUSTOMER_CREATION) VALUES ('CST_FULL','UC_191_EXECUTE_PRIVILEGE',#CURRENT_TIMESTAMP#,0);
INSERT INTO MOB_UMGR_ROLE_PRIVILEGES (ID_ROLE,ID_PRIVILEGE,DAT_CREATION,ID_CUSTOMER_CREATION) VALUES ('DEFAULT_MONEY_HEADQUARTER','UC_171_CALLER_SELF_PRIVILEGE',#CURRENT_TIMESTAMP#,0);
INSERT INTO MOB_UMGR_ROLE_PRIVILEGES (ID_ROLE,ID_PRIVILEGE,DAT_CREATION,ID_CUSTOMER_CREATION) VALUES ('DEFAULT_MONEY_HEADQUARTER','UC_171_EXECUTE_PRIVILEGE',#CURRENT_TIMESTAMP#,0);
INSERT INTO MOB_UMGR_ROLE_PRIVILEGES (ID_ROLE,ID_PRIVILEGE,DAT_CREATION,ID_CUSTOMER_CREATION) VALUES ('DEFAULT_MONEY_HEADQUARTER','UC_172_CALLER_SELF_PRIVILEGE',#CURRENT_TIMESTAMP#,0);
INSERT INTO MOB_UMGR_ROLE_PRIVILEGES (ID_ROLE,ID_PRIVILEGE,DAT_CREATION,ID_CUSTOMER_CREATION) VALUES ('DEFAULT_MONEY_HEADQUARTER','UC_172_EXECUTE_PRIVILEGE',#CURRENT_TIMESTAMP#,0);
INSERT INTO MOB_UMGR_ROLE_PRIVILEGES (ID_ROLE,ID_PRIVILEGE,DAT_CREATION,ID_CUSTOMER_CREATION) VALUES ('DEFAULT_MONEY_HEADQUARTER','UC_173_CALLER_SELF_PRIVILEGE',#CURRENT_TIMESTAMP#,0);
INSERT INTO MOB_UMGR_ROLE_PRIVILEGES (ID_ROLE,ID_PRIVILEGE,DAT_CREATION,ID_CUSTOMER_CREATION) VALUES ('DEFAULT_MONEY_HEADQUARTER','UC_173_EXECUTE_PRIVILEGE',#CURRENT_TIMESTAMP#,0);
INSERT INTO MOB_UMGR_ROLE_PRIVILEGES (ID_ROLE,ID_PRIVILEGE,DAT_CREATION,ID_CUSTOMER_CREATION) VALUES ('DEFAULT_MONEY_HEADQUARTER','UC_175_CALLER_PRIVILEGE',#CURRENT_TIMESTAMP#,0);
INSERT INTO MOB_UMGR_ROLE_PRIVILEGES (ID_ROLE,ID_PRIVILEGE,DAT_CREATION,ID_CUSTOMER_CREATION) VALUES ('DEFAULT_MONEY_HEADQUARTER','UC_175_CALLER_SELF_PRIVILEGE',#CURRENT_TIMESTAMP#,0);
INSERT INTO MOB_UMGR_ROLE_PRIVILEGES (ID_ROLE,ID_PRIVILEGE,DAT_CREATION,ID_CUSTOMER_CREATION) VALUES ('DEFAULT_MONEY_HEADQUARTER','UC_175_EXECUTE_PRIVILEGE',#CURRENT_TIMESTAMP#,0);
INSERT INTO MOB_UMGR_ROLE_PRIVILEGES (ID_ROLE,ID_PRIVILEGE,DAT_CREATION,ID_CUSTOMER_CREATION) VALUES ('DEFAULT_MONEY_HEADQUARTER','UC_176_CALLER_SELF_PRIVILEGE',#CURRENT_TIMESTAMP#,0);
INSERT INTO MOB_UMGR_ROLE_PRIVILEGES (ID_ROLE,ID_PRIVILEGE,DAT_CREATION,ID_CUSTOMER_CREATION) VALUES ('DEFAULT_MONEY_HEADQUARTER','UC_176_EXECUTE_PRIVILEGE',#CURRENT_TIMESTAMP#,0);
INSERT INTO MOB_UMGR_ROLE_PRIVILEGES (ID_ROLE,ID_PRIVILEGE,DAT_CREATION,ID_CUSTOMER_CREATION) VALUES ('DEFAULT_MONEY_HEADQUARTER','UC_179_CALLER_PRIVILEGE',#CURRENT_TIMESTAMP#,0);
INSERT INTO MOB_UMGR_ROLE_PRIVILEGES (ID_ROLE,ID_PRIVILEGE,DAT_CREATION,ID_CUSTOMER_CREATION) VALUES ('DEFAULT_MONEY_HEADQUARTER','UC_179_CALLER_SELF_PRIVILEGE',#CURRENT_TIMESTAMP#,0);
INSERT INTO MOB_UMGR_ROLE_PRIVILEGES (ID_ROLE,ID_PRIVILEGE,DAT_CREATION,ID_CUSTOMER_CREATION) VALUES ('DEFAULT_MONEY_HEADQUARTER','UC_179_EXECUTE_PRIVILEGE',#CURRENT_TIMESTAMP#,0);
INSERT INTO MOB_UMGR_ROLE_PRIVILEGES (ID_ROLE,ID_PRIVILEGE,DAT_CREATION,ID_CUSTOMER_CREATION) VALUES ('DEFAULT_MONEY_HEADQUARTER','UC_201_PAYER_PRIVILEGE',#CURRENT_TIMESTAMP#,0);
INSERT INTO MOB_UMGR_ROLE_PRIVILEGES (ID_ROLE,ID_PRIVILEGE,DAT_CREATION,ID_CUSTOMER_CREATION) VALUES ('STANDARD_CONSUMER','UC_160_PAYEE_PRIVILEGE',#CURRENT_TIMESTAMP#,0);
INSERT INTO MOB_UMGR_ROLE_PRIVILEGES (ID_ROLE,ID_PRIVILEGE,DAT_CREATION,ID_CUSTOMER_CREATION) VALUES ('STANDARD_CONSUMER','UC_160_PAYER_PRIVILEGE',#CURRENT_TIMESTAMP#,0);
INSERT INTO MOB_UMGR_ROLE_PRIVILEGES (ID_ROLE,ID_PRIVILEGE,DAT_CREATION,ID_CUSTOMER_CREATION) VALUES ('STANDARD_CONSUMER','UC_161_PAYEE_PRIVILEGE',#CURRENT_TIMESTAMP#,0);
INSERT INTO MOB_UMGR_ROLE_PRIVILEGES (ID_ROLE,ID_PRIVILEGE,DAT_CREATION,ID_CUSTOMER_CREATION) VALUES ('STANDARD_CONSUMER','UC_161_PAYER_PRIVILEGE',#CURRENT_TIMESTAMP#,0);
INSERT INTO MOB_UMGR_ROLE_PRIVILEGES (ID_ROLE,ID_PRIVILEGE,DAT_CREATION,ID_CUSTOMER_CREATION) VALUES ('STANDARD_CONSUMER','UC_171_PAYEE_PRIVILEGE',#CURRENT_TIMESTAMP#,0);
INSERT INTO MOB_UMGR_ROLE_PRIVILEGES (ID_ROLE,ID_PRIVILEGE,DAT_CREATION,ID_CUSTOMER_CREATION) VALUES ('STANDARD_CONSUMER','UC_172_PAYER_PRIVILEGE',#CURRENT_TIMESTAMP#,0);
INSERT INTO MOB_UMGR_ROLE_PRIVILEGES (ID_ROLE,ID_PRIVILEGE,DAT_CREATION,ID_CUSTOMER_CREATION) VALUES ('STANDARD_CONSUMER','UC_173_PAYEE_PRIVILEGE',#CURRENT_TIMESTAMP#,0);
INSERT INTO MOB_UMGR_ROLE_PRIVILEGES (ID_ROLE,ID_PRIVILEGE,DAT_CREATION,ID_CUSTOMER_CREATION) VALUES ('STANDARD_CONSUMER','UC_173_PAYER_PRIVILEGE',#CURRENT_TIMESTAMP#,0);
INSERT INTO MOB_UMGR_ROLE_PRIVILEGES (ID_ROLE,ID_PRIVILEGE,DAT_CREATION,ID_CUSTOMER_CREATION) VALUES ('STANDARD_CONSUMER','UC_174_CALLER_SELF_PRIVILEGE',#CURRENT_TIMESTAMP#,0);
INSERT INTO MOB_UMGR_ROLE_PRIVILEGES (ID_ROLE,ID_PRIVILEGE,DAT_CREATION,ID_CUSTOMER_CREATION) VALUES ('STANDARD_CONSUMER','UC_174_PAYEE_PRIVILEGE',#CURRENT_TIMESTAMP#,0);
INSERT INTO MOB_UMGR_ROLE_PRIVILEGES (ID_ROLE,ID_PRIVILEGE,DAT_CREATION,ID_CUSTOMER_CREATION) VALUES ('STANDARD_CONSUMER','UC_174_PAYER_PRIVILEGE',#CURRENT_TIMESTAMP#,0);
INSERT INTO MOB_UMGR_ROLE_PRIVILEGES (ID_ROLE,ID_PRIVILEGE,DAT_CREATION,ID_CUSTOMER_CREATION) VALUES ('STANDARD_CONSUMER','UC_175_PAYEE_PRIVILEGE',#CURRENT_TIMESTAMP#,0);
INSERT INTO MOB_UMGR_ROLE_PRIVILEGES (ID_ROLE,ID_PRIVILEGE,DAT_CREATION,ID_CUSTOMER_CREATION) VALUES ('STANDARD_CONSUMER','UC_175_PAYER_PRIVILEGE',#CURRENT_TIMESTAMP#,0);
INSERT INTO MOB_UMGR_ROLE_PRIVILEGES (ID_ROLE,ID_PRIVILEGE,DAT_CREATION,ID_CUSTOMER_CREATION) VALUES ('STANDARD_CONSUMER','UC_179_PAYEE_PRIVILEGE',#CURRENT_TIMESTAMP#,0);
INSERT INTO MOB_UMGR_ROLE_PRIVILEGES (ID_ROLE,ID_PRIVILEGE,DAT_CREATION,ID_CUSTOMER_CREATION) VALUES ('STANDARD_CONSUMER','UC_179_PAYER_PRIVILEGE',#CURRENT_TIMESTAMP#,0);
INSERT INTO MOB_UMGR_ROLE_PRIVILEGES (ID_ROLE,ID_PRIVILEGE,DAT_CREATION,ID_CUSTOMER_CREATION) VALUES ('STANDARD_CONSUMER','UC_180_PAYEE_PRIVILEGE',#CURRENT_TIMESTAMP#,0);
INSERT INTO MOB_UMGR_ROLE_PRIVILEGES (ID_ROLE,ID_PRIVILEGE,DAT_CREATION,ID_CUSTOMER_CREATION) VALUES ('STANDARD_CONSUMER','UC_181_PAYER_PRIVILEGE',#CURRENT_TIMESTAMP#,0);
INSERT INTO MOB_UMGR_ROLE_PRIVILEGES (ID_ROLE,ID_PRIVILEGE,DAT_CREATION,ID_CUSTOMER_CREATION) VALUES ('STANDARD_CONSUMER','UC_182_PAYEE_PRIVILEGE',#CURRENT_TIMESTAMP#,0);
INSERT INTO MOB_UMGR_ROLE_PRIVILEGES (ID_ROLE,ID_PRIVILEGE,DAT_CREATION,ID_CUSTOMER_CREATION) VALUES ('STANDARD_CONSUMER','UC_182_PAYER_PRIVILEGE',#CURRENT_TIMESTAMP#,0);
INSERT INTO MOB_UMGR_ROLE_PRIVILEGES (ID_ROLE,ID_PRIVILEGE,DAT_CREATION,ID_CUSTOMER_CREATION) VALUES ('STANDARD_CONSUMER','UC_183_PAYEE_PRIVILEGE',#CURRENT_TIMESTAMP#,0);
INSERT INTO MOB_UMGR_ROLE_PRIVILEGES (ID_ROLE,ID_PRIVILEGE,DAT_CREATION,ID_CUSTOMER_CREATION) VALUES ('STANDARD_CONSUMER','UC_183_PAYER_PRIVILEGE',#CURRENT_TIMESTAMP#,0);
INSERT INTO MOB_UMGR_ROLE_PRIVILEGES (ID_ROLE,ID_PRIVILEGE,DAT_CREATION,ID_CUSTOMER_CREATION) VALUES ('STANDARD_CONSUMER','UC_184_PAYEE_PRIVILEGE',#CURRENT_TIMESTAMP#,0);
INSERT INTO MOB_UMGR_ROLE_PRIVILEGES (ID_ROLE,ID_PRIVILEGE,DAT_CREATION,ID_CUSTOMER_CREATION) VALUES ('STANDARD_CONSUMER','UC_184_PAYER_PRIVILEGE',#CURRENT_TIMESTAMP#,0);
INSERT INTO MOB_UMGR_ROLE_PRIVILEGES (ID_ROLE,ID_PRIVILEGE,DAT_CREATION,ID_CUSTOMER_CREATION) VALUES ('STANDARD_CONSUMER','UC_186_PAYER_PRIVILEGE',#CURRENT_TIMESTAMP#,0);
INSERT INTO MOB_UMGR_ROLE_PRIVILEGES (ID_ROLE,ID_PRIVILEGE,DAT_CREATION,ID_CUSTOMER_CREATION) VALUES ('STANDARD_CONSUMER','UC_191_CALLER_SELF_PRIVILEGE',#CURRENT_TIMESTAMP#,0);
INSERT INTO MOB_UMGR_ROLE_PRIVILEGES (ID_ROLE,ID_PRIVILEGE,DAT_CREATION,ID_CUSTOMER_CREATION) VALUES ('STANDARD_CONSUMER','UC_191_PAYER_PRIVILEGE',#CURRENT_TIMESTAMP#,0);
INSERT INTO MOB_UMGR_ROLE_PRIVILEGES (ID_ROLE,ID_PRIVILEGE,DAT_CREATION,ID_CUSTOMER_CREATION) VALUES ('STANDARD_CONSUMER','UC_193_PAYEE_PRIVILEGE',#CURRENT_TIMESTAMP#,0);
INSERT INTO MOB_UMGR_ROLE_PRIVILEGES (ID_ROLE,ID_PRIVILEGE,DAT_CREATION,ID_CUSTOMER_CREATION) VALUES ('STANDARD_CONSUMER','UC_193_PAYER_PRIVILEGE',#CURRENT_TIMESTAMP#,0);
INSERT INTO MOB_UMGR_ROLE_PRIVILEGES (ID_ROLE,ID_PRIVILEGE,DAT_CREATION,ID_CUSTOMER_CREATION) VALUES ('STANDARD_CONSUMER','UC_194_PAYEE_PRIVILEGE',#CURRENT_TIMESTAMP#,0);
INSERT INTO MOB_UMGR_ROLE_PRIVILEGES (ID_ROLE,ID_PRIVILEGE,DAT_CREATION,ID_CUSTOMER_CREATION) VALUES ('STANDARD_CONSUMER','UC_194_PAYER_PRIVILEGE',#CURRENT_TIMESTAMP#,0);
INSERT INTO MOB_UMGR_ROLE_PRIVILEGES (ID_ROLE,ID_PRIVILEGE,DAT_CREATION,ID_CUSTOMER_CREATION) VALUES ('STANDARD_CONSUMER','UC_197_PAYEE_PRIVILEGE',#CURRENT_TIMESTAMP#,0);
INSERT INTO MOB_UMGR_ROLE_PRIVILEGES (ID_ROLE,ID_PRIVILEGE,DAT_CREATION,ID_CUSTOMER_CREATION) VALUES ('STANDARD_CONSUMER','UC_197_PAYER_PRIVILEGE',#CURRENT_TIMESTAMP#,0);
INSERT INTO MOB_UMGR_ROLE_PRIVILEGES (ID_ROLE,ID_PRIVILEGE,DAT_CREATION,ID_CUSTOMER_CREATION) VALUES ('STANDARD_CONSUMER','UC_198_PAYEE_PRIVILEGE',#CURRENT_TIMESTAMP#,0);
INSERT INTO MOB_UMGR_ROLE_PRIVILEGES (ID_ROLE,ID_PRIVILEGE,DAT_CREATION,ID_CUSTOMER_CREATION) VALUES ('STANDARD_CONSUMER','UC_199_PAYER_PRIVILEGE',#CURRENT_TIMESTAMP#,0);
INSERT INTO MOB_UMGR_ROLE_PRIVILEGES (ID_ROLE,ID_PRIVILEGE,DAT_CREATION,ID_CUSTOMER_CREATION) VALUES ('STANDARD_CONSUMER','UC_202_CALLER_SELF_PRIVILEGE',#CURRENT_TIMESTAMP#,0);
INSERT INTO MOB_UMGR_ROLE_PRIVILEGES (ID_ROLE,ID_PRIVILEGE,DAT_CREATION,ID_CUSTOMER_CREATION) VALUES ('STANDARD_CONSUMER','UC_202_PAYEE_PRIVILEGE',#CURRENT_TIMESTAMP#,0);
INSERT INTO MOB_UMGR_ROLE_PRIVILEGES (ID_ROLE,ID_PRIVILEGE,DAT_CREATION,ID_CUSTOMER_CREATION) VALUES ('STANDARD_CONSUMER','UC_202_PAYER_PRIVILEGE',#CURRENT_TIMESTAMP#,0);
INSERT INTO MOB_UMGR_ROLE_PRIVILEGES (ID_ROLE,ID_PRIVILEGE,DAT_CREATION,ID_CUSTOMER_CREATION) VALUES ('STANDARD_CONSUMER','UC_203_CALLER_PARENT_PRIVILEGE',#CURRENT_TIMESTAMP#,0);
INSERT INTO MOB_UMGR_ROLE_PRIVILEGES (ID_ROLE,ID_PRIVILEGE,DAT_CREATION,ID_CUSTOMER_CREATION) VALUES ('STANDARD_CONSUMER','UC_203_CALLER_PRIVILEGE',#CURRENT_TIMESTAMP#,0);
INSERT INTO MOB_UMGR_ROLE_PRIVILEGES (ID_ROLE,ID_PRIVILEGE,DAT_CREATION,ID_CUSTOMER_CREATION) VALUES ('STANDARD_CONSUMER','UC_203_CALLER_SELF_PRIVILEGE',#CURRENT_TIMESTAMP#,0);
INSERT INTO MOB_UMGR_ROLE_PRIVILEGES (ID_ROLE,ID_PRIVILEGE,DAT_CREATION,ID_CUSTOMER_CREATION) VALUES ('STANDARD_CONSUMER','UC_203_CHECKER_PRIVILEGE',#CURRENT_TIMESTAMP#,0);
INSERT INTO MOB_UMGR_ROLE_PRIVILEGES (ID_ROLE,ID_PRIVILEGE,DAT_CREATION,ID_CUSTOMER_CREATION) VALUES ('STANDARD_CONSUMER','UC_203_EXECUTE_PRIVILEGE',#CURRENT_TIMESTAMP#,0);
INSERT INTO MOB_UMGR_ROLE_PRIVILEGES (ID_ROLE,ID_PRIVILEGE,DAT_CREATION,ID_CUSTOMER_CREATION) VALUES ('STANDARD_CONSUMER','UC_203_MAKER_PRIVILEGE',#CURRENT_TIMESTAMP#,0);
INSERT INTO MOB_UMGR_ROLE_PRIVILEGES (ID_ROLE,ID_PRIVILEGE,DAT_CREATION,ID_CUSTOMER_CREATION) VALUES ('STANDARD_CONSUMER','UC_203_PAYEE_PRIVILEGE',#CURRENT_TIMESTAMP#,0);
INSERT INTO MOB_UMGR_ROLE_PRIVILEGES (ID_ROLE,ID_PRIVILEGE,DAT_CREATION,ID_CUSTOMER_CREATION) VALUES ('STANDARD_CONSUMER','UC_203_PAYER_PRIVILEGE',#CURRENT_TIMESTAMP#,0);
INSERT INTO MOB_UMGR_ROLE_PRIVILEGES (ID_ROLE,ID_PRIVILEGE,DAT_CREATION,ID_CUSTOMER_CREATION) VALUES ('STANDARD_CONSUMER','UC_204_CALLER_PARENT_PRIVILEGE',#CURRENT_TIMESTAMP#,0);
INSERT INTO MOB_UMGR_ROLE_PRIVILEGES (ID_ROLE,ID_PRIVILEGE,DAT_CREATION,ID_CUSTOMER_CREATION) VALUES ('STANDARD_CONSUMER','UC_204_CALLER_PRIVILEGE',#CURRENT_TIMESTAMP#,0);
INSERT INTO MOB_UMGR_ROLE_PRIVILEGES (ID_ROLE,ID_PRIVILEGE,DAT_CREATION,ID_CUSTOMER_CREATION) VALUES ('STANDARD_CONSUMER','UC_204_CALLER_SELF_PRIVILEGE',#CURRENT_TIMESTAMP#,0);
INSERT INTO MOB_UMGR_ROLE_PRIVILEGES (ID_ROLE,ID_PRIVILEGE,DAT_CREATION,ID_CUSTOMER_CREATION) VALUES ('STANDARD_CONSUMER','UC_204_CHECKER_PRIVILEGE',#CURRENT_TIMESTAMP#,0);
INSERT INTO MOB_UMGR_ROLE_PRIVILEGES (ID_ROLE,ID_PRIVILEGE,DAT_CREATION,ID_CUSTOMER_CREATION) VALUES ('STANDARD_CONSUMER','UC_204_EXECUTE_PRIVILEGE',#CURRENT_TIMESTAMP#,0);
INSERT INTO MOB_UMGR_ROLE_PRIVILEGES (ID_ROLE,ID_PRIVILEGE,DAT_CREATION,ID_CUSTOMER_CREATION) VALUES ('STANDARD_CONSUMER','UC_204_MAKER_PRIVILEGE',#CURRENT_TIMESTAMP#,0);
INSERT INTO MOB_UMGR_ROLE_PRIVILEGES (ID_ROLE,ID_PRIVILEGE,DAT_CREATION,ID_CUSTOMER_CREATION) VALUES ('STANDARD_CONSUMER','UC_204_PAYEE_PRIVILEGE',#CURRENT_TIMESTAMP#,0);
INSERT INTO MOB_UMGR_ROLE_PRIVILEGES (ID_ROLE,ID_PRIVILEGE,DAT_CREATION,ID_CUSTOMER_CREATION) VALUES ('STANDARD_CONSUMER','UC_204_PAYER_PRIVILEGE',#CURRENT_TIMESTAMP#,0);
INSERT INTO MOB_UMGR_ROLE_PRIVILEGES (ID_ROLE,ID_PRIVILEGE,DAT_CREATION,ID_CUSTOMER_CREATION) VALUES ('STANDARD_CONSUMER','UC_205_CALLER_PARENT_PRIVILEGE',#CURRENT_TIMESTAMP#,0);
INSERT INTO MOB_UMGR_ROLE_PRIVILEGES (ID_ROLE,ID_PRIVILEGE,DAT_CREATION,ID_CUSTOMER_CREATION) VALUES ('STANDARD_CONSUMER','UC_205_CALLER_PRIVILEGE',#CURRENT_TIMESTAMP#,0);
INSERT INTO MOB_UMGR_ROLE_PRIVILEGES (ID_ROLE,ID_PRIVILEGE,DAT_CREATION,ID_CUSTOMER_CREATION) VALUES ('STANDARD_CONSUMER','UC_205_CALLER_SELF_PRIVILEGE',#CURRENT_TIMESTAMP#,0);
INSERT INTO MOB_UMGR_ROLE_PRIVILEGES (ID_ROLE,ID_PRIVILEGE,DAT_CREATION,ID_CUSTOMER_CREATION) VALUES ('STANDARD_CONSUMER','UC_205_CHECKER_PRIVILEGE',#CURRENT_TIMESTAMP#,0);
INSERT INTO MOB_UMGR_ROLE_PRIVILEGES (ID_ROLE,ID_PRIVILEGE,DAT_CREATION,ID_CUSTOMER_CREATION) VALUES ('STANDARD_CONSUMER','UC_205_EXECUTE_PRIVILEGE',#CURRENT_TIMESTAMP#,0);
INSERT INTO MOB_UMGR_ROLE_PRIVILEGES (ID_ROLE,ID_PRIVILEGE,DAT_CREATION,ID_CUSTOMER_CREATION) VALUES ('STANDARD_CONSUMER','UC_205_MAKER_PRIVILEGE',#CURRENT_TIMESTAMP#,0);
INSERT INTO MOB_UMGR_ROLE_PRIVILEGES (ID_ROLE,ID_PRIVILEGE,DAT_CREATION,ID_CUSTOMER_CREATION) VALUES ('STANDARD_CONSUMER','UC_205_PAYEE_PRIVILEGE',#CURRENT_TIMESTAMP#,0);
INSERT INTO MOB_UMGR_ROLE_PRIVILEGES (ID_ROLE,ID_PRIVILEGE,DAT_CREATION,ID_CUSTOMER_CREATION) VALUES ('STANDARD_CONSUMER','UC_205_PAYER_PRIVILEGE',#CURRENT_TIMESTAMP#,0);
INSERT INTO MOB_UMGR_ROLE_PRIVILEGES (ID_ROLE,ID_PRIVILEGE,DAT_CREATION,ID_CUSTOMER_CREATION) VALUES ('STANDARD_CONSUMER','UC_206_CALLER_PARENT_PRIVILEGE',#CURRENT_TIMESTAMP#,0);
INSERT INTO MOB_UMGR_ROLE_PRIVILEGES (ID_ROLE,ID_PRIVILEGE,DAT_CREATION,ID_CUSTOMER_CREATION) VALUES ('STANDARD_CONSUMER','UC_206_CALLER_PRIVILEGE',#CURRENT_TIMESTAMP#,0);
INSERT INTO MOB_UMGR_ROLE_PRIVILEGES (ID_ROLE,ID_PRIVILEGE,DAT_CREATION,ID_CUSTOMER_CREATION) VALUES ('STANDARD_CONSUMER','UC_206_CALLER_SELF_PRIVILEGE',#CURRENT_TIMESTAMP#,0);
INSERT INTO MOB_UMGR_ROLE_PRIVILEGES (ID_ROLE,ID_PRIVILEGE,DAT_CREATION,ID_CUSTOMER_CREATION) VALUES ('STANDARD_CONSUMER','UC_206_CHECKER_PRIVILEGE',#CURRENT_TIMESTAMP#,0);
INSERT INTO MOB_UMGR_ROLE_PRIVILEGES (ID_ROLE,ID_PRIVILEGE,DAT_CREATION,ID_CUSTOMER_CREATION) VALUES ('STANDARD_CONSUMER','UC_206_EXECUTE_PRIVILEGE',#CURRENT_TIMESTAMP#,0);
INSERT INTO MOB_UMGR_ROLE_PRIVILEGES (ID_ROLE,ID_PRIVILEGE,DAT_CREATION,ID_CUSTOMER_CREATION) VALUES ('STANDARD_CONSUMER','UC_206_MAKER_PRIVILEGE',#CURRENT_TIMESTAMP#,0);
INSERT INTO MOB_UMGR_ROLE_PRIVILEGES (ID_ROLE,ID_PRIVILEGE,DAT_CREATION,ID_CUSTOMER_CREATION) VALUES ('STANDARD_CONSUMER','UC_206_PAYEE_PRIVILEGE',#CURRENT_TIMESTAMP#,0);
INSERT INTO MOB_UMGR_ROLE_PRIVILEGES (ID_ROLE,ID_PRIVILEGE,DAT_CREATION,ID_CUSTOMER_CREATION) VALUES ('STANDARD_CONSUMER','UC_206_PAYER_PRIVILEGE',#CURRENT_TIMESTAMP#,0);
INSERT INTO MOB_UMGR_ROLE_PRIVILEGES (ID_ROLE,ID_PRIVILEGE,DAT_CREATION,ID_CUSTOMER_CREATION) VALUES ('STANDARD_MERCHANT','UC_160_PAYEE_PRIVILEGE',#CURRENT_TIMESTAMP#,0);
INSERT INTO MOB_UMGR_ROLE_PRIVILEGES (ID_ROLE,ID_PRIVILEGE,DAT_CREATION,ID_CUSTOMER_CREATION) VALUES ('STANDARD_MERCHANT','UC_160_PAYER_PRIVILEGE',#CURRENT_TIMESTAMP#,0);
INSERT INTO MOB_UMGR_ROLE_PRIVILEGES (ID_ROLE,ID_PRIVILEGE,DAT_CREATION,ID_CUSTOMER_CREATION) VALUES ('STANDARD_MERCHANT','UC_171_CALLER_SELF_PRIVILEGE',#CURRENT_TIMESTAMP#,0);
INSERT INTO MOB_UMGR_ROLE_PRIVILEGES (ID_ROLE,ID_PRIVILEGE,DAT_CREATION,ID_CUSTOMER_CREATION) VALUES ('STANDARD_MERCHANT','UC_171_EXECUTE_PRIVILEGE',#CURRENT_TIMESTAMP#,0);
INSERT INTO MOB_UMGR_ROLE_PRIVILEGES (ID_ROLE,ID_PRIVILEGE,DAT_CREATION,ID_CUSTOMER_CREATION) VALUES ('STANDARD_MERCHANT','UC_171_PAYEE_PRIVILEGE',#CURRENT_TIMESTAMP#,0);
INSERT INTO MOB_UMGR_ROLE_PRIVILEGES (ID_ROLE,ID_PRIVILEGE,DAT_CREATION,ID_CUSTOMER_CREATION) VALUES ('STANDARD_MERCHANT','UC_171_PAYER_PRIVILEGE',#CURRENT_TIMESTAMP#,0);
INSERT INTO MOB_UMGR_ROLE_PRIVILEGES (ID_ROLE,ID_PRIVILEGE,DAT_CREATION,ID_CUSTOMER_CREATION) VALUES ('STANDARD_MERCHANT','UC_172_CALLER_SELF_PRIVILEGE',#CURRENT_TIMESTAMP#,0);
INSERT INTO MOB_UMGR_ROLE_PRIVILEGES (ID_ROLE,ID_PRIVILEGE,DAT_CREATION,ID_CUSTOMER_CREATION) VALUES ('STANDARD_MERCHANT','UC_172_EXECUTE_PRIVILEGE',#CURRENT_TIMESTAMP#,0);
INSERT INTO MOB_UMGR_ROLE_PRIVILEGES (ID_ROLE,ID_PRIVILEGE,DAT_CREATION,ID_CUSTOMER_CREATION) VALUES ('STANDARD_MERCHANT','UC_172_PAYEE_PRIVILEGE',#CURRENT_TIMESTAMP#,0);
INSERT INTO MOB_UMGR_ROLE_PRIVILEGES (ID_ROLE,ID_PRIVILEGE,DAT_CREATION,ID_CUSTOMER_CREATION) VALUES ('STANDARD_MERCHANT','UC_172_PAYER_PRIVILEGE',#CURRENT_TIMESTAMP#,0);
INSERT INTO MOB_UMGR_ROLE_PRIVILEGES (ID_ROLE,ID_PRIVILEGE,DAT_CREATION,ID_CUSTOMER_CREATION) VALUES ('STANDARD_MERCHANT','UC_173_CALLER_SELF_PRIVILEGE',#CURRENT_TIMESTAMP#,0);
INSERT INTO MOB_UMGR_ROLE_PRIVILEGES (ID_ROLE,ID_PRIVILEGE,DAT_CREATION,ID_CUSTOMER_CREATION) VALUES ('STANDARD_MERCHANT','UC_173_EXECUTE_PRIVILEGE',#CURRENT_TIMESTAMP#,0);
INSERT INTO MOB_UMGR_ROLE_PRIVILEGES (ID_ROLE,ID_PRIVILEGE,DAT_CREATION,ID_CUSTOMER_CREATION) VALUES ('STANDARD_MERCHANT','UC_173_PAYEE_PRIVILEGE',#CURRENT_TIMESTAMP#,0);
INSERT INTO MOB_UMGR_ROLE_PRIVILEGES (ID_ROLE,ID_PRIVILEGE,DAT_CREATION,ID_CUSTOMER_CREATION) VALUES ('STANDARD_MERCHANT','UC_173_PAYER_PRIVILEGE',#CURRENT_TIMESTAMP#,0);
INSERT INTO MOB_UMGR_ROLE_PRIVILEGES (ID_ROLE,ID_PRIVILEGE,DAT_CREATION,ID_CUSTOMER_CREATION) VALUES ('STANDARD_MERCHANT','UC_174_PAYEE_PRIVILEGE',#CURRENT_TIMESTAMP#,0);
INSERT INTO MOB_UMGR_ROLE_PRIVILEGES (ID_ROLE,ID_PRIVILEGE,DAT_CREATION,ID_CUSTOMER_CREATION) VALUES ('STANDARD_MERCHANT','UC_174_PAYER_PRIVILEGE',#CURRENT_TIMESTAMP#,0);
INSERT INTO MOB_UMGR_ROLE_PRIVILEGES (ID_ROLE,ID_PRIVILEGE,DAT_CREATION,ID_CUSTOMER_CREATION) VALUES ('STANDARD_MERCHANT','UC_175_CALLER_PRIVILEGE',#CURRENT_TIMESTAMP#,0);
INSERT INTO MOB_UMGR_ROLE_PRIVILEGES (ID_ROLE,ID_PRIVILEGE,DAT_CREATION,ID_CUSTOMER_CREATION) VALUES ('STANDARD_MERCHANT','UC_175_CALLER_SELF_PRIVILEGE',#CURRENT_TIMESTAMP#,0);
INSERT INTO MOB_UMGR_ROLE_PRIVILEGES (ID_ROLE,ID_PRIVILEGE,DAT_CREATION,ID_CUSTOMER_CREATION) VALUES ('STANDARD_MERCHANT','UC_175_EXECUTE_PRIVILEGE',#CURRENT_TIMESTAMP#,0);
INSERT INTO MOB_UMGR_ROLE_PRIVILEGES (ID_ROLE,ID_PRIVILEGE,DAT_CREATION,ID_CUSTOMER_CREATION) VALUES ('STANDARD_MERCHANT','UC_175_PAYEE_PRIVILEGE',#CURRENT_TIMESTAMP#,0);
INSERT INTO MOB_UMGR_ROLE_PRIVILEGES (ID_ROLE,ID_PRIVILEGE,DAT_CREATION,ID_CUSTOMER_CREATION) VALUES ('STANDARD_MERCHANT','UC_176_CALLER_SELF_PRIVILEGE',#CURRENT_TIMESTAMP#,0);
INSERT INTO MOB_UMGR_ROLE_PRIVILEGES (ID_ROLE,ID_PRIVILEGE,DAT_CREATION,ID_CUSTOMER_CREATION) VALUES ('STANDARD_MERCHANT','UC_176_EXECUTE_PRIVILEGE',#CURRENT_TIMESTAMP#,0);
INSERT INTO MOB_UMGR_ROLE_PRIVILEGES (ID_ROLE,ID_PRIVILEGE,DAT_CREATION,ID_CUSTOMER_CREATION) VALUES ('STANDARD_MERCHANT','UC_176_PAYEE_PRIVILEGE',#CURRENT_TIMESTAMP#,0);
INSERT INTO MOB_UMGR_ROLE_PRIVILEGES (ID_ROLE,ID_PRIVILEGE,DAT_CREATION,ID_CUSTOMER_CREATION) VALUES ('STANDARD_MERCHANT','UC_176_PAYER_PRIVILEGE',#CURRENT_TIMESTAMP#,0);
INSERT INTO MOB_UMGR_ROLE_PRIVILEGES (ID_ROLE,ID_PRIVILEGE,DAT_CREATION,ID_CUSTOMER_CREATION) VALUES ('STANDARD_MERCHANT','UC_179_CALLER_PRIVILEGE',#CURRENT_TIMESTAMP#,0);
INSERT INTO MOB_UMGR_ROLE_PRIVILEGES (ID_ROLE,ID_PRIVILEGE,DAT_CREATION,ID_CUSTOMER_CREATION) VALUES ('STANDARD_MERCHANT','UC_179_CALLER_SELF_PRIVILEGE',#CURRENT_TIMESTAMP#,0);
INSERT INTO MOB_UMGR_ROLE_PRIVILEGES (ID_ROLE,ID_PRIVILEGE,DAT_CREATION,ID_CUSTOMER_CREATION) VALUES ('STANDARD_MERCHANT','UC_179_EXECUTE_PRIVILEGE',#CURRENT_TIMESTAMP#,0);
INSERT INTO MOB_UMGR_ROLE_PRIVILEGES (ID_ROLE,ID_PRIVILEGE,DAT_CREATION,ID_CUSTOMER_CREATION) VALUES ('STANDARD_MERCHANT','UC_179_PAYEE_PRIVILEGE',#CURRENT_TIMESTAMP#,0);
INSERT INTO MOB_UMGR_ROLE_PRIVILEGES (ID_ROLE,ID_PRIVILEGE,DAT_CREATION,ID_CUSTOMER_CREATION) VALUES ('STANDARD_MERCHANT','UC_179_PAYER_PRIVILEGE',#CURRENT_TIMESTAMP#,0);
INSERT INTO MOB_UMGR_ROLE_PRIVILEGES (ID_ROLE,ID_PRIVILEGE,DAT_CREATION,ID_CUSTOMER_CREATION) VALUES ('STANDARD_MERCHANT','UC_180_PAYEE_PRIVILEGE',#CURRENT_TIMESTAMP#,0);
INSERT INTO MOB_UMGR_ROLE_PRIVILEGES (ID_ROLE,ID_PRIVILEGE,DAT_CREATION,ID_CUSTOMER_CREATION) VALUES ('STANDARD_MERCHANT','UC_180_PAYER_PRIVILEGE',#CURRENT_TIMESTAMP#,0);
INSERT INTO MOB_UMGR_ROLE_PRIVILEGES (ID_ROLE,ID_PRIVILEGE,DAT_CREATION,ID_CUSTOMER_CREATION) VALUES ('STANDARD_MERCHANT','UC_181_PAYEE_PRIVILEGE',#CURRENT_TIMESTAMP#,0);
INSERT INTO MOB_UMGR_ROLE_PRIVILEGES (ID_ROLE,ID_PRIVILEGE,DAT_CREATION,ID_CUSTOMER_CREATION) VALUES ('STANDARD_MERCHANT','UC_181_PAYER_PRIVILEGE',#CURRENT_TIMESTAMP#,0);
INSERT INTO MOB_UMGR_ROLE_PRIVILEGES (ID_ROLE,ID_PRIVILEGE,DAT_CREATION,ID_CUSTOMER_CREATION) VALUES ('STANDARD_MERCHANT','UC_182_PAYEE_PRIVILEGE',#CURRENT_TIMESTAMP#,0);
INSERT INTO MOB_UMGR_ROLE_PRIVILEGES (ID_ROLE,ID_PRIVILEGE,DAT_CREATION,ID_CUSTOMER_CREATION) VALUES ('STANDARD_MERCHANT','UC_182_PAYER_PRIVILEGE',#CURRENT_TIMESTAMP#,0);
INSERT INTO MOB_UMGR_ROLE_PRIVILEGES (ID_ROLE,ID_PRIVILEGE,DAT_CREATION,ID_CUSTOMER_CREATION) VALUES ('STANDARD_MERCHANT','UC_183_PAYEE_PRIVILEGE',#CURRENT_TIMESTAMP#,0);
INSERT INTO MOB_UMGR_ROLE_PRIVILEGES (ID_ROLE,ID_PRIVILEGE,DAT_CREATION,ID_CUSTOMER_CREATION) VALUES ('STANDARD_MERCHANT','UC_183_PAYER_PRIVILEGE',#CURRENT_TIMESTAMP#,0);
INSERT INTO MOB_UMGR_ROLE_PRIVILEGES (ID_ROLE,ID_PRIVILEGE,DAT_CREATION,ID_CUSTOMER_CREATION) VALUES ('STANDARD_MERCHANT','UC_186_PAYEE_PRIVILEGE',#CURRENT_TIMESTAMP#,0);
INSERT INTO MOB_UMGR_ROLE_PRIVILEGES (ID_ROLE,ID_PRIVILEGE,DAT_CREATION,ID_CUSTOMER_CREATION) VALUES ('STANDARD_MERCHANT','UC_191_PAYEE_PRIVILEGE',#CURRENT_TIMESTAMP#,0);
INSERT INTO MOB_UMGR_ROLE_PRIVILEGES (ID_ROLE,ID_PRIVILEGE,DAT_CREATION,ID_CUSTOMER_CREATION) VALUES ('STANDARD_MERCHANT','UC_193_PAYEE_PRIVILEGE',#CURRENT_TIMESTAMP#,0);
INSERT INTO MOB_UMGR_ROLE_PRIVILEGES (ID_ROLE,ID_PRIVILEGE,DAT_CREATION,ID_CUSTOMER_CREATION) VALUES ('STANDARD_MERCHANT','UC_193_PAYER_PRIVILEGE',#CURRENT_TIMESTAMP#,0);
INSERT INTO MOB_UMGR_ROLE_PRIVILEGES (ID_ROLE,ID_PRIVILEGE,DAT_CREATION,ID_CUSTOMER_CREATION) VALUES ('STANDARD_MERCHANT','UC_195_PAYEE_PRIVILEGE',#CURRENT_TIMESTAMP#,0);
INSERT INTO MOB_UMGR_ROLE_PRIVILEGES (ID_ROLE,ID_PRIVILEGE,DAT_CREATION,ID_CUSTOMER_CREATION) VALUES ('STANDARD_MERCHANT','UC_195_PAYER_PRIVILEGE',#CURRENT_TIMESTAMP#,0);
INSERT INTO MOB_UMGR_ROLE_PRIVILEGES (ID_ROLE,ID_PRIVILEGE,DAT_CREATION,ID_CUSTOMER_CREATION) VALUES ('STANDARD_MERCHANT','UC_198_PAYER_PRIVILEGE',#CURRENT_TIMESTAMP#,0);
INSERT INTO MOB_UMGR_ROLE_PRIVILEGES (ID_ROLE,ID_PRIVILEGE,DAT_CREATION,ID_CUSTOMER_CREATION) VALUES ('STANDARD_MERCHANT','UC_199_PAYEE_PRIVILEGE',#CURRENT_TIMESTAMP#,0);
INSERT INTO MOB_UMGR_ROLE_PRIVILEGES (ID_ROLE,ID_PRIVILEGE,DAT_CREATION,ID_CUSTOMER_CREATION) VALUES ('STANDARD_MERCHANT','UC_203_CALLER_PARENT_PRIVILEGE',#CURRENT_TIMESTAMP#,0);
INSERT INTO MOB_UMGR_ROLE_PRIVILEGES (ID_ROLE,ID_PRIVILEGE,DAT_CREATION,ID_CUSTOMER_CREATION) VALUES ('STANDARD_MERCHANT','UC_203_CALLER_PRIVILEGE',#CURRENT_TIMESTAMP#,0);
INSERT INTO MOB_UMGR_ROLE_PRIVILEGES (ID_ROLE,ID_PRIVILEGE,DAT_CREATION,ID_CUSTOMER_CREATION) VALUES ('STANDARD_MERCHANT','UC_203_CALLER_SELF_PRIVILEGE',#CURRENT_TIMESTAMP#,0);
INSERT INTO MOB_UMGR_ROLE_PRIVILEGES (ID_ROLE,ID_PRIVILEGE,DAT_CREATION,ID_CUSTOMER_CREATION) VALUES ('STANDARD_MERCHANT','UC_203_CHECKER_PRIVILEGE',#CURRENT_TIMESTAMP#,0);
INSERT INTO MOB_UMGR_ROLE_PRIVILEGES (ID_ROLE,ID_PRIVILEGE,DAT_CREATION,ID_CUSTOMER_CREATION) VALUES ('STANDARD_MERCHANT','UC_203_EXECUTE_PRIVILEGE',#CURRENT_TIMESTAMP#,0);
INSERT INTO MOB_UMGR_ROLE_PRIVILEGES (ID_ROLE,ID_PRIVILEGE,DAT_CREATION,ID_CUSTOMER_CREATION) VALUES ('STANDARD_MERCHANT','UC_203_MAKER_PRIVILEGE',#CURRENT_TIMESTAMP#,0);
INSERT INTO MOB_UMGR_ROLE_PRIVILEGES (ID_ROLE,ID_PRIVILEGE,DAT_CREATION,ID_CUSTOMER_CREATION) VALUES ('STANDARD_MERCHANT','UC_203_PAYEE_PRIVILEGE',#CURRENT_TIMESTAMP#,0);
INSERT INTO MOB_UMGR_ROLE_PRIVILEGES (ID_ROLE,ID_PRIVILEGE,DAT_CREATION,ID_CUSTOMER_CREATION) VALUES ('STANDARD_MERCHANT','UC_203_PAYER_PRIVILEGE',#CURRENT_TIMESTAMP#,0);
INSERT INTO MOB_UMGR_ROLE_PRIVILEGES (ID_ROLE,ID_PRIVILEGE,DAT_CREATION,ID_CUSTOMER_CREATION) VALUES ('STANDARD_MERCHANT','UC_204_CALLER_PARENT_PRIVILEGE',#CURRENT_TIMESTAMP#,0);
INSERT INTO MOB_UMGR_ROLE_PRIVILEGES (ID_ROLE,ID_PRIVILEGE,DAT_CREATION,ID_CUSTOMER_CREATION) VALUES ('STANDARD_MERCHANT','UC_204_CALLER_PRIVILEGE',#CURRENT_TIMESTAMP#,0);
INSERT INTO MOB_UMGR_ROLE_PRIVILEGES (ID_ROLE,ID_PRIVILEGE,DAT_CREATION,ID_CUSTOMER_CREATION) VALUES ('STANDARD_MERCHANT','UC_204_CALLER_SELF_PRIVILEGE',#CURRENT_TIMESTAMP#,0);
INSERT INTO MOB_UMGR_ROLE_PRIVILEGES (ID_ROLE,ID_PRIVILEGE,DAT_CREATION,ID_CUSTOMER_CREATION) VALUES ('STANDARD_MERCHANT','UC_204_CHECKER_PRIVILEGE',#CURRENT_TIMESTAMP#,0);
INSERT INTO MOB_UMGR_ROLE_PRIVILEGES (ID_ROLE,ID_PRIVILEGE,DAT_CREATION,ID_CUSTOMER_CREATION) VALUES ('STANDARD_MERCHANT','UC_204_EXECUTE_PRIVILEGE',#CURRENT_TIMESTAMP#,0);
INSERT INTO MOB_UMGR_ROLE_PRIVILEGES (ID_ROLE,ID_PRIVILEGE,DAT_CREATION,ID_CUSTOMER_CREATION) VALUES ('STANDARD_MERCHANT','UC_204_MAKER_PRIVILEGE',#CURRENT_TIMESTAMP#,0);
INSERT INTO MOB_UMGR_ROLE_PRIVILEGES (ID_ROLE,ID_PRIVILEGE,DAT_CREATION,ID_CUSTOMER_CREATION) VALUES ('STANDARD_MERCHANT','UC_204_PAYEE_PRIVILEGE',#CURRENT_TIMESTAMP#,0);
INSERT INTO MOB_UMGR_ROLE_PRIVILEGES (ID_ROLE,ID_PRIVILEGE,DAT_CREATION,ID_CUSTOMER_CREATION) VALUES ('STANDARD_MERCHANT','UC_204_PAYER_PRIVILEGE',#CURRENT_TIMESTAMP#,0);
INSERT INTO MOB_UMGR_ROLE_PRIVILEGES (ID_ROLE,ID_PRIVILEGE,DAT_CREATION,ID_CUSTOMER_CREATION) VALUES ('STANDARD_MERCHANT','UC_205_CALLER_PARENT_PRIVILEGE',#CURRENT_TIMESTAMP#,0);
INSERT INTO MOB_UMGR_ROLE_PRIVILEGES (ID_ROLE,ID_PRIVILEGE,DAT_CREATION,ID_CUSTOMER_CREATION) VALUES ('STANDARD_MERCHANT','UC_205_CALLER_PRIVILEGE',#CURRENT_TIMESTAMP#,0);
INSERT INTO MOB_UMGR_ROLE_PRIVILEGES (ID_ROLE,ID_PRIVILEGE,DAT_CREATION,ID_CUSTOMER_CREATION) VALUES ('STANDARD_MERCHANT','UC_205_CALLER_SELF_PRIVILEGE',#CURRENT_TIMESTAMP#,0);
INSERT INTO MOB_UMGR_ROLE_PRIVILEGES (ID_ROLE,ID_PRIVILEGE,DAT_CREATION,ID_CUSTOMER_CREATION) VALUES ('STANDARD_MERCHANT','UC_205_CHECKER_PRIVILEGE',#CURRENT_TIMESTAMP#,0);
INSERT INTO MOB_UMGR_ROLE_PRIVILEGES (ID_ROLE,ID_PRIVILEGE,DAT_CREATION,ID_CUSTOMER_CREATION) VALUES ('STANDARD_MERCHANT','UC_205_EXECUTE_PRIVILEGE',#CURRENT_TIMESTAMP#,0);
INSERT INTO MOB_UMGR_ROLE_PRIVILEGES (ID_ROLE,ID_PRIVILEGE,DAT_CREATION,ID_CUSTOMER_CREATION) VALUES ('STANDARD_MERCHANT','UC_205_MAKER_PRIVILEGE',#CURRENT_TIMESTAMP#,0);
INSERT INTO MOB_UMGR_ROLE_PRIVILEGES (ID_ROLE,ID_PRIVILEGE,DAT_CREATION,ID_CUSTOMER_CREATION) VALUES ('STANDARD_MERCHANT','UC_205_PAYEE_PRIVILEGE',#CURRENT_TIMESTAMP#,0);
INSERT INTO MOB_UMGR_ROLE_PRIVILEGES (ID_ROLE,ID_PRIVILEGE,DAT_CREATION,ID_CUSTOMER_CREATION) VALUES ('STANDARD_MERCHANT','UC_205_PAYER_PRIVILEGE',#CURRENT_TIMESTAMP#,0);
INSERT INTO MOB_UMGR_ROLE_PRIVILEGES (ID_ROLE,ID_PRIVILEGE,DAT_CREATION,ID_CUSTOMER_CREATION) VALUES ('STANDARD_MERCHANT','UC_206_CALLER_PARENT_PRIVILEGE',#CURRENT_TIMESTAMP#,0);
INSERT INTO MOB_UMGR_ROLE_PRIVILEGES (ID_ROLE,ID_PRIVILEGE,DAT_CREATION,ID_CUSTOMER_CREATION) VALUES ('STANDARD_MERCHANT','UC_206_CALLER_PRIVILEGE',#CURRENT_TIMESTAMP#,0);
INSERT INTO MOB_UMGR_ROLE_PRIVILEGES (ID_ROLE,ID_PRIVILEGE,DAT_CREATION,ID_CUSTOMER_CREATION) VALUES ('STANDARD_MERCHANT','UC_206_CALLER_SELF_PRIVILEGE',#CURRENT_TIMESTAMP#,0);
INSERT INTO MOB_UMGR_ROLE_PRIVILEGES (ID_ROLE,ID_PRIVILEGE,DAT_CREATION,ID_CUSTOMER_CREATION) VALUES ('STANDARD_MERCHANT','UC_206_CHECKER_PRIVILEGE',#CURRENT_TIMESTAMP#,0);
INSERT INTO MOB_UMGR_ROLE_PRIVILEGES (ID_ROLE,ID_PRIVILEGE,DAT_CREATION,ID_CUSTOMER_CREATION) VALUES ('STANDARD_MERCHANT','UC_206_EXECUTE_PRIVILEGE',#CURRENT_TIMESTAMP#,0);
INSERT INTO MOB_UMGR_ROLE_PRIVILEGES (ID_ROLE,ID_PRIVILEGE,DAT_CREATION,ID_CUSTOMER_CREATION) VALUES ('STANDARD_MERCHANT','UC_206_MAKER_PRIVILEGE',#CURRENT_TIMESTAMP#,0);
INSERT INTO MOB_UMGR_ROLE_PRIVILEGES (ID_ROLE,ID_PRIVILEGE,DAT_CREATION,ID_CUSTOMER_CREATION) VALUES ('STANDARD_MERCHANT','UC_206_PAYEE_PRIVILEGE',#CURRENT_TIMESTAMP#,0);
INSERT INTO MOB_UMGR_ROLE_PRIVILEGES (ID_ROLE,ID_PRIVILEGE,DAT_CREATION,ID_CUSTOMER_CREATION) VALUES ('STANDARD_MERCHANT','UC_206_PAYER_PRIVILEGE',#CURRENT_TIMESTAMP#,0);
INSERT INTO MOB_UMGR_ROLE_PRIVILEGES (ID_ROLE,ID_PRIVILEGE,DAT_CREATION,ID_CUSTOMER_CREATION) VALUES ('SYSTEM','UC_150_CALLER_PRIVILEGE',#CURRENT_TIMESTAMP#,0);
INSERT INTO MOB_UMGR_ROLE_PRIVILEGES (ID_ROLE,ID_PRIVILEGE,DAT_CREATION,ID_CUSTOMER_CREATION) VALUES ('SYSTEM','UC_150_EXECUTE_PRIVILEGE',#CURRENT_TIMESTAMP#,0);
INSERT INTO MOB_UMGR_ROLE_PRIVILEGES (ID_ROLE,ID_PRIVILEGE,DAT_CREATION,ID_CUSTOMER_CREATION) VALUES ('SYSTEM','UC_160_CALLER_PRIVILEGE',#CURRENT_TIMESTAMP#,0);
INSERT INTO MOB_UMGR_ROLE_PRIVILEGES (ID_ROLE,ID_PRIVILEGE,DAT_CREATION,ID_CUSTOMER_CREATION) VALUES ('SYSTEM','UC_160_CALLER_SELF_PRIVILEGE',#CURRENT_TIMESTAMP#,0);
INSERT INTO MOB_UMGR_ROLE_PRIVILEGES (ID_ROLE,ID_PRIVILEGE,DAT_CREATION,ID_CUSTOMER_CREATION) VALUES ('SYSTEM','UC_160_EXECUTE_PRIVILEGE',#CURRENT_TIMESTAMP#,0);
INSERT INTO MOB_UMGR_ROLE_PRIVILEGES (ID_ROLE,ID_PRIVILEGE,DAT_CREATION,ID_CUSTOMER_CREATION) VALUES ('SYSTEM','UC_161_CALLER_PRIVILEGE',#CURRENT_TIMESTAMP#,0);
INSERT INTO MOB_UMGR_ROLE_PRIVILEGES (ID_ROLE,ID_PRIVILEGE,DAT_CREATION,ID_CUSTOMER_CREATION) VALUES ('SYSTEM','UC_161_CALLER_SELF_PRIVILEGE',#CURRENT_TIMESTAMP#,0);
INSERT INTO MOB_UMGR_ROLE_PRIVILEGES (ID_ROLE,ID_PRIVILEGE,DAT_CREATION,ID_CUSTOMER_CREATION) VALUES ('SYSTEM','UC_161_EXECUTE_PRIVILEGE',#CURRENT_TIMESTAMP#,0);
INSERT INTO MOB_UMGR_ROLE_PRIVILEGES (ID_ROLE,ID_PRIVILEGE,DAT_CREATION,ID_CUSTOMER_CREATION) VALUES ('SYSTEM','UC_171_CALLER_PRIVILEGE',#CURRENT_TIMESTAMP#,0);
INSERT INTO MOB_UMGR_ROLE_PRIVILEGES (ID_ROLE,ID_PRIVILEGE,DAT_CREATION,ID_CUSTOMER_CREATION) VALUES ('SYSTEM','UC_171_CALLER_SELF_PRIVILEGE',#CURRENT_TIMESTAMP#,0);
INSERT INTO MOB_UMGR_ROLE_PRIVILEGES (ID_ROLE,ID_PRIVILEGE,DAT_CREATION,ID_CUSTOMER_CREATION) VALUES ('SYSTEM','UC_171_EXECUTE_PRIVILEGE',#CURRENT_TIMESTAMP#,0);
INSERT INTO MOB_UMGR_ROLE_PRIVILEGES (ID_ROLE,ID_PRIVILEGE,DAT_CREATION,ID_CUSTOMER_CREATION) VALUES ('SYSTEM','UC_172_CALLER_PRIVILEGE',#CURRENT_TIMESTAMP#,0);
INSERT INTO MOB_UMGR_ROLE_PRIVILEGES (ID_ROLE,ID_PRIVILEGE,DAT_CREATION,ID_CUSTOMER_CREATION) VALUES ('SYSTEM','UC_172_CALLER_SELF_PRIVILEGE',#CURRENT_TIMESTAMP#,0);
INSERT INTO MOB_UMGR_ROLE_PRIVILEGES (ID_ROLE,ID_PRIVILEGE,DAT_CREATION,ID_CUSTOMER_CREATION) VALUES ('SYSTEM','UC_172_EXECUTE_PRIVILEGE',#CURRENT_TIMESTAMP#,0);
INSERT INTO MOB_UMGR_ROLE_PRIVILEGES (ID_ROLE,ID_PRIVILEGE,DAT_CREATION,ID_CUSTOMER_CREATION) VALUES ('SYSTEM','UC_173_CALLER_PRIVILEGE',#CURRENT_TIMESTAMP#,0);
INSERT INTO MOB_UMGR_ROLE_PRIVILEGES (ID_ROLE,ID_PRIVILEGE,DAT_CREATION,ID_CUSTOMER_CREATION) VALUES ('SYSTEM','UC_173_CALLER_SELF_PRIVILEGE',#CURRENT_TIMESTAMP#,0);
INSERT INTO MOB_UMGR_ROLE_PRIVILEGES (ID_ROLE,ID_PRIVILEGE,DAT_CREATION,ID_CUSTOMER_CREATION) VALUES ('SYSTEM','UC_173_EXECUTE_PRIVILEGE',#CURRENT_TIMESTAMP#,0);
INSERT INTO MOB_UMGR_ROLE_PRIVILEGES (ID_ROLE,ID_PRIVILEGE,DAT_CREATION,ID_CUSTOMER_CREATION) VALUES ('SYSTEM','UC_174_CALLER_PRIVILEGE',#CURRENT_TIMESTAMP#,0);
INSERT INTO MOB_UMGR_ROLE_PRIVILEGES (ID_ROLE,ID_PRIVILEGE,DAT_CREATION,ID_CUSTOMER_CREATION) VALUES ('SYSTEM','UC_174_CALLER_SELF_PRIVILEGE',#CURRENT_TIMESTAMP#,0);
INSERT INTO MOB_UMGR_ROLE_PRIVILEGES (ID_ROLE,ID_PRIVILEGE,DAT_CREATION,ID_CUSTOMER_CREATION) VALUES ('SYSTEM','UC_174_EXECUTE_PRIVILEGE',#CURRENT_TIMESTAMP#,0);
INSERT INTO MOB_UMGR_ROLE_PRIVILEGES (ID_ROLE,ID_PRIVILEGE,DAT_CREATION,ID_CUSTOMER_CREATION) VALUES ('SYSTEM','UC_175_CALLER_PRIVILEGE',#CURRENT_TIMESTAMP#,0);
INSERT INTO MOB_UMGR_ROLE_PRIVILEGES (ID_ROLE,ID_PRIVILEGE,DAT_CREATION,ID_CUSTOMER_CREATION) VALUES ('SYSTEM','UC_175_CALLER_SELF_PRIVILEGE',#CURRENT_TIMESTAMP#,0);
INSERT INTO MOB_UMGR_ROLE_PRIVILEGES (ID_ROLE,ID_PRIVILEGE,DAT_CREATION,ID_CUSTOMER_CREATION) VALUES ('SYSTEM','UC_175_EXECUTE_PRIVILEGE',#CURRENT_TIMESTAMP#,0);
INSERT INTO MOB_UMGR_ROLE_PRIVILEGES (ID_ROLE,ID_PRIVILEGE,DAT_CREATION,ID_CUSTOMER_CREATION) VALUES ('SYSTEM','UC_177_CALLER_PRIVILEGE',#CURRENT_TIMESTAMP#,0);
INSERT INTO MOB_UMGR_ROLE_PRIVILEGES (ID_ROLE,ID_PRIVILEGE,DAT_CREATION,ID_CUSTOMER_CREATION) VALUES ('SYSTEM','UC_177_EXECUTE_PRIVILEGE',#CURRENT_TIMESTAMP#,0);
INSERT INTO MOB_UMGR_ROLE_PRIVILEGES (ID_ROLE,ID_PRIVILEGE,DAT_CREATION,ID_CUSTOMER_CREATION) VALUES ('SYSTEM','UC_179_CALLER_PRIVILEGE',#CURRENT_TIMESTAMP#,0);
INSERT INTO MOB_UMGR_ROLE_PRIVILEGES (ID_ROLE,ID_PRIVILEGE,DAT_CREATION,ID_CUSTOMER_CREATION) VALUES ('SYSTEM','UC_179_CALLER_SELF_PRIVILEGE',#CURRENT_TIMESTAMP#,0);
INSERT INTO MOB_UMGR_ROLE_PRIVILEGES (ID_ROLE,ID_PRIVILEGE,DAT_CREATION,ID_CUSTOMER_CREATION) VALUES ('SYSTEM','UC_179_EXECUTE_PRIVILEGE',#CURRENT_TIMESTAMP#,0);
INSERT INTO MOB_UMGR_ROLE_PRIVILEGES (ID_ROLE,ID_PRIVILEGE,DAT_CREATION,ID_CUSTOMER_CREATION) VALUES ('SYSTEM','UC_184_CALLER_PRIVILEGE',#CURRENT_TIMESTAMP#,0);
INSERT INTO MOB_UMGR_ROLE_PRIVILEGES (ID_ROLE,ID_PRIVILEGE,DAT_CREATION,ID_CUSTOMER_CREATION) VALUES ('SYSTEM','UC_184_EXECUTE_PRIVILEGE',#CURRENT_TIMESTAMP#,0);
INSERT INTO MOB_UMGR_ROLE_PRIVILEGES (ID_ROLE,ID_PRIVILEGE,DAT_CREATION,ID_CUSTOMER_CREATION) VALUES ('SYSTEM','UC_186_CALLER_PRIVILEGE',#CURRENT_TIMESTAMP#,0);
INSERT INTO MOB_UMGR_ROLE_PRIVILEGES (ID_ROLE,ID_PRIVILEGE,DAT_CREATION,ID_CUSTOMER_CREATION) VALUES ('SYSTEM','UC_186_EXECUTE_PRIVILEGE',#CURRENT_TIMESTAMP#,0);
INSERT INTO MOB_UMGR_ROLE_PRIVILEGES (ID_ROLE,ID_PRIVILEGE,DAT_CREATION,ID_CUSTOMER_CREATION) VALUES ('SYSTEM','UC_191_CALLER_PRIVILEGE',#CURRENT_TIMESTAMP#,0);
INSERT INTO MOB_UMGR_ROLE_PRIVILEGES (ID_ROLE,ID_PRIVILEGE,DAT_CREATION,ID_CUSTOMER_CREATION) VALUES ('SYSTEM','UC_191_CALLER_SELF_PRIVILEGE',#CURRENT_TIMESTAMP#,0);
INSERT INTO MOB_UMGR_ROLE_PRIVILEGES (ID_ROLE,ID_PRIVILEGE,DAT_CREATION,ID_CUSTOMER_CREATION) VALUES ('SYSTEM','UC_191_EXECUTE_PRIVILEGE',#CURRENT_TIMESTAMP#,0);
INSERT INTO MOB_UMGR_ROLE_PRIVILEGES (ID_ROLE,ID_PRIVILEGE,DAT_CREATION,ID_CUSTOMER_CREATION) VALUES ('SYSTEM','UC_193_CALLER_PRIVILEGE',#CURRENT_TIMESTAMP#,0);
INSERT INTO MOB_UMGR_ROLE_PRIVILEGES (ID_ROLE,ID_PRIVILEGE,DAT_CREATION,ID_CUSTOMER_CREATION) VALUES ('SYSTEM','UC_193_CALLER_SELF_PRIVILEGE',#CURRENT_TIMESTAMP#,0);
INSERT INTO MOB_UMGR_ROLE_PRIVILEGES (ID_ROLE,ID_PRIVILEGE,DAT_CREATION,ID_CUSTOMER_CREATION) VALUES ('SYSTEM','UC_193_EXECUTE_PRIVILEGE',#CURRENT_TIMESTAMP#,0);
INSERT INTO MOB_UMGR_ROLE_PRIVILEGES (ID_ROLE,ID_PRIVILEGE,DAT_CREATION,ID_CUSTOMER_CREATION) VALUES ('SYSTEM','UC_194_CALLER_PRIVILEGE',#CURRENT_TIMESTAMP#,0);
INSERT INTO MOB_UMGR_ROLE_PRIVILEGES (ID_ROLE,ID_PRIVILEGE,DAT_CREATION,ID_CUSTOMER_CREATION) VALUES ('SYSTEM','UC_194_CALLER_SELF_PRIVILEGE',#CURRENT_TIMESTAMP#,0);
INSERT INTO MOB_UMGR_ROLE_PRIVILEGES (ID_ROLE,ID_PRIVILEGE,DAT_CREATION,ID_CUSTOMER_CREATION) VALUES ('SYSTEM','UC_194_EXECUTE_PRIVILEGE',#CURRENT_TIMESTAMP#,0);
INSERT INTO MOB_UMGR_ROLE_PRIVILEGES (ID_ROLE,ID_PRIVILEGE,DAT_CREATION,ID_CUSTOMER_CREATION) VALUES ('SYSTEM','UC_195_CALLER_PRIVILEGE',#CURRENT_TIMESTAMP#,0);
INSERT INTO MOB_UMGR_ROLE_PRIVILEGES (ID_ROLE,ID_PRIVILEGE,DAT_CREATION,ID_CUSTOMER_CREATION) VALUES ('SYSTEM','UC_195_EXECUTE_PRIVILEGE',#CURRENT_TIMESTAMP#,0);
INSERT INTO MOB_UMGR_ROLE_PRIVILEGES (ID_ROLE,ID_PRIVILEGE,DAT_CREATION,ID_CUSTOMER_CREATION) VALUES ('SYSTEM','UC_197_CALLER_PRIVILEGE',#CURRENT_TIMESTAMP#,0);
INSERT INTO MOB_UMGR_ROLE_PRIVILEGES (ID_ROLE,ID_PRIVILEGE,DAT_CREATION,ID_CUSTOMER_CREATION) VALUES ('SYSTEM','UC_197_EXECUTE_PRIVILEGE',#CURRENT_TIMESTAMP#,0);
INSERT INTO MOB_UMGR_ROLE_PRIVILEGES (ID_ROLE,ID_PRIVILEGE,DAT_CREATION,ID_CUSTOMER_CREATION) VALUES ('SYSTEM','UC_198_CALLER_PRIVILEGE',#CURRENT_TIMESTAMP#,0);
INSERT INTO MOB_UMGR_ROLE_PRIVILEGES (ID_ROLE,ID_PRIVILEGE,DAT_CREATION,ID_CUSTOMER_CREATION) VALUES ('SYSTEM','UC_198_EXECUTE_PRIVILEGE',#CURRENT_TIMESTAMP#,0);
INSERT INTO MOB_UMGR_ROLE_PRIVILEGES (ID_ROLE,ID_PRIVILEGE,DAT_CREATION,ID_CUSTOMER_CREATION) VALUES ('SYSTEM','UC_199_CALLER_PRIVILEGE',#CURRENT_TIMESTAMP#,0);
INSERT INTO MOB_UMGR_ROLE_PRIVILEGES (ID_ROLE,ID_PRIVILEGE,DAT_CREATION,ID_CUSTOMER_CREATION) VALUES ('SYSTEM','UC_199_EXECUTE_PRIVILEGE',#CURRENT_TIMESTAMP#,0);
INSERT INTO MOB_UMGR_ROLE_PRIVILEGES (ID_ROLE,ID_PRIVILEGE,DAT_CREATION,ID_CUSTOMER_CREATION) VALUES ('SYSTEM','UC_201_CALLER_PRIVILEGE',#CURRENT_TIMESTAMP#,0);
INSERT INTO MOB_UMGR_ROLE_PRIVILEGES (ID_ROLE,ID_PRIVILEGE,DAT_CREATION,ID_CUSTOMER_CREATION) VALUES ('SYSTEM','UC_201_EXECUTE_PRIVILEGE',#CURRENT_TIMESTAMP#,0);
INSERT INTO MOB_UMGR_ROLE_PRIVILEGES (ID_ROLE,ID_PRIVILEGE,DAT_CREATION,ID_CUSTOMER_CREATION) VALUES ('SYSTEM','UC_202_CALLER_PRIVILEGE',#CURRENT_TIMESTAMP#,0);
INSERT INTO MOB_UMGR_ROLE_PRIVILEGES (ID_ROLE,ID_PRIVILEGE,DAT_CREATION,ID_CUSTOMER_CREATION) VALUES ('SYSTEM','UC_202_CALLER_SELF_PRIVILEGE',#CURRENT_TIMESTAMP#,0);
INSERT INTO MOB_UMGR_ROLE_PRIVILEGES (ID_ROLE,ID_PRIVILEGE,DAT_CREATION,ID_CUSTOMER_CREATION) VALUES ('SYSTEM','UC_202_EXECUTE_PRIVILEGE',#CURRENT_TIMESTAMP#,0);
INSERT INTO MOB_UMGR_ROLE_PRIVILEGES (ID_ROLE,ID_PRIVILEGE,DAT_CREATION,ID_CUSTOMER_CREATION) VALUES ('SYSTEM','UC_203_CALLER_PARENT_PRIVILEGE',#CURRENT_TIMESTAMP#,0);
INSERT INTO MOB_UMGR_ROLE_PRIVILEGES (ID_ROLE,ID_PRIVILEGE,DAT_CREATION,ID_CUSTOMER_CREATION) VALUES ('SYSTEM','UC_203_CALLER_PRIVILEGE',#CURRENT_TIMESTAMP#,0);
INSERT INTO MOB_UMGR_ROLE_PRIVILEGES (ID_ROLE,ID_PRIVILEGE,DAT_CREATION,ID_CUSTOMER_CREATION) VALUES ('SYSTEM','UC_203_CALLER_SELF_PRIVILEGE',#CURRENT_TIMESTAMP#,0);
INSERT INTO MOB_UMGR_ROLE_PRIVILEGES (ID_ROLE,ID_PRIVILEGE,DAT_CREATION,ID_CUSTOMER_CREATION) VALUES ('SYSTEM','UC_203_CHECKER_PRIVILEGE',#CURRENT_TIMESTAMP#,0);
INSERT INTO MOB_UMGR_ROLE_PRIVILEGES (ID_ROLE,ID_PRIVILEGE,DAT_CREATION,ID_CUSTOMER_CREATION) VALUES ('SYSTEM','UC_203_EXECUTE_PRIVILEGE',#CURRENT_TIMESTAMP#,0);
INSERT INTO MOB_UMGR_ROLE_PRIVILEGES (ID_ROLE,ID_PRIVILEGE,DAT_CREATION,ID_CUSTOMER_CREATION) VALUES ('SYSTEM','UC_203_MAKER_PRIVILEGE',#CURRENT_TIMESTAMP#,0);
INSERT INTO MOB_UMGR_ROLE_PRIVILEGES (ID_ROLE,ID_PRIVILEGE,DAT_CREATION,ID_CUSTOMER_CREATION) VALUES ('SYSTEM','UC_203_PAYEE_PRIVILEGE',#CURRENT_TIMESTAMP#,0);
INSERT INTO MOB_UMGR_ROLE_PRIVILEGES (ID_ROLE,ID_PRIVILEGE,DAT_CREATION,ID_CUSTOMER_CREATION) VALUES ('SYSTEM','UC_203_PAYER_PRIVILEGE',#CURRENT_TIMESTAMP#,0);
INSERT INTO MOB_UMGR_ROLE_PRIVILEGES (ID_ROLE,ID_PRIVILEGE,DAT_CREATION,ID_CUSTOMER_CREATION) VALUES ('SYSTEM','UC_204_CALLER_PARENT_PRIVILEGE',#CURRENT_TIMESTAMP#,0);
INSERT INTO MOB_UMGR_ROLE_PRIVILEGES (ID_ROLE,ID_PRIVILEGE,DAT_CREATION,ID_CUSTOMER_CREATION) VALUES ('SYSTEM','UC_204_CALLER_PRIVILEGE',#CURRENT_TIMESTAMP#,0);
INSERT INTO MOB_UMGR_ROLE_PRIVILEGES (ID_ROLE,ID_PRIVILEGE,DAT_CREATION,ID_CUSTOMER_CREATION) VALUES ('SYSTEM','UC_204_CALLER_SELF_PRIVILEGE',#CURRENT_TIMESTAMP#,0);
INSERT INTO MOB_UMGR_ROLE_PRIVILEGES (ID_ROLE,ID_PRIVILEGE,DAT_CREATION,ID_CUSTOMER_CREATION) VALUES ('SYSTEM','UC_204_CHECKER_PRIVILEGE',#CURRENT_TIMESTAMP#,0);
INSERT INTO MOB_UMGR_ROLE_PRIVILEGES (ID_ROLE,ID_PRIVILEGE,DAT_CREATION,ID_CUSTOMER_CREATION) VALUES ('SYSTEM','UC_204_EXECUTE_PRIVILEGE',#CURRENT_TIMESTAMP#,0);
INSERT INTO MOB_UMGR_ROLE_PRIVILEGES (ID_ROLE,ID_PRIVILEGE,DAT_CREATION,ID_CUSTOMER_CREATION) VALUES ('SYSTEM','UC_204_MAKER_PRIVILEGE',#CURRENT_TIMESTAMP#,0);
INSERT INTO MOB_UMGR_ROLE_PRIVILEGES (ID_ROLE,ID_PRIVILEGE,DAT_CREATION,ID_CUSTOMER_CREATION) VALUES ('SYSTEM','UC_204_PAYEE_PRIVILEGE',#CURRENT_TIMESTAMP#,0);
INSERT INTO MOB_UMGR_ROLE_PRIVILEGES (ID_ROLE,ID_PRIVILEGE,DAT_CREATION,ID_CUSTOMER_CREATION) VALUES ('SYSTEM','UC_204_PAYER_PRIVILEGE',#CURRENT_TIMESTAMP#,0);
INSERT INTO MOB_UMGR_ROLE_PRIVILEGES (ID_ROLE,ID_PRIVILEGE,DAT_CREATION,ID_CUSTOMER_CREATION) VALUES ('SYSTEM','UC_205_CALLER_PARENT_PRIVILEGE',#CURRENT_TIMESTAMP#,0);
INSERT INTO MOB_UMGR_ROLE_PRIVILEGES (ID_ROLE,ID_PRIVILEGE,DAT_CREATION,ID_CUSTOMER_CREATION) VALUES ('SYSTEM','UC_205_CALLER_PRIVILEGE',#CURRENT_TIMESTAMP#,0);
INSERT INTO MOB_UMGR_ROLE_PRIVILEGES (ID_ROLE,ID_PRIVILEGE,DAT_CREATION,ID_CUSTOMER_CREATION) VALUES ('SYSTEM','UC_205_CALLER_SELF_PRIVILEGE',#CURRENT_TIMESTAMP#,0);
INSERT INTO MOB_UMGR_ROLE_PRIVILEGES (ID_ROLE,ID_PRIVILEGE,DAT_CREATION,ID_CUSTOMER_CREATION) VALUES ('SYSTEM','UC_205_CHECKER_PRIVILEGE',#CURRENT_TIMESTAMP#,0);
INSERT INTO MOB_UMGR_ROLE_PRIVILEGES (ID_ROLE,ID_PRIVILEGE,DAT_CREATION,ID_CUSTOMER_CREATION) VALUES ('SYSTEM','UC_205_EXECUTE_PRIVILEGE',#CURRENT_TIMESTAMP#,0);
INSERT INTO MOB_UMGR_ROLE_PRIVILEGES (ID_ROLE,ID_PRIVILEGE,DAT_CREATION,ID_CUSTOMER_CREATION) VALUES ('SYSTEM','UC_205_MAKER_PRIVILEGE',#CURRENT_TIMESTAMP#,0);
INSERT INTO MOB_UMGR_ROLE_PRIVILEGES (ID_ROLE,ID_PRIVILEGE,DAT_CREATION,ID_CUSTOMER_CREATION) VALUES ('SYSTEM','UC_205_PAYEE_PRIVILEGE',#CURRENT_TIMESTAMP#,0);
INSERT INTO MOB_UMGR_ROLE_PRIVILEGES (ID_ROLE,ID_PRIVILEGE,DAT_CREATION,ID_CUSTOMER_CREATION) VALUES ('SYSTEM','UC_205_PAYER_PRIVILEGE',#CURRENT_TIMESTAMP#,0);
INSERT INTO MOB_UMGR_ROLE_PRIVILEGES (ID_ROLE,ID_PRIVILEGE,DAT_CREATION,ID_CUSTOMER_CREATION) VALUES ('SYSTEM','UC_206_CALLER_PARENT_PRIVILEGE',#CURRENT_TIMESTAMP#,0);
INSERT INTO MOB_UMGR_ROLE_PRIVILEGES (ID_ROLE,ID_PRIVILEGE,DAT_CREATION,ID_CUSTOMER_CREATION) VALUES ('SYSTEM','UC_206_CALLER_PRIVILEGE',#CURRENT_TIMESTAMP#,0);
INSERT INTO MOB_UMGR_ROLE_PRIVILEGES (ID_ROLE,ID_PRIVILEGE,DAT_CREATION,ID_CUSTOMER_CREATION) VALUES ('SYSTEM','UC_206_CALLER_SELF_PRIVILEGE',#CURRENT_TIMESTAMP#,0);
INSERT INTO MOB_UMGR_ROLE_PRIVILEGES (ID_ROLE,ID_PRIVILEGE,DAT_CREATION,ID_CUSTOMER_CREATION) VALUES ('SYSTEM','UC_206_CHECKER_PRIVILEGE',#CURRENT_TIMESTAMP#,0);
INSERT INTO MOB_UMGR_ROLE_PRIVILEGES (ID_ROLE,ID_PRIVILEGE,DAT_CREATION,ID_CUSTOMER_CREATION) VALUES ('SYSTEM','UC_206_EXECUTE_PRIVILEGE',#CURRENT_TIMESTAMP#,0);
INSERT INTO MOB_UMGR_ROLE_PRIVILEGES (ID_ROLE,ID_PRIVILEGE,DAT_CREATION,ID_CUSTOMER_CREATION) VALUES ('SYSTEM','UC_206_MAKER_PRIVILEGE',#CURRENT_TIMESTAMP#,0);
INSERT INTO MOB_UMGR_ROLE_PRIVILEGES (ID_ROLE,ID_PRIVILEGE,DAT_CREATION,ID_CUSTOMER_CREATION) VALUES ('SYSTEM','UC_206_PAYEE_PRIVILEGE',#CURRENT_TIMESTAMP#,0);
INSERT INTO MOB_UMGR_ROLE_PRIVILEGES (ID_ROLE,ID_PRIVILEGE,DAT_CREATION,ID_CUSTOMER_CREATION) VALUES ('SYSTEM','UC_206_PAYER_PRIVILEGE',#CURRENT_TIMESTAMP#,0);
INSERT INTO MOB_UMGR_ROLE_PRIVILEGES (ID_ROLE,ID_PRIVILEGE,DAT_CREATION,ID_CUSTOMER_CREATION) VALUES ('TXN_FULL','UC_201_PAYER_PRIVILEGE',#CURRENT_TIMESTAMP#,0);


-- INSERTING into MOB_UMGR_USER_ROLES
INSERT INTO MOB_UMGR_USER_ROLES (ID_ENTITY,ID_CUSTOMER,BOL_GRANT_OPTION,ID_ROLE,DAT_CREATION,ID_CUSTOMER_CREATION) VALUES (#SEQ_VAL# * 50,100,'N','PREFS_FULL',#CURRENT_TIMESTAMP#,0);
INSERT INTO MOB_UMGR_USER_ROLES (ID_ENTITY,ID_CUSTOMER,BOL_GRANT_OPTION,ID_ROLE,DAT_CREATION,ID_CUSTOMER_CREATION) VALUES (#SEQ_VAL# * 50,100,'N','SYSTEM',#CURRENT_TIMESTAMP#,0);
INSERT INTO MOB_UMGR_USER_ROLES (ID_ENTITY,ID_CUSTOMER,BOL_GRANT_OPTION,ID_ROLE,DAT_CREATION,ID_CUSTOMER_CREATION) VALUES (#SEQ_VAL# * 50,100,'N','TXN_FULL',#CURRENT_TIMESTAMP#,0);
INSERT INTO MOB_UMGR_USER_ROLES (ID_ENTITY,ID_CUSTOMER,BOL_GRANT_OPTION,ID_ROLE,DAT_CREATION,ID_CUSTOMER_CREATION) VALUES (#SEQ_VAL# * 50,101,'Y','UMGRMGR_FULL',#CURRENT_TIMESTAMP#,0);
INSERT INTO MOB_UMGR_USER_ROLES (ID_ENTITY,ID_CUSTOMER,BOL_GRANT_OPTION,ID_ROLE,DAT_CREATION,ID_CUSTOMER_CREATION) VALUES (#SEQ_VAL# * 50,102,'Y','CST_FULL',#CURRENT_TIMESTAMP#,0);
INSERT INTO MOB_UMGR_USER_ROLES (ID_ENTITY,ID_CUSTOMER,BOL_GRANT_OPTION,ID_ROLE,DAT_CREATION,ID_CUSTOMER_CREATION) VALUES (#SEQ_VAL# * 50,102,'Y','NOTIFMGR_FULL',#CURRENT_TIMESTAMP#,0);
INSERT INTO MOB_UMGR_USER_ROLES (ID_ENTITY,ID_CUSTOMER,BOL_GRANT_OPTION,ID_ROLE,DAT_CREATION,ID_CUSTOMER_CREATION) VALUES (#SEQ_VAL# * 50,104,'N','OPSMGR_FULL',#CURRENT_TIMESTAMP#,0);
INSERT INTO MOB_UMGR_USER_ROLES (ID_ENTITY,ID_CUSTOMER,BOL_GRANT_OPTION,ID_ROLE,DAT_CREATION,ID_CUSTOMER_CREATION) VALUES (#SEQ_VAL# * 50,105,'Y','NOTIFMGR_FULL',#CURRENT_TIMESTAMP#,0);
INSERT INTO MOB_UMGR_USER_ROLES (ID_ENTITY,ID_CUSTOMER,BOL_GRANT_OPTION,ID_ROLE,DAT_CREATION,ID_CUSTOMER_CREATION) VALUES (#SEQ_VAL# * 50,108,'N','PREFS_READ',#CURRENT_TIMESTAMP#,0);
INSERT INTO MOB_UMGR_USER_ROLES (ID_ENTITY,ID_CUSTOMER,BOL_GRANT_OPTION,ID_ROLE,DAT_CREATION,ID_CUSTOMER_CREATION) VALUES (#SEQ_VAL# * 50,109,'Y','CST_1STLEVEL',#CURRENT_TIMESTAMP#,0);
INSERT INTO MOB_UMGR_USER_ROLES (ID_ENTITY,ID_CUSTOMER,BOL_GRANT_OPTION,ID_ROLE,DAT_CREATION,ID_CUSTOMER_CREATION) VALUES (#SEQ_VAL# * 50,203,'Y','DEFAULT_MONEY_DEALER',#CURRENT_TIMESTAMP#,0);
INSERT INTO MOB_UMGR_USER_ROLES (ID_ENTITY,ID_CUSTOMER,BOL_GRANT_OPTION,ID_ROLE,DAT_CREATION,ID_CUSTOMER_CREATION) VALUES (#SEQ_VAL# * 50,203,'Y','DEFAULT_MONEY_HEADQUARTER',#CURRENT_TIMESTAMP#,0);
INSERT INTO MOB_UMGR_USER_ROLES (ID_ENTITY,ID_CUSTOMER,BOL_GRANT_OPTION,ID_ROLE,DAT_CREATION,ID_CUSTOMER_CREATION) VALUES (#SEQ_VAL# * 50,203,'Y','STANDARD_MERCHANT',#CURRENT_TIMESTAMP#,0);
INSERT INTO MOB_UMGR_USER_ROLES (ID_ENTITY,ID_CUSTOMER,BOL_GRANT_OPTION,ID_ROLE,DAT_CREATION,ID_CUSTOMER_CREATION) VALUES (#SEQ_VAL# * 50,203,'Y','STANDARD_MERCHANT_AGENT',#CURRENT_TIMESTAMP#,0);
INSERT INTO MOB_UMGR_USER_ROLES (ID_ENTITY,ID_CUSTOMER,BOL_GRANT_OPTION,ID_ROLE,DAT_CREATION,ID_CUSTOMER_CREATION) VALUES (#SEQ_VAL# * 50,301,'N','SYSTEM',#CURRENT_TIMESTAMP#,0);

-- INSERTING into MOB_UMGR_USER_PRIVILEGES
-- cstfull user privileges
INSERT INTO MOB_UMGR_USER_PRIVILEGES (ID_ENTITY,ID_CUSTOMER,BOL_GRANT_OPTION,ID_PRIVILEGE,DAT_CREATION,ID_CUSTOMER_CREATION) VALUES (#SEQ_VAL# * 50,101,'Y','UI_CST_CREATE_AGENT',#CURRENT_TIMESTAMP#,0);
INSERT INTO MOB_UMGR_USER_PRIVILEGES (ID_ENTITY,ID_CUSTOMER,BOL_GRANT_OPTION,ID_PRIVILEGE,DAT_CREATION,ID_CUSTOMER_CREATION) VALUES (#SEQ_VAL# * 50,101,'Y','UI_CST_EDIT_AGENT',#CURRENT_TIMESTAMP#,0);
INSERT INTO MOB_UMGR_USER_PRIVILEGES (ID_ENTITY,ID_CUSTOMER,BOL_GRANT_OPTION,ID_PRIVILEGE,DAT_CREATION,ID_CUSTOMER_CREATION) VALUES (#SEQ_VAL# * 50,101,'Y','UI_CST_FIND_AGENT',#CURRENT_TIMESTAMP#,0);
INSERT INTO MOB_UMGR_USER_PRIVILEGES (ID_ENTITY,ID_CUSTOMER,BOL_GRANT_OPTION,ID_PRIVILEGE,DAT_CREATION,ID_CUSTOMER_CREATION) VALUES (#SEQ_VAL# * 50,101,'Y','UI_CST_LOGIN',#CURRENT_TIMESTAMP#,0);
INSERT INTO MOB_UMGR_USER_PRIVILEGES (ID_ENTITY,ID_CUSTOMER,BOL_GRANT_OPTION,ID_PRIVILEGE,DAT_CREATION,ID_CUSTOMER_CREATION) VALUES (#SEQ_VAL# * 50,102,'Y','CUSTOMER_WILDCARD_SEARCH',#CURRENT_TIMESTAMP#,0);
INSERT INTO MOB_UMGR_USER_PRIVILEGES (ID_ENTITY,ID_CUSTOMER,BOL_GRANT_OPTION,ID_PRIVILEGE,DAT_CREATION,ID_CUSTOMER_CREATION) VALUES (#SEQ_VAL# * 50,102,'Y','UI_CST_AGENT_TXN_READ',#CURRENT_TIMESTAMP#,0);
INSERT INTO MOB_UMGR_USER_PRIVILEGES (ID_ENTITY,ID_CUSTOMER,BOL_GRANT_OPTION,ID_PRIVILEGE,DAT_CREATION,ID_CUSTOMER_CREATION) VALUES (#SEQ_VAL# * 50,102,'Y','UI_CST_AUDIT_LOGS',#CURRENT_TIMESTAMP#,0);
INSERT INTO MOB_UMGR_USER_PRIVILEGES (ID_ENTITY,ID_CUSTOMER,BOL_GRANT_OPTION,ID_PRIVILEGE,DAT_CREATION,ID_CUSTOMER_CREATION) VALUES (#SEQ_VAL# * 50,102,'Y','UI_CST_CONFIGURATION',#CURRENT_TIMESTAMP#,0);
INSERT INTO MOB_UMGR_USER_PRIVILEGES (ID_ENTITY,ID_CUSTOMER,BOL_GRANT_OPTION,ID_PRIVILEGE,DAT_CREATION,ID_CUSTOMER_CREATION) VALUES (#SEQ_VAL# * 50,102,'Y','UI_CST_COUPON',#CURRENT_TIMESTAMP#,0);
INSERT INTO MOB_UMGR_USER_PRIVILEGES (ID_ENTITY,ID_CUSTOMER,BOL_GRANT_OPTION,ID_PRIVILEGE,DAT_CREATION,ID_CUSTOMER_CREATION) VALUES (#SEQ_VAL# * 50,102,'Y','UI_CST_CREATE_AGENT',#CURRENT_TIMESTAMP#,0);
INSERT INTO MOB_UMGR_USER_PRIVILEGES (ID_ENTITY,ID_CUSTOMER,BOL_GRANT_OPTION,ID_PRIVILEGE,DAT_CREATION,ID_CUSTOMER_CREATION) VALUES (#SEQ_VAL# * 50,102,'Y','UI_CST_CREATE_CUSTOMER',#CURRENT_TIMESTAMP#,0);
INSERT INTO MOB_UMGR_USER_PRIVILEGES (ID_ENTITY,ID_CUSTOMER,BOL_GRANT_OPTION,ID_PRIVILEGE,DAT_CREATION,ID_CUSTOMER_CREATION) VALUES (#SEQ_VAL# * 50,102,'Y','UI_CST_CREDIT_CUSTOMER_SVA',#CURRENT_TIMESTAMP#,0);
INSERT INTO MOB_UMGR_USER_PRIVILEGES (ID_ENTITY,ID_CUSTOMER,BOL_GRANT_OPTION,ID_PRIVILEGE,DAT_CREATION,ID_CUSTOMER_CREATION) VALUES (#SEQ_VAL# * 50,102,'Y','UI_CST_CRED_CHANGE',#CURRENT_TIMESTAMP#,0);
INSERT INTO MOB_UMGR_USER_PRIVILEGES (ID_ENTITY,ID_CUSTOMER,BOL_GRANT_OPTION,ID_PRIVILEGE,DAT_CREATION,ID_CUSTOMER_CREATION) VALUES (#SEQ_VAL# * 50,102,'Y','UI_CST_CUSTOMER_BALANCE_ALERT',#CURRENT_TIMESTAMP#,0);
INSERT INTO MOB_UMGR_USER_PRIVILEGES (ID_ENTITY,ID_CUSTOMER,BOL_GRANT_OPTION,ID_PRIVILEGE,DAT_CREATION,ID_CUSTOMER_CREATION) VALUES (#SEQ_VAL# * 50,102,'Y','UI_CST_CUSTOMER_BLACKLIST',#CURRENT_TIMESTAMP#,0);
INSERT INTO MOB_UMGR_USER_PRIVILEGES (ID_ENTITY,ID_CUSTOMER,BOL_GRANT_OPTION,ID_PRIVILEGE,DAT_CREATION,ID_CUSTOMER_CREATION) VALUES (#SEQ_VAL# * 50,102,'Y','UI_CST_CUSTOMER_CANCEL',#CURRENT_TIMESTAMP#,0);
INSERT INTO MOB_UMGR_USER_PRIVILEGES (ID_ENTITY,ID_CUSTOMER,BOL_GRANT_OPTION,ID_PRIVILEGE,DAT_CREATION,ID_CUSTOMER_CREATION) VALUES (#SEQ_VAL# * 50,102,'Y','UI_CST_CUSTOMER_PINCALL',#CURRENT_TIMESTAMP#,0);
INSERT INTO MOB_UMGR_USER_PRIVILEGES (ID_ENTITY,ID_CUSTOMER,BOL_GRANT_OPTION,ID_PRIVILEGE,DAT_CREATION,ID_CUSTOMER_CREATION) VALUES (#SEQ_VAL# * 50,102,'Y','UI_CST_CUSTOMER_READ',#CURRENT_TIMESTAMP#,0);
INSERT INTO MOB_UMGR_USER_PRIVILEGES (ID_ENTITY,ID_CUSTOMER,BOL_GRANT_OPTION,ID_PRIVILEGE,DAT_CREATION,ID_CUSTOMER_CREATION) VALUES (#SEQ_VAL# * 50,102,'Y','UI_CST_CUSTOMER_RESETPASSWORD',#CURRENT_TIMESTAMP#,0);
INSERT INTO MOB_UMGR_USER_PRIVILEGES (ID_ENTITY,ID_CUSTOMER,BOL_GRANT_OPTION,ID_PRIVILEGE,DAT_CREATION,ID_CUSTOMER_CREATION) VALUES (#SEQ_VAL# * 50,102,'Y','UI_CST_CUSTOMER_WRITE',#CURRENT_TIMESTAMP#,0);
INSERT INTO MOB_UMGR_USER_PRIVILEGES (ID_ENTITY,ID_CUSTOMER,BOL_GRANT_OPTION,ID_PRIVILEGE,DAT_CREATION,ID_CUSTOMER_CREATION) VALUES (#SEQ_VAL# * 50,102,'Y','UI_CST_DEBIT_CUSTOMER_SVA',#CURRENT_TIMESTAMP#,0);
INSERT INTO MOB_UMGR_USER_PRIVILEGES (ID_ENTITY,ID_CUSTOMER,BOL_GRANT_OPTION,ID_PRIVILEGE,DAT_CREATION,ID_CUSTOMER_CREATION) VALUES (#SEQ_VAL# * 50,102,'Y','UI_CST_EDIT_AGENT',#CURRENT_TIMESTAMP#,0);
INSERT INTO MOB_UMGR_USER_PRIVILEGES (ID_ENTITY,ID_CUSTOMER,BOL_GRANT_OPTION,ID_PRIVILEGE,DAT_CREATION,ID_CUSTOMER_CREATION) VALUES (#SEQ_VAL# * 50,102,'Y','UI_CST_EDIT_RESTRICTIONS',#CURRENT_TIMESTAMP#,0);
INSERT INTO MOB_UMGR_USER_PRIVILEGES (ID_ENTITY,ID_CUSTOMER,BOL_GRANT_OPTION,ID_PRIVILEGE,DAT_CREATION,ID_CUSTOMER_CREATION) VALUES (#SEQ_VAL# * 50,102,'Y','UI_CST_FEE_CONFIGURATION',#CURRENT_TIMESTAMP#,0);
INSERT INTO MOB_UMGR_USER_PRIVILEGES (ID_ENTITY,ID_CUSTOMER,BOL_GRANT_OPTION,ID_PRIVILEGE,DAT_CREATION,ID_CUSTOMER_CREATION) VALUES (#SEQ_VAL# * 50,102,'Y','UI_CST_FIND_AGENT',#CURRENT_TIMESTAMP#,0);
INSERT INTO MOB_UMGR_USER_PRIVILEGES (ID_ENTITY,ID_CUSTOMER,BOL_GRANT_OPTION,ID_PRIVILEGE,DAT_CREATION,ID_CUSTOMER_CREATION) VALUES (#SEQ_VAL# * 50,102,'Y','UI_CST_FOREX_READ',#CURRENT_TIMESTAMP#,0);
INSERT INTO MOB_UMGR_USER_PRIVILEGES (ID_ENTITY,ID_CUSTOMER,BOL_GRANT_OPTION,ID_PRIVILEGE,DAT_CREATION,ID_CUSTOMER_CREATION) VALUES (#SEQ_VAL# * 50,102,'Y','UI_CST_FOREX_WRITE',#CURRENT_TIMESTAMP#,0);
INSERT INTO MOB_UMGR_USER_PRIVILEGES (ID_ENTITY,ID_CUSTOMER,BOL_GRANT_OPTION,ID_PRIVILEGE,DAT_CREATION,ID_CUSTOMER_CREATION) VALUES (#SEQ_VAL# * 50,102,'Y','UI_CST_LIMITS',#CURRENT_TIMESTAMP#,0);
INSERT INTO MOB_UMGR_USER_PRIVILEGES (ID_ENTITY,ID_CUSTOMER,BOL_GRANT_OPTION,ID_PRIVILEGE,DAT_CREATION,ID_CUSTOMER_CREATION) VALUES (#SEQ_VAL# * 50,102,'Y','UI_CST_LOGIN',#CURRENT_TIMESTAMP#,0);
INSERT INTO MOB_UMGR_USER_PRIVILEGES (ID_ENTITY,ID_CUSTOMER,BOL_GRANT_OPTION,ID_PRIVILEGE,DAT_CREATION,ID_CUSTOMER_CREATION) VALUES (#SEQ_VAL# * 50,102,'Y','UI_CST_NOTE_READ',#CURRENT_TIMESTAMP#,0);
INSERT INTO MOB_UMGR_USER_PRIVILEGES (ID_ENTITY,ID_CUSTOMER,BOL_GRANT_OPTION,ID_PRIVILEGE,DAT_CREATION,ID_CUSTOMER_CREATION) VALUES (#SEQ_VAL# * 50,102,'Y','UI_CST_NOTIFMGR_READ',#CURRENT_TIMESTAMP#,0);
INSERT INTO MOB_UMGR_USER_PRIVILEGES (ID_ENTITY,ID_CUSTOMER,BOL_GRANT_OPTION,ID_PRIVILEGE,DAT_CREATION,ID_CUSTOMER_CREATION) VALUES (#SEQ_VAL# * 50,102,'Y','UI_CST_NOTIFMGR_WRITE',#CURRENT_TIMESTAMP#,0);
INSERT INTO MOB_UMGR_USER_PRIVILEGES (ID_ENTITY,ID_CUSTOMER,BOL_GRANT_OPTION,ID_PRIVILEGE,DAT_CREATION,ID_CUSTOMER_CREATION) VALUES (#SEQ_VAL# * 50,102,'Y','UI_CST_READ_INVOICE',#CURRENT_TIMESTAMP#,0);
INSERT INTO MOB_UMGR_USER_PRIVILEGES (ID_ENTITY,ID_CUSTOMER,BOL_GRANT_OPTION,ID_PRIVILEGE,DAT_CREATION,ID_CUSTOMER_CREATION) VALUES (#SEQ_VAL# * 50,102,'Y','UI_CST_SMS_TRAFFIC',#CURRENT_TIMESTAMP#,0);
INSERT INTO MOB_UMGR_USER_PRIVILEGES (ID_ENTITY,ID_CUSTOMER,BOL_GRANT_OPTION,ID_PRIVILEGE,DAT_CREATION,ID_CUSTOMER_CREATION) VALUES (#SEQ_VAL# * 50,102,'Y','UI_CST_TRANSACTION_READ',#CURRENT_TIMESTAMP#,0);
INSERT INTO MOB_UMGR_USER_PRIVILEGES (ID_ENTITY,ID_CUSTOMER,BOL_GRANT_OPTION,ID_PRIVILEGE,DAT_CREATION,ID_CUSTOMER_CREATION) VALUES (#SEQ_VAL# * 50,102,'Y','UI_CST_WRITE_INVOICE',#CURRENT_TIMESTAMP#,0);
INSERT INTO MOB_UMGR_USER_PRIVILEGES (ID_ENTITY,ID_CUSTOMER,BOL_GRANT_OPTION,ID_PRIVILEGE,DAT_CREATION,ID_CUSTOMER_CREATION) VALUES (#SEQ_VAL# * 50,106,'Y','JMX_ACCESS',#CURRENT_TIMESTAMP#,0);
INSERT INTO MOB_UMGR_USER_PRIVILEGES (ID_ENTITY,ID_CUSTOMER,BOL_GRANT_OPTION,ID_PRIVILEGE,DAT_CREATION,ID_CUSTOMER_CREATION) VALUES (#SEQ_VAL# * 50,106,'Y','UI_SYSTEM_LOGIN',#CURRENT_TIMESTAMP#,0);
INSERT INTO MOB_UMGR_USER_PRIVILEGES (ID_ENTITY,ID_CUSTOMER,BOL_GRANT_OPTION,ID_PRIVILEGE,DAT_CREATION,ID_CUSTOMER_CREATION) VALUES (#SEQ_VAL# * 50,106,'Y','WEBCONSOLE_ACCESS',#CURRENT_TIMESTAMP#,0);
INSERT INTO MOB_UMGR_USER_PRIVILEGES (ID_ENTITY,ID_CUSTOMER,BOL_GRANT_OPTION,ID_PRIVILEGE,DAT_CREATION,ID_CUSTOMER_CREATION) VALUES (#SEQ_VAL# * 50,109,'Y','UI_CST_CUSTOMER_READ',#CURRENT_TIMESTAMP#,0);
INSERT INTO MOB_UMGR_USER_PRIVILEGES (ID_ENTITY,ID_CUSTOMER,BOL_GRANT_OPTION,ID_PRIVILEGE,DAT_CREATION,ID_CUSTOMER_CREATION) VALUES (#SEQ_VAL# * 50,109,'Y','UI_CST_LOGIN',#CURRENT_TIMESTAMP#,0);
INSERT INTO MOB_UMGR_USER_PRIVILEGES (ID_ENTITY,ID_CUSTOMER,BOL_GRANT_OPTION,ID_PRIVILEGE,DAT_CREATION,ID_CUSTOMER_CREATION) VALUES (#SEQ_VAL# * 50,110,'Y','UI_DASHBOARD_JOBS',#CURRENT_TIMESTAMP#,0);
INSERT INTO MOB_UMGR_USER_PRIVILEGES (ID_ENTITY,ID_CUSTOMER,BOL_GRANT_OPTION,ID_PRIVILEGE,DAT_CREATION,ID_CUSTOMER_CREATION) VALUES (#SEQ_VAL# * 50,110,'Y','UI_DASHBOARD_LOGIN',#CURRENT_TIMESTAMP#,0);
INSERT INTO MOB_UMGR_USER_PRIVILEGES (ID_ENTITY,ID_CUSTOMER,BOL_GRANT_OPTION,ID_PRIVILEGE,DAT_CREATION,ID_CUSTOMER_CREATION) VALUES (#SEQ_VAL# * 50,110,'Y','UI_DASHBOARD_PREFS',#CURRENT_TIMESTAMP#,0);
INSERT INTO MOB_UMGR_USER_PRIVILEGES (ID_ENTITY,ID_CUSTOMER,BOL_GRANT_OPTION,ID_PRIVILEGE,DAT_CREATION,ID_CUSTOMER_CREATION) VALUES (#SEQ_VAL# * 50,110,'Y','UI_DASHBOARD_SERVERS',#CURRENT_TIMESTAMP#,0);
INSERT INTO MOB_UMGR_USER_PRIVILEGES (ID_ENTITY,ID_CUSTOMER,BOL_GRANT_OPTION,ID_PRIVILEGE,DAT_CREATION,ID_CUSTOMER_CREATION) VALUES (#SEQ_VAL# * 50,110,'Y','UI_DASHBOARD_TRACKERS',#CURRENT_TIMESTAMP#,0);
INSERT INTO MOB_UMGR_USER_PRIVILEGES (ID_ENTITY,ID_CUSTOMER,BOL_GRANT_OPTION,ID_PRIVILEGE,DAT_CREATION,ID_CUSTOMER_CREATION) VALUES (#SEQ_VAL# * 50,110,'Y','WS_GET_JOBS',#CURRENT_TIMESTAMP#,0);
INSERT INTO MOB_UMGR_USER_PRIVILEGES (ID_ENTITY,ID_CUSTOMER,BOL_GRANT_OPTION,ID_PRIVILEGE,DAT_CREATION,ID_CUSTOMER_CREATION) VALUES (#SEQ_VAL# * 50,110,'Y','WS_GET_PREFS_APP',#CURRENT_TIMESTAMP#,0);
INSERT INTO MOB_UMGR_USER_PRIVILEGES (ID_ENTITY,ID_CUSTOMER,BOL_GRANT_OPTION,ID_PRIVILEGE,DAT_CREATION,ID_CUSTOMER_CREATION) VALUES (#SEQ_VAL# * 50,110,'Y','WS_READ_DETAILED_PREFS',#CURRENT_TIMESTAMP#,0);
INSERT INTO MOB_UMGR_USER_PRIVILEGES (ID_ENTITY,ID_CUSTOMER,BOL_GRANT_OPTION,ID_PRIVILEGE,DAT_CREATION,ID_CUSTOMER_CREATION) VALUES (#SEQ_VAL# * 50,110,'Y','WS_READ_PREFS',#CURRENT_TIMESTAMP#,0);
INSERT INTO MOB_UMGR_USER_PRIVILEGES (ID_ENTITY,ID_CUSTOMER,BOL_GRANT_OPTION,ID_PRIVILEGE,DAT_CREATION,ID_CUSTOMER_CREATION) VALUES (#SEQ_VAL# * 50,111,'Y','UI_CST_AUDIT_LOGS',#CURRENT_TIMESTAMP#,0);
INSERT INTO MOB_UMGR_USER_PRIVILEGES (ID_ENTITY,ID_CUSTOMER,BOL_GRANT_OPTION,ID_PRIVILEGE,DAT_CREATION,ID_CUSTOMER_CREATION) VALUES (#SEQ_VAL# * 50,112,'N','WS_REPORTS_VIEWER',#CURRENT_TIMESTAMP#,0);
INSERT INTO MOB_UMGR_USER_PRIVILEGES (ID_ENTITY,ID_CUSTOMER,BOL_GRANT_OPTION,ID_PRIVILEGE,DAT_CREATION,ID_CUSTOMER_CREATION) VALUES (#SEQ_VAL# * 50,203,'Y','AIRTIME TOPUP [SELF]',#CURRENT_TIMESTAMP#,0);
INSERT INTO MOB_UMGR_USER_PRIVILEGES (ID_ENTITY,ID_CUSTOMER,BOL_GRANT_OPTION,ID_PRIVILEGE,DAT_CREATION,ID_CUSTOMER_CREATION) VALUES (#SEQ_VAL# * 50,203,'Y','AUTO_CREATE_SVA',#CURRENT_TIMESTAMP#,0);
INSERT INTO MOB_UMGR_USER_PRIVILEGES (ID_ENTITY,ID_CUSTOMER,BOL_GRANT_OPTION,ID_PRIVILEGE,DAT_CREATION,ID_CUSTOMER_CREATION) VALUES (#SEQ_VAL# * 50,203,'Y','CASHIN [SELF]',#CURRENT_TIMESTAMP#,0);
INSERT INTO MOB_UMGR_USER_PRIVILEGES (ID_ENTITY,ID_CUSTOMER,BOL_GRANT_OPTION,ID_PRIVILEGE,DAT_CREATION,ID_CUSTOMER_CREATION) VALUES (#SEQ_VAL# * 50,203,'Y','CASHOUT [SELF]',#CURRENT_TIMESTAMP#,0);
INSERT INTO MOB_UMGR_USER_PRIVILEGES (ID_ENTITY,ID_CUSTOMER,BOL_GRANT_OPTION,ID_PRIVILEGE,DAT_CREATION,ID_CUSTOMER_CREATION) VALUES (#SEQ_VAL# * 50,203,'Y','CHILD_CT_11',#CURRENT_TIMESTAMP#,0);
INSERT INTO MOB_UMGR_USER_PRIVILEGES (ID_ENTITY,ID_CUSTOMER,BOL_GRANT_OPTION,ID_PRIVILEGE,DAT_CREATION,ID_CUSTOMER_CREATION) VALUES (#SEQ_VAL# * 50,203,'Y','CHILD_CT_3',#CURRENT_TIMESTAMP#,0);
INSERT INTO MOB_UMGR_USER_PRIVILEGES (ID_ENTITY,ID_CUSTOMER,BOL_GRANT_OPTION,ID_PRIVILEGE,DAT_CREATION,ID_CUSTOMER_CREATION) VALUES (#SEQ_VAL# * 50,203,'Y','CHILD_CT_8',#CURRENT_TIMESTAMP#,0);
INSERT INTO MOB_UMGR_USER_PRIVILEGES (ID_ENTITY,ID_CUSTOMER,BOL_GRANT_OPTION,ID_PRIVILEGE,DAT_CREATION,ID_CUSTOMER_CREATION) VALUES (#SEQ_VAL# * 50,203,'Y','CLEAR_COMMISSION',#CURRENT_TIMESTAMP#,0);
INSERT INTO MOB_UMGR_USER_PRIVILEGES (ID_ENTITY,ID_CUSTOMER,BOL_GRANT_OPTION,ID_PRIVILEGE,DAT_CREATION,ID_CUSTOMER_CREATION) VALUES (#SEQ_VAL# * 50,203,'Y','CREATE_CHILDREN_L1',#CURRENT_TIMESTAMP#,0);
INSERT INTO MOB_UMGR_USER_PRIVILEGES (ID_ENTITY,ID_CUSTOMER,BOL_GRANT_OPTION,ID_PRIVILEGE,DAT_CREATION,ID_CUSTOMER_CREATION) VALUES (#SEQ_VAL# * 50,203,'Y','CREATE_CHILDREN_L2',#CURRENT_TIMESTAMP#,0);
INSERT INTO MOB_UMGR_USER_PRIVILEGES (ID_ENTITY,ID_CUSTOMER,BOL_GRANT_OPTION,ID_PRIVILEGE,DAT_CREATION,ID_CUSTOMER_CREATION) VALUES (#SEQ_VAL# * 50,203,'Y','CREATE_CHILDREN_L3',#CURRENT_TIMESTAMP#,0);
INSERT INTO MOB_UMGR_USER_PRIVILEGES (ID_ENTITY,ID_CUSTOMER,BOL_GRANT_OPTION,ID_PRIVILEGE,DAT_CREATION,ID_CUSTOMER_CREATION) VALUES (#SEQ_VAL# * 50,203,'Y','CREATE_DESCENDANTS',#CURRENT_TIMESTAMP#,0);
INSERT INTO MOB_UMGR_USER_PRIVILEGES (ID_ENTITY,ID_CUSTOMER,BOL_GRANT_OPTION,ID_PRIVILEGE,DAT_CREATION,ID_CUSTOMER_CREATION) VALUES (#SEQ_VAL# * 50,203,'Y','MAINTAIN_CHILDREN_L1',#CURRENT_TIMESTAMP#,0);
INSERT INTO MOB_UMGR_USER_PRIVILEGES (ID_ENTITY,ID_CUSTOMER,BOL_GRANT_OPTION,ID_PRIVILEGE,DAT_CREATION,ID_CUSTOMER_CREATION) VALUES (#SEQ_VAL# * 50,203,'Y','MAINTAIN_CHILDREN_L2',#CURRENT_TIMESTAMP#,0);
INSERT INTO MOB_UMGR_USER_PRIVILEGES (ID_ENTITY,ID_CUSTOMER,BOL_GRANT_OPTION,ID_PRIVILEGE,DAT_CREATION,ID_CUSTOMER_CREATION) VALUES (#SEQ_VAL# * 50,203,'Y','MAINTAIN_CHILDREN_L3',#CURRENT_TIMESTAMP#,0);
INSERT INTO MOB_UMGR_USER_PRIVILEGES (ID_ENTITY,ID_CUSTOMER,BOL_GRANT_OPTION,ID_PRIVILEGE,DAT_CREATION,ID_CUSTOMER_CREATION) VALUES (#SEQ_VAL# * 50,203,'Y','MAINTAIN_DESCENDANTS',#CURRENT_TIMESTAMP#,0);
INSERT INTO MOB_UMGR_USER_PRIVILEGES (ID_ENTITY,ID_CUSTOMER,BOL_GRANT_OPTION,ID_PRIVILEGE,DAT_CREATION,ID_CUSTOMER_CREATION) VALUES (#SEQ_VAL# * 50,203,'Y','MERCHANT_PORTAL_REPORTS',#CURRENT_TIMESTAMP#,0);
INSERT INTO MOB_UMGR_USER_PRIVILEGES (ID_ENTITY,ID_CUSTOMER,BOL_GRANT_OPTION,ID_PRIVILEGE,DAT_CREATION,ID_CUSTOMER_CREATION) VALUES (#SEQ_VAL# * 50,203,'Y','PICKUP [SELF]',#CURRENT_TIMESTAMP#,0);
INSERT INTO MOB_UMGR_USER_PRIVILEGES (ID_ENTITY,ID_CUSTOMER,BOL_GRANT_OPTION,ID_PRIVILEGE,DAT_CREATION,ID_CUSTOMER_CREATION) VALUES (#SEQ_VAL# * 50,203,'Y','UI_CST_CAN_HAVE_BANK_ACCOUNT',#CURRENT_TIMESTAMP#,0);
INSERT INTO MOB_UMGR_USER_PRIVILEGES (ID_ENTITY,ID_CUSTOMER,BOL_GRANT_OPTION,ID_PRIVILEGE,DAT_CREATION,ID_CUSTOMER_CREATION) VALUES (#SEQ_VAL# * 50,203,'Y','UI_CST_CUSTOMER_READ',#CURRENT_TIMESTAMP#,0);
INSERT INTO MOB_UMGR_USER_PRIVILEGES (ID_ENTITY,ID_CUSTOMER,BOL_GRANT_OPTION,ID_PRIVILEGE,DAT_CREATION,ID_CUSTOMER_CREATION) VALUES (#SEQ_VAL# * 50,203,'Y','UI_DPP_ACTIVATE_L2PLUS_DESCENDANTS',#CURRENT_TIMESTAMP#,0);
INSERT INTO MOB_UMGR_USER_PRIVILEGES (ID_ENTITY,ID_CUSTOMER,BOL_GRANT_OPTION,ID_PRIVILEGE,DAT_CREATION,ID_CUSTOMER_CREATION) VALUES (#SEQ_VAL# * 50,203,'Y','UI_DPP_ATTACHMENT',#CURRENT_TIMESTAMP#,0);
INSERT INTO MOB_UMGR_USER_PRIVILEGES (ID_ENTITY,ID_CUSTOMER,BOL_GRANT_OPTION,ID_PRIVILEGE,DAT_CREATION,ID_CUSTOMER_CREATION) VALUES (#SEQ_VAL# * 50,203,'Y','UI_DPP_BLACKLIST_AGENT',#CURRENT_TIMESTAMP#,0);
INSERT INTO MOB_UMGR_USER_PRIVILEGES (ID_ENTITY,ID_CUSTOMER,BOL_GRANT_OPTION,ID_PRIVILEGE,DAT_CREATION,ID_CUSTOMER_CREATION) VALUES (#SEQ_VAL# * 50,203,'Y','UI_DPP_EDIT_COMMISSION_MGMT',#CURRENT_TIMESTAMP#,0);
INSERT INTO MOB_UMGR_USER_PRIVILEGES (ID_ENTITY,ID_CUSTOMER,BOL_GRANT_OPTION,ID_PRIVILEGE,DAT_CREATION,ID_CUSTOMER_CREATION) VALUES (#SEQ_VAL# * 50,203,'Y','UI_DPP_LOGIN',#CURRENT_TIMESTAMP#,0);
INSERT INTO MOB_UMGR_USER_PRIVILEGES (ID_ENTITY,ID_CUSTOMER,BOL_GRANT_OPTION,ID_PRIVILEGE,DAT_CREATION,ID_CUSTOMER_CREATION) VALUES (#SEQ_VAL# * 50,203,'Y','UI_DPP_MANAGE_AGENTS',#CURRENT_TIMESTAMP#,0);
INSERT INTO MOB_UMGR_USER_PRIVILEGES (ID_ENTITY,ID_CUSTOMER,BOL_GRANT_OPTION,ID_PRIVILEGE,DAT_CREATION,ID_CUSTOMER_CREATION) VALUES (#SEQ_VAL# * 50,203,'Y','UI_DPP_PW_RECOVERY',#CURRENT_TIMESTAMP#,0);
INSERT INTO MOB_UMGR_USER_PRIVILEGES (ID_ENTITY,ID_CUSTOMER,BOL_GRANT_OPTION,ID_PRIVILEGE,DAT_CREATION,ID_CUSTOMER_CREATION) VALUES (#SEQ_VAL# * 50,203,'Y','UI_DPP_REPORTS',#CURRENT_TIMESTAMP#,0);
INSERT INTO MOB_UMGR_USER_PRIVILEGES (ID_ENTITY,ID_CUSTOMER,BOL_GRANT_OPTION,ID_PRIVILEGE,DAT_CREATION,ID_CUSTOMER_CREATION) VALUES (#SEQ_VAL# * 50,203,'Y','UI_DPP_SETTLE_COMMISSIONS',#CURRENT_TIMESTAMP#,0);
INSERT INTO MOB_UMGR_USER_PRIVILEGES (ID_ENTITY,ID_CUSTOMER,BOL_GRANT_OPTION,ID_PRIVILEGE,DAT_CREATION,ID_CUSTOMER_CREATION) VALUES (#SEQ_VAL# * 50,203,'Y','UI_DPP_TXN_CANCEL',#CURRENT_TIMESTAMP#,0);
INSERT INTO MOB_UMGR_USER_PRIVILEGES (ID_ENTITY,ID_CUSTOMER,BOL_GRANT_OPTION,ID_PRIVILEGE,DAT_CREATION,ID_CUSTOMER_CREATION) VALUES (#SEQ_VAL# * 50,203,'Y','UI_DPP_TXN_HISTORY',#CURRENT_TIMESTAMP#,0);
INSERT INTO MOB_UMGR_USER_PRIVILEGES (ID_ENTITY,ID_CUSTOMER,BOL_GRANT_OPTION,ID_PRIVILEGE,DAT_CREATION,ID_CUSTOMER_CREATION) VALUES (#SEQ_VAL# * 50,203,'Y','UI_DPP_VIEW_COMMISSION_MGMT',#CURRENT_TIMESTAMP#,0);
INSERT INTO MOB_UMGR_USER_PRIVILEGES (ID_ENTITY,ID_CUSTOMER,BOL_GRANT_OPTION,ID_PRIVILEGE,DAT_CREATION,ID_CUSTOMER_CREATION) VALUES (#SEQ_VAL# * 50,203,'Y','UI_DPP_VIEW_PIS',#CURRENT_TIMESTAMP#,0);
INSERT INTO MOB_UMGR_USER_PRIVILEGES (ID_ENTITY,ID_CUSTOMER,BOL_GRANT_OPTION,ID_PRIVILEGE,DAT_CREATION,ID_CUSTOMER_CREATION) VALUES (#SEQ_VAL# * 50,203,'Y','UI_DPP_WALLET_SERVICES',#CURRENT_TIMESTAMP#,0);
INSERT INTO MOB_UMGR_USER_PRIVILEGES (ID_ENTITY,ID_CUSTOMER,BOL_GRANT_OPTION,ID_PRIVILEGE,DAT_CREATION,ID_CUSTOMER_CREATION) VALUES (#SEQ_VAL# * 50,203,'Y','UPGRADE_KYC_LEVEL_1',#CURRENT_TIMESTAMP#,0);
INSERT INTO MOB_UMGR_USER_PRIVILEGES (ID_ENTITY,ID_CUSTOMER,BOL_GRANT_OPTION,ID_PRIVILEGE,DAT_CREATION,ID_CUSTOMER_CREATION) VALUES (#SEQ_VAL# * 50,203,'Y','UPGRADE_KYC_LEVEL_2',#CURRENT_TIMESTAMP#,0);
INSERT INTO MOB_UMGR_USER_PRIVILEGES (ID_ENTITY,ID_CUSTOMER,BOL_GRANT_OPTION,ID_PRIVILEGE,DAT_CREATION,ID_CUSTOMER_CREATION) VALUES (#SEQ_VAL# * 50,203,'Y','UPGRADE_KYC_LEVEL_3',#CURRENT_TIMESTAMP#,0);
INSERT INTO MOB_UMGR_USER_PRIVILEGES (ID_ENTITY,ID_CUSTOMER,BOL_GRANT_OPTION,ID_PRIVILEGE,DAT_CREATION,ID_CUSTOMER_CREATION) VALUES (#SEQ_VAL# * 50,203,'Y','UPGRADE_KYC_LEVEL_4',#CURRENT_TIMESTAMP#,0);
INSERT INTO MOB_UMGR_USER_PRIVILEGES (ID_ENTITY,ID_CUSTOMER,BOL_GRANT_OPTION,ID_PRIVILEGE,DAT_CREATION,ID_CUSTOMER_CREATION) VALUES (#SEQ_VAL# * 50,203,'Y','UPGRADE_KYC_LEVEL_5',#CURRENT_TIMESTAMP#,0);
INSERT INTO MOB_UMGR_USER_PRIVILEGES (ID_ENTITY,ID_CUSTOMER,BOL_GRANT_OPTION,ID_PRIVILEGE,DAT_CREATION,ID_CUSTOMER_CREATION) VALUES (#SEQ_VAL# * 50,203,'Y','UPGRADE_KYC_LEVEL_6',#CURRENT_TIMESTAMP#,0);
INSERT INTO MOB_UMGR_USER_PRIVILEGES (ID_ENTITY,ID_CUSTOMER,BOL_GRANT_OPTION,ID_PRIVILEGE,DAT_CREATION,ID_CUSTOMER_CREATION) VALUES (#SEQ_VAL# * 50,203,'Y','UPGRADE_KYC_LEVEL_7',#CURRENT_TIMESTAMP#,0);
INSERT INTO MOB_UMGR_USER_PRIVILEGES (ID_ENTITY,ID_CUSTOMER,BOL_GRANT_OPTION,ID_PRIVILEGE,DAT_CREATION,ID_CUSTOMER_CREATION) VALUES (#SEQ_VAL# * 50,203,'Y','VIEW_CHILDREN_L1',#CURRENT_TIMESTAMP#,0);
INSERT INTO MOB_UMGR_USER_PRIVILEGES (ID_ENTITY,ID_CUSTOMER,BOL_GRANT_OPTION,ID_PRIVILEGE,DAT_CREATION,ID_CUSTOMER_CREATION) VALUES (#SEQ_VAL# * 50,203,'Y','VIEW_CHILDREN_L2',#CURRENT_TIMESTAMP#,0);
INSERT INTO MOB_UMGR_USER_PRIVILEGES (ID_ENTITY,ID_CUSTOMER,BOL_GRANT_OPTION,ID_PRIVILEGE,DAT_CREATION,ID_CUSTOMER_CREATION) VALUES (#SEQ_VAL# * 50,203,'Y','VIEW_CHILDREN_L3',#CURRENT_TIMESTAMP#,0);
INSERT INTO MOB_UMGR_USER_PRIVILEGES (ID_ENTITY,ID_CUSTOMER,BOL_GRANT_OPTION,ID_PRIVILEGE,DAT_CREATION,ID_CUSTOMER_CREATION) VALUES (#SEQ_VAL# * 50,203,'Y','VIEW_DESCENDANTS',#CURRENT_TIMESTAMP#,0);
INSERT INTO MOB_UMGR_USER_PRIVILEGES (ID_ENTITY,ID_CUSTOMER,BOL_GRANT_OPTION,ID_PRIVILEGE,DAT_CREATION,ID_CUSTOMER_CREATION) VALUES (#SEQ_VAL# * 50,203,'Y','WS_CREATE_REPORT',#CURRENT_TIMESTAMP#,0);
INSERT INTO MOB_UMGR_USER_PRIVILEGES (ID_ENTITY,ID_CUSTOMER,BOL_GRANT_OPTION,ID_PRIVILEGE,DAT_CREATION,ID_CUSTOMER_CREATION) VALUES (#SEQ_VAL# * 50,203,'Y','WS_GET_REPORT',#CURRENT_TIMESTAMP#,0);

-- test setup 

INSERT INTO MOB_LIMIT_CLASSES (ID_LIMIT_CLASS,STR_LIMIT_CLASS,ID_CURRENCY,INT_DAILY_DEBIT_LIMIT,INT_MONTHLY_DEBIT_LIMIT,INT_ABSOLUTE_DEBIT_LIMIT,INT_DAILY_CREDIT_LIMIT,INT_MONTHLY_CREDIT_LIMIT,INT_ABSOLUTE_CREDIT_LIMIT,INT_WEEKLY_DEBIT_LIMIT,INT_WEEKLY_CREDIT_LIMIT,AMNT_DAILY_DEBIT_LIMIT,AMNT_MONTHLY_DEBIT_LIMIT,AMNT_ABSOLUTE_DEBIT_LIMIT,AMNT_DAILY_CREDIT_LIMIT,AMNT_MONTHLY_CREDIT_LIMIT,AMNT_ABSOLUTE_CREDIT_LIMIT,AMNT_WEEKLY_DEBIT_LIMIT,AMNT_WEEKLY_CREDIT_LIMIT,AMNT_SINGLE_DEBIT_LIMIT,AMNT_SINGLE_CREDIT_LIMIT,DAT_CREATION,ID_CUSTOMER_CREATION) VALUES (105,'global limit','EUR',9999999999999,9999999999999,9999999999999,9999999999999,9999999999999,9999999999999,9999999999999,9999999999999,9999999999999,9999999999999,9999999999999,9999999999999,9999999999999,9999999999999,9999999999999,9999999999999,9999999999999,9999999999999,#CURRENT_TIMESTAMP#,0);
INSERT INTO MOB_LIMIT_SETS (ID_LIMIT_SET,STR_LIMIT_SET,BOL_INDIVIDUAL,DAT_CREATION,ID_CUSTOMER_CREATION) VALUES (103,'test limit set','N',#CURRENT_TIMESTAMP#,0);
INSERT INTO MOB_LIMIT_SETS_CLASSES (ID_ENTITY,ID_LIMIT_SET,ID_LIMIT_CLASS,DAT_CREATION,ID_CUSTOMER_CREATION) VALUES (106,103,105,#CURRENT_TIMESTAMP#,0);

INSERT INTO MOB_RISK_CATEGORIES (ID_RISK_CATEGORY,STR_RISK_CATEGORY,ID_LIMIT_SET,DAT_CREATION,ID_CUSTOMER_CREATION) VALUES (102,'with limits',103,#CURRENT_TIMESTAMP#,0);

INSERT INTO MOB_SCALES (ID_ENTITY,DAT_CREATION,ID_CUSTOMER_CREATION) VALUES (201,#CURRENT_TIMESTAMP#,0);
INSERT INTO MOB_SCALE_PERIODS (ID_ENTITY,ID_SCALE,DAT_VALID_FROM,ID_CURRENCY,DAT_CREATION,ID_CUSTOMER_CREATION) VALUES (202,201,#CURRENT_TIMESTAMP#,'EUR',#CURRENT_TIMESTAMP#,0);
INSERT INTO MOB_SCALE_STEPS (ID_SCALE_PERIOD,AMNT_THRESHOLD_AMOUNT,AMNT_MIN_AMOUNT,AMNT_MAX_AMOUNT,PRC_PERCENTAGE,AMNT_ON_TOP,DAT_CREATION,ID_CUSTOMER_CREATION) VALUES (202,0,1,50,5,0,#CURRENT_TIMESTAMP#,0);

INSERT INTO MOB_FEE_SETS (ID_FEE_SET,STR_FEE_SET,BOL_INDIVIDUAL,DAT_CREATION,ID_CUSTOMER_CREATION) VALUES (203,'test fee','N',#CURRENT_TIMESTAMP#,0);
INSERT INTO MOB_FEE_TYPES (ID_FEE_TYPE,STR_FEE_TYPE,BOL_PROCESS_BY_TXN,ID_BENEFICIARY,BOL_INCLUDE_VAT,BOL_IS_COMMISSION,DAT_CREATION,ID_CUSTOMER_CREATION) VALUES (205,'test fee type','Y',204,'N','N',#CURRENT_TIMESTAMP#,0);
INSERT INTO MOB_FEE_TYPE_FEE_SET_SCALES (ID_FEE_SET,ID_FEE_TYPE,ID_SCALE,DAT_CREATION,ID_CUSTOMER_CREATION) VALUES (203,205,201,#CURRENT_TIMESTAMP#,0);
INSERT INTO MOB_USE_CASE_FEES (ID_ENTITY,ID_USE_CASE,BOL_PAYEE,ID_ORGUNIT_PAYEE,ID_ORGUNIT_PAYER,BOL_COPY_FROM_AUTHORISATION,ID_FEE_TYPE,BOL_INCLUDE_IN_LIMIT,DAT_CREATION,ID_CUSTOMER_CREATION) VALUES (207,193,'Y','0000','0000','Y',205,'Y',#CURRENT_TIMESTAMP#,0);

INSERT INTO MOB_CUSTOMER_TYPES (ID_CUSTOMER_TYPE,STR_CUSTOMER_TYPE,ID_UMGR_ROLE,ID_RISK_CATEGORY,ID_FEE_SET,BOL_IS_INTERNAL,DAT_CREATION,ID_CUSTOMER_CREATION) VALUES (101,'Consumer with fee','STANDARD_CONSUMER',0,203,'N',#CURRENT_TIMESTAMP#,0);
INSERT INTO MOB_CUST_TYPES_CRED_POLICIES (ID_ENTITY,ID_CUSTOMER_TYPE,ID_CREDENTIAL_TYPE,ID_CREDENTIAL_POLICY,DAT_CREATION,ID_CUSTOMER_CREATION) VALUES (#SEQ_VAL# * 50,101,1,2,#CURRENT_TIMESTAMP#,0);
INSERT INTO MOB_CUST_TYPES_CRED_POLICIES (ID_ENTITY,ID_CUSTOMER_TYPE,ID_CREDENTIAL_TYPE,ID_CREDENTIAL_POLICY,DAT_CREATION,ID_CUSTOMER_CREATION) VALUES (#SEQ_VAL# * 50,101,0,1,#CURRENT_TIMESTAMP#,0);


-- Mandatory message templates for the vanilla installation
INSERT INTO MSG_TEMPLATES(ID_TEMPLATE,STR_NAME,STR_SUBJECT,STR_SENDER,STR_TEMPLATE_TYPE,STR_CONTENT,STR_CONTENT_TYPE,STR_CHARSET,STR_ALT_CONTENT_TYPE,STR_ALT_CHARSET,BOL_IS_CONFIDENTIAL,DAT_CREATION,ID_CUSTOMER_CREATION) VALUES (#SEQ_VAL# * 50,'system.generated.credential.0',null,'625477','sms','Your new PIN is ${get-confidential.credential}. Please change after first login.','text/plain','us-ascii',null,null,'N',#CURRENT_TIMESTAMP#,0);
INSERT INTO MSG_TEMPLATES(ID_TEMPLATE,STR_NAME,STR_SUBJECT,STR_SENDER,STR_TEMPLATE_TYPE,STR_CONTENT,STR_CONTENT_TYPE,STR_CHARSET,STR_ALT_CONTENT_TYPE,STR_ALT_CHARSET,BOL_IS_CONFIDENTIAL,DAT_CREATION,ID_CUSTOMER_CREATION) VALUES (#SEQ_VAL# * 50,'system.generated.credential.1',null,'625477','sms','Your new password is ${get-confidential.credential}. Please change after first login.','text/plain','us-ascii',null,null,'N',#CURRENT_TIMESTAMP#,0);
INSERT INTO MSG_TEMPLATES(ID_TEMPLATE,STR_NAME,STR_SUBJECT,STR_SENDER,STR_TEMPLATE_TYPE,STR_CONTENT,STR_CONTENT_TYPE,STR_CHARSET,STR_ALT_CONTENT_TYPE,STR_ALT_CHARSET,BOL_IS_CONFIDENTIAL,DAT_CREATION,ID_CUSTOMER_CREATION) VALUES (#SEQ_VAL# * 50,'system.generated.credential.0','Your new PIN','mobiliser@sybase.com','email','Your new PIN is ${get-confidential.credential}. Please change after first login.','text/plain','us-ascii',null,null,'N',#CURRENT_TIMESTAMP#,0);
INSERT INTO MSG_TEMPLATES(ID_TEMPLATE,STR_NAME,STR_SUBJECT,STR_SENDER,STR_TEMPLATE_TYPE,STR_CONTENT,STR_CONTENT_TYPE,STR_CHARSET,STR_ALT_CONTENT_TYPE,STR_ALT_CHARSET,BOL_IS_CONFIDENTIAL,DAT_CREATION,ID_CUSTOMER_CREATION) VALUES (#SEQ_VAL# * 50,'system.generated.credential.1','Your new password','mobiliser@sybase.com','email','Your new password is ${get-confidential.credential}. Please change after first login.','text/plain','us-ascii',null,null,'N',#CURRENT_TIMESTAMP#,0);
INSERT INTO MSG_TEMPLATES(ID_TEMPLATE,STR_NAME,STR_SUBJECT,STR_SENDER,STR_TEMPLATE_TYPE,STR_CONTENT,STR_CONTENT_TYPE,STR_CHARSET,STR_ALT_CONTENT_TYPE,STR_ALT_CHARSET,BOL_IS_CONFIDENTIAL,DAT_CREATION,ID_CUSTOMER_CREATION) VALUES (#SEQ_VAL# * 50,'voucher.remittance.send.payee',null,'625477','sms','Your Pickup Code is ${get-confidential.pickupcode} for ${get.amount}','text/plain','us-ascii',null,null,'N',#CURRENT_TIMESTAMP#,0);
INSERT INTO MSG_TEMPLATES(ID_TEMPLATE,STR_NAME,STR_SUBJECT,STR_SENDER,STR_TEMPLATE_TYPE,STR_CONTENT,STR_CONTENT_TYPE,STR_CHARSET,STR_ALT_CONTENT_TYPE,STR_ALT_CHARSET,BOL_IS_CONFIDENTIAL,DAT_CREATION,ID_CUSTOMER_CREATION) VALUES (#SEQ_VAL# * 50,'voucher.remittance.send.payer',null,'625477','sms','Your Pickup Code is ${get-confidential.pickupcode} for ${get.amount}','text/plain','us-ascii',null,null,'N',#CURRENT_TIMESTAMP#,0);
INSERT INTO MSG_TEMPLATES(ID_TEMPLATE,STR_NAME,STR_SUBJECT,STR_SENDER,STR_TEMPLATE_TYPE,STR_CONTENT,STR_CONTENT_TYPE,STR_CHARSET,STR_ALT_CONTENT_TYPE,STR_ALT_CHARSET,BOL_IS_CONFIDENTIAL,DAT_CREATION,ID_CUSTOMER_CREATION) VALUES (#SEQ_VAL# * 50,'otpsignup',null,'625477','sms','Your passcode: ${get-confidential.otp}','text/plain','us-ascii',null,null,'N',#CURRENT_TIMESTAMP#,0);
INSERT INTO MSG_TEMPLATES(ID_TEMPLATE,STR_NAME,STR_SUBJECT,STR_SENDER,STR_TEMPLATE_TYPE,STR_CONTENT,STR_CONTENT_TYPE,STR_CHARSET,STR_ALT_CONTENT_TYPE,STR_ALT_CHARSET,BOL_IS_CONFIDENTIAL,DAT_CREATION,ID_CUSTOMER_CREATION) VALUES (#SEQ_VAL# * 50,'CUSTOMER_MSISDN_OTP',null,'625477','sms','Your passcode: ${get-confidential.otp}','text/plain','us-ascii',null,null,'N',#CURRENT_TIMESTAMP#,0);
INSERT INTO MSG_TEMPLATES(ID_TEMPLATE,STR_NAME,STR_SUBJECT,STR_SENDER,STR_TEMPLATE_TYPE,STR_CONTENT,STR_CONTENT_TYPE,STR_CHARSET,STR_ALT_CONTENT_TYPE,STR_ALT_CHARSET,BOL_IS_CONFIDENTIAL,DAT_CREATION,ID_CUSTOMER_CREATION) VALUES (#SEQ_VAL# * 50,'txn.otp.auth',null,'625477','sms','The transaction TAN: ${get-confidential.otp}','text/plain','us-ascii',null,null,'N',#CURRENT_TIMESTAMP#,0);
INSERT INTO MSG_TEMPLATES(ID_TEMPLATE,STR_NAME,STR_SUBJECT,STR_SENDER,STR_TEMPLATE_TYPE,STR_CONTENT,STR_CONTENT_TYPE,STR_CHARSET,STR_ALT_CONTENT_TYPE,STR_ALT_CHARSET,BOL_IS_CONFIDENTIAL,DAT_CREATION,ID_CUSTOMER_CREATION) VALUES (#SEQ_VAL# * 50,'smartphone.smstoken',null,'625477','sms','Your registration token ${get-confidential.otp}','text/plain','us-ascii',null,null,'N',#CURRENT_TIMESTAMP#,0);
INSERT INTO MSG_TEMPLATES(ID_TEMPLATE,STR_NAME,STR_SUBJECT,STR_SENDER,STR_TEMPLATE_TYPE,STR_CONTENT,STR_CONTENT_TYPE,STR_CHARSET,STR_ALT_CONTENT_TYPE,STR_ALT_CHARSET,BOL_IS_CONFIDENTIAL,DAT_CREATION,ID_CUSTOMER_CREATION) VALUES (#SEQ_VAL# * 50,'consumer.balance.alert',null,'625477','sms','Message for balance alert goes here','text/plain','us-ascii',null,null,'N',#CURRENT_TIMESTAMP#,0);
INSERT INTO MSG_TEMPLATES(ID_TEMPLATE,STR_NAME,STR_SUBJECT,STR_SENDER,STR_TEMPLATE_TYPE,STR_CONTENT,STR_CONTENT_TYPE,STR_CHARSET,STR_ALT_CONTENT_TYPE,STR_ALT_CHARSET,BOL_IS_CONFIDENTIAL,DAT_CREATION,ID_CUSTOMER_CREATION) VALUES (#SEQ_VAL# * 50,'consumer.balance.alert','Balance Alert','mobiliser@sybase.com','email','Message for balance alert goes here','text/plain','us-ascii',null,null,'N',#CURRENT_TIMESTAMP#,0);
INSERT INTO MSG_TEMPLATES(ID_TEMPLATE,STR_NAME,STR_SUBJECT,STR_SENDER,STR_TEMPLATE_TYPE,STR_CONTENT,STR_CONTENT_TYPE,STR_CHARSET,STR_ALT_CONTENT_TYPE,STR_ALT_CHARSET,BOL_IS_CONFIDENTIAL,DAT_CREATION,ID_CUSTOMER_CREATION) VALUES (#SEQ_VAL# * 50,'customer.to.be.deactivated',null,'625477','sms','Your account has not been used for more than ${get.maxDaysNoLogin} days. If you do not login within ${get.gracePeriod} days,your account will be deactivated.','text/plain','us-ascii',null,null,'N',#CURRENT_TIMESTAMP#,0);
insert into MSG_TEMPLATES(ID_TEMPLATE,STR_NAME,STR_LANGUAGE,STR_COUNTRY,STR_VARIANT,STR_SUBJECT,STR_SENDER,STR_TEMPLATE_TYPE,STR_CONTENT,STR_CONTENT_TYPE,STR_CHARSET,STR_ALT_CONTENT,STR_ALT_CONTENT_TYPE,STR_ALT_CHARSET,BOL_IS_CONFIDENTIAL,STR_PRINCIPAL_MSG,DAT_CREATION,ID_CUSTOMER_CREATION) values (#SEQ_VAL# * 50,'alert.unread.inbox.messages',null,null,null,'New Inbox Message','mobiliser@sybase.com','email','You have ${get.messageCount} unread messages in your inbox.','text/plain','us-ascii',null,null,null,'N',null,#CURRENT_TIMESTAMP#,0);
insert into MSG_TEMPLATES(ID_TEMPLATE,STR_NAME,STR_LANGUAGE,STR_COUNTRY,STR_VARIANT,STR_SUBJECT,STR_SENDER,STR_TEMPLATE_TYPE,STR_CONTENT,STR_CONTENT_TYPE,STR_CHARSET,STR_ALT_CONTENT,STR_ALT_CONTENT_TYPE,STR_ALT_CHARSET,BOL_IS_CONFIDENTIAL,STR_PRINCIPAL_MSG,DAT_CREATION,ID_CUSTOMER_CREATION) values (#SEQ_VAL# * 50,'accountValidation',NULL,NULL,NULL,'accountValidation','mobiliser@sybase.com','email','Your activation code is:${get.code}','text/plain','us-ascii',NULL,NULL,NULL,'N',NULL,#CURRENT_TIMESTAMP#,0);
insert into MSG_TEMPLATES(ID_TEMPLATE,STR_NAME,STR_LANGUAGE,STR_COUNTRY,STR_VARIANT,STR_SUBJECT,STR_SENDER,STR_TEMPLATE_TYPE,STR_CONTENT,STR_CONTENT_TYPE,STR_CHARSET,STR_ALT_CONTENT,STR_ALT_CONTENT_TYPE,STR_ALT_CHARSET,BOL_IS_CONFIDENTIAL,STR_PRINCIPAL_MSG,DAT_CREATION,ID_CUSTOMER_CREATION) values (#SEQ_VAL# * 50, 'twofa.otp', NULL, NULL, NULL, null, '625477', 'sms', 'Your passcode: ${get-confidential.otp}', 'text/plain', 'us-ascii', NULL, NULL, NULL, 'N', NULL, #CURRENT_TIMESTAMP#, 0);


-- debit and credit transfers (own PI to next)
INSERT INTO MOB_USE_CASE_PRIVILEGES (ID_USE_CASE,ID_PAYER_PRIVILEGE,ID_PAYEE_PRIVILEGE,ID_CALLER_PRIVILEGE,ID_CALLER_PARENT_PRIVILEGE,ID_CALLER_SELF_PRIVILEGE,ID_MAKER_PRIVILEGE,ID_CHECKER_PRIVILEGE,ID_EXECUTE_PRIVILEGE,DAT_CREATION,ID_CUSTOMER_CREATION) VALUES (160,'UC_160_PAYER_PRIVILEGE','UC_160_PAYEE_PRIVILEGE','UC_160_CALLER_PRIVILEGE','UC_160_CALLER_PARENT_PRIVILEGE','UC_160_CALLER_SELF_PRIVILEGE','UC_160_MAKER_PRIVILEGE','UC_160_CHECKER_PRIVILEGE','UC_160_EXECUTE_PRIVILEGE',#CURRENT_TIMESTAMP#,0);
INSERT INTO MOB_USE_CASE_PRIVILEGES (ID_USE_CASE,ID_PAYER_PRIVILEGE,ID_PAYEE_PRIVILEGE,ID_CALLER_PRIVILEGE,ID_CALLER_PARENT_PRIVILEGE,ID_CALLER_SELF_PRIVILEGE,ID_MAKER_PRIVILEGE,ID_CHECKER_PRIVILEGE,ID_EXECUTE_PRIVILEGE,DAT_CREATION,ID_CUSTOMER_CREATION) VALUES (161,'UC_161_PAYER_PRIVILEGE','UC_161_PAYEE_PRIVILEGE','UC_161_CALLER_PRIVILEGE','UC_161_CALLER_PARENT_PRIVILEGE','UC_161_CALLER_SELF_PRIVILEGE','UC_161_MAKER_PRIVILEGE','UC_161_CHECKER_PRIVILEGE','UC_161_EXECUTE_PRIVILEGE',#CURRENT_TIMESTAMP#,0);


-- cash in
INSERT INTO MOB_USE_CASE_PRIVILEGES (ID_USE_CASE,ID_PAYER_PRIVILEGE,ID_PAYEE_PRIVILEGE,ID_CALLER_PRIVILEGE,ID_CALLER_PARENT_PRIVILEGE,ID_CALLER_SELF_PRIVILEGE,ID_MAKER_PRIVILEGE,ID_CHECKER_PRIVILEGE,ID_EXECUTE_PRIVILEGE,DAT_CREATION,ID_CUSTOMER_CREATION) VALUES (171,'UC_171_PAYER_PRIVILEGE','UC_171_PAYEE_PRIVILEGE','UC_171_CALLER_PRIVILEGE','UC_171_CALLER_PARENT_PRIVILEGE','UC_171_CALLER_SELF_PRIVILEGE','UC_171_MAKER_PRIVILEGE','UC_171_CHECKER_PRIVILEGE','UC_171_EXECUTE_PRIVILEGE',#CURRENT_TIMESTAMP#,0);

-- cash out
INSERT INTO MOB_USE_CASE_PRIVILEGES (ID_USE_CASE,ID_PAYER_PRIVILEGE,ID_PAYEE_PRIVILEGE,ID_CALLER_PRIVILEGE,ID_CALLER_PARENT_PRIVILEGE,ID_CALLER_SELF_PRIVILEGE,ID_MAKER_PRIVILEGE,ID_CHECKER_PRIVILEGE,ID_EXECUTE_PRIVILEGE,DAT_CREATION,ID_CUSTOMER_CREATION) VALUES (172,'UC_172_PAYER_PRIVILEGE','UC_172_PAYEE_PRIVILEGE','UC_172_CALLER_PRIVILEGE','UC_172_CALLER_PARENT_PRIVILEGE','UC_172_CALLER_SELF_PRIVILEGE','UC_172_MAKER_PRIVILEGE','UC_172_CHECKER_PRIVILEGE','UC_172_EXECUTE_PRIVILEGE',#CURRENT_TIMESTAMP#,0);

-- airtime
INSERT INTO MOB_USE_CASE_PRIVILEGES (ID_USE_CASE,ID_PAYER_PRIVILEGE,ID_PAYEE_PRIVILEGE,ID_CALLER_PRIVILEGE,ID_CALLER_PARENT_PRIVILEGE,ID_CALLER_SELF_PRIVILEGE,ID_MAKER_PRIVILEGE,ID_CHECKER_PRIVILEGE,ID_EXECUTE_PRIVILEGE,DAT_CREATION,ID_CUSTOMER_CREATION) VALUES (173,'UC_173_PAYER_PRIVILEGE','UC_173_PAYEE_PRIVILEGE','UC_173_CALLER_PRIVILEGE','UC_173_CALLER_PARENT_PRIVILEGE','UC_173_CALLER_SELF_PRIVILEGE','UC_173_MAKER_PRIVILEGE','UC_173_CHECKER_PRIVILEGE','UC_173_EXECUTE_PRIVILEGE',#CURRENT_TIMESTAMP#,0);

-- Voucher to unknown
INSERT INTO MOB_USE_CASE_PRIVILEGES (ID_USE_CASE,ID_PAYER_PRIVILEGE,ID_PAYEE_PRIVILEGE,ID_CALLER_PRIVILEGE,ID_CALLER_PARENT_PRIVILEGE,ID_CALLER_SELF_PRIVILEGE,ID_MAKER_PRIVILEGE,ID_CHECKER_PRIVILEGE,ID_EXECUTE_PRIVILEGE,DAT_CREATION,ID_CUSTOMER_CREATION) VALUES (174,'UC_174_PAYER_PRIVILEGE','UC_174_PAYEE_PRIVILEGE','UC_174_CALLER_PRIVILEGE','UC_174_CALLER_PARENT_PRIVILEGE','UC_174_CALLER_SELF_PRIVILEGE','UC_174_MAKER_PRIVILEGE','UC_174_CHECKER_PRIVILEGE','UC_174_EXECUTE_PRIVILEGE',#CURRENT_TIMESTAMP#,0);

-- pickup
INSERT INTO MOB_USE_CASE_PRIVILEGES (ID_USE_CASE,ID_PAYER_PRIVILEGE,ID_PAYEE_PRIVILEGE,ID_CALLER_PRIVILEGE,ID_CALLER_PARENT_PRIVILEGE,ID_CALLER_SELF_PRIVILEGE,ID_MAKER_PRIVILEGE,ID_CHECKER_PRIVILEGE,ID_EXECUTE_PRIVILEGE,DAT_CREATION,ID_CUSTOMER_CREATION) VALUES (175,'UC_175_PAYER_PRIVILEGE','UC_175_PAYEE_PRIVILEGE','UC_175_CALLER_PRIVILEGE','UC_175_CALLER_PARENT_PRIVILEGE','UC_175_CALLER_SELF_PRIVILEGE','UC_175_MAKER_PRIVILEGE','UC_175_CHECKER_PRIVILEGE','UC_175_EXECUTE_PRIVILEGE',#CURRENT_TIMESTAMP#,0);

-- self topup
INSERT INTO MOB_USE_CASE_PRIVILEGES (ID_USE_CASE,ID_PAYER_PRIVILEGE,ID_PAYEE_PRIVILEGE,ID_CALLER_PRIVILEGE,ID_CALLER_PARENT_PRIVILEGE,ID_CALLER_SELF_PRIVILEGE,ID_MAKER_PRIVILEGE,ID_CHECKER_PRIVILEGE,ID_EXECUTE_PRIVILEGE,DAT_CREATION,ID_CUSTOMER_CREATION) VALUES (184,'UC_184_PAYER_PRIVILEGE','UC_184_PAYEE_PRIVILEGE','UC_184_CALLER_PRIVILEGE','UC_184_CALLER_PARENT_PRIVILEGE','UC_184_CALLER_SELF_PRIVILEGE','UC_184_MAKER_PRIVILEGE','UC_184_CHECKER_PRIVILEGE','UC_184_EXECUTE_PRIVILEGE',#CURRENT_TIMESTAMP#,0);

-- subscriptions
INSERT INTO MOB_USE_CASE_PRIVILEGES (ID_USE_CASE,ID_PAYER_PRIVILEGE,ID_PAYEE_PRIVILEGE,ID_CALLER_PRIVILEGE,ID_CALLER_PARENT_PRIVILEGE,ID_CALLER_SELF_PRIVILEGE,ID_MAKER_PRIVILEGE,ID_CHECKER_PRIVILEGE,ID_EXECUTE_PRIVILEGE,DAT_CREATION,ID_CUSTOMER_CREATION) VALUES (186,'UC_186_PAYER_PRIVILEGE','UC_186_PAYEE_PRIVILEGE','UC_186_CALLER_PRIVILEGE','UC_186_CALLER_PARENT_PRIVILEGE','UC_186_CALLER_SELF_PRIVILEGE','UC_186_MAKER_PRIVILEGE','UC_186_CHECKER_PRIVILEGE','UC_186_EXECUTE_PRIVILEGE',#CURRENT_TIMESTAMP#,0);

-- C2B
INSERT INTO MOB_USE_CASE_PRIVILEGES (ID_USE_CASE,ID_PAYER_PRIVILEGE,ID_PAYEE_PRIVILEGE,ID_CALLER_PRIVILEGE,ID_CALLER_PARENT_PRIVILEGE,ID_CALLER_SELF_PRIVILEGE,ID_MAKER_PRIVILEGE,ID_CHECKER_PRIVILEGE,ID_EXECUTE_PRIVILEGE,DAT_CREATION,ID_CUSTOMER_CREATION) VALUES (191,'UC_191_PAYER_PRIVILEGE','UC_191_PAYEE_PRIVILEGE','UC_191_CALLER_PRIVILEGE','UC_191_CALLER_PARENT_PRIVILEGE','UC_191_CALLER_SELF_PRIVILEGE','UC_191_MAKER_PRIVILEGE','UC_191_CHECKER_PRIVILEGE','UC_191_EXECUTE_PRIVILEGE',#CURRENT_TIMESTAMP#,0);

-- P2P
INSERT INTO MOB_USE_CASE_PRIVILEGES (ID_USE_CASE,ID_PAYER_PRIVILEGE,ID_PAYEE_PRIVILEGE,ID_CALLER_PRIVILEGE,ID_CALLER_PARENT_PRIVILEGE,ID_CALLER_SELF_PRIVILEGE,ID_MAKER_PRIVILEGE,ID_CHECKER_PRIVILEGE,ID_EXECUTE_PRIVILEGE,DAT_CREATION,ID_CUSTOMER_CREATION) VALUES (193,'UC_193_PAYER_PRIVILEGE','UC_193_PAYEE_PRIVILEGE','UC_193_CALLER_PRIVILEGE','UC_193_CALLER_PARENT_PRIVILEGE','UC_193_CALLER_SELF_PRIVILEGE','UC_193_MAKER_PRIVILEGE','UC_193_CHECKER_PRIVILEGE','UC_193_EXECUTE_PRIVILEGE',#CURRENT_TIMESTAMP#,0);

-- C2C
INSERT INTO MOB_USE_CASE_PRIVILEGES (ID_USE_CASE,ID_PAYER_PRIVILEGE,ID_PAYEE_PRIVILEGE,ID_CALLER_PRIVILEGE,ID_CALLER_PARENT_PRIVILEGE,ID_CALLER_SELF_PRIVILEGE,ID_MAKER_PRIVILEGE,ID_CHECKER_PRIVILEGE,ID_EXECUTE_PRIVILEGE,DAT_CREATION,ID_CUSTOMER_CREATION) VALUES (194,'UC_194_PAYER_PRIVILEGE','UC_194_PAYEE_PRIVILEGE','UC_194_CALLER_PRIVILEGE','UC_194_CALLER_PARENT_PRIVILEGE','UC_194_CALLER_SELF_PRIVILEGE','UC_194_MAKER_PRIVILEGE','UC_194_CHECKER_PRIVILEGE','UC_194_EXECUTE_PRIVILEGE',#CURRENT_TIMESTAMP#,0);

-- B2B
INSERT INTO MOB_USE_CASE_PRIVILEGES (ID_USE_CASE,ID_PAYER_PRIVILEGE,ID_PAYEE_PRIVILEGE,ID_CALLER_PRIVILEGE,ID_CALLER_PARENT_PRIVILEGE,ID_CALLER_SELF_PRIVILEGE,ID_MAKER_PRIVILEGE,ID_CHECKER_PRIVILEGE,ID_EXECUTE_PRIVILEGE,DAT_CREATION,ID_CUSTOMER_CREATION) VALUES (195,'UC_195_PAYER_PRIVILEGE','UC_195_PAYEE_PRIVILEGE','UC_195_CALLER_PRIVILEGE','UC_195_CALLER_PARENT_PRIVILEGE','UC_195_CALLER_SELF_PRIVILEGE','UC_195_MAKER_PRIVILEGE','UC_195_CHECKER_PRIVILEGE','UC_195_EXECUTE_PRIVILEGE',#CURRENT_TIMESTAMP#,0);

-- anonymous P2P
INSERT INTO MOB_USE_CASE_PRIVILEGES (ID_USE_CASE,ID_PAYER_PRIVILEGE,ID_PAYEE_PRIVILEGE,ID_CALLER_PRIVILEGE,ID_CALLER_PARENT_PRIVILEGE,ID_CALLER_SELF_PRIVILEGE,ID_MAKER_PRIVILEGE,ID_CHECKER_PRIVILEGE,ID_EXECUTE_PRIVILEGE,DAT_CREATION,ID_CUSTOMER_CREATION) VALUES (197,'UC_197_PAYER_PRIVILEGE','UC_197_PAYEE_PRIVILEGE','UC_197_CALLER_PRIVILEGE','UC_197_CALLER_PARENT_PRIVILEGE','UC_197_CALLER_SELF_PRIVILEGE','UC_197_MAKER_PRIVILEGE','UC_197_CHECKER_PRIVILEGE','UC_197_EXECUTE_PRIVILEGE',#CURRENT_TIMESTAMP#,0);

-- Commission Clearing
INSERT INTO MOB_USE_CASE_PRIVILEGES (ID_USE_CASE,ID_PAYER_PRIVILEGE,ID_PAYEE_PRIVILEGE,ID_CALLER_PRIVILEGE,ID_CALLER_PARENT_PRIVILEGE,ID_CALLER_SELF_PRIVILEGE,ID_MAKER_PRIVILEGE,ID_CHECKER_PRIVILEGE,ID_EXECUTE_PRIVILEGE,DAT_CREATION,ID_CUSTOMER_CREATION) VALUES (201,'UC_201_PAYER_PRIVILEGE',null,'UC_201_CALLER_PRIVILEGE','UC_201_CALLER_PARENT_PRIVILEGE','UC_201_CALLER_SELF_PRIVILEGE','UC_201_MAKER_PRIVILEGE','UC_201_CHECKER_PRIVILEGE','UC_201_EXECUTE_PRIVILEGE',#CURRENT_TIMESTAMP#,0);

-- B2C
INSERT INTO MOB_USE_CASE_PRIVILEGES (ID_USE_CASE,ID_PAYER_PRIVILEGE,ID_PAYEE_PRIVILEGE,ID_CALLER_PRIVILEGE,ID_CALLER_PARENT_PRIVILEGE,ID_CALLER_SELF_PRIVILEGE,ID_MAKER_PRIVILEGE,ID_CHECKER_PRIVILEGE,ID_EXECUTE_PRIVILEGE,DAT_CREATION,ID_CUSTOMER_CREATION) VALUES (198,'UC_198_PAYER_PRIVILEGE','UC_198_PAYEE_PRIVILEGE','UC_198_CALLER_PRIVILEGE','UC_198_CALLER_PARENT_PRIVILEGE','UC_198_CALLER_SELF_PRIVILEGE','UC_198_MAKER_PRIVILEGE','UC_198_CHECKER_PRIVILEGE','UC_198_EXECUTE_PRIVILEGE',#CURRENT_TIMESTAMP#,0);
INSERT INTO MOB_USE_CASE_PRIVILEGES (ID_USE_CASE,ID_PAYER_PRIVILEGE,ID_PAYEE_PRIVILEGE,ID_CALLER_PRIVILEGE,ID_CALLER_PARENT_PRIVILEGE,ID_CALLER_SELF_PRIVILEGE,ID_MAKER_PRIVILEGE,ID_CHECKER_PRIVILEGE,ID_EXECUTE_PRIVILEGE,DAT_CREATION,ID_CUSTOMER_CREATION) VALUES (199,'UC_199_PAYER_PRIVILEGE','UC_199_PAYEE_PRIVILEGE','UC_199_CALLER_PRIVILEGE','UC_199_CALLER_PARENT_PRIVILEGE','UC_199_CALLER_SELF_PRIVILEGE','UC_199_MAKER_PRIVILEGE','UC_199_CHECKER_PRIVILEGE','UC_199_EXECUTE_PRIVILEGE',#CURRENT_TIMESTAMP#,0);


INSERT INTO MOB_USE_CASE_PRIVILEGES (ID_USE_CASE,ID_PAYER_PRIVILEGE,ID_PAYEE_PRIVILEGE,ID_CALLER_PRIVILEGE,ID_CALLER_PARENT_PRIVILEGE,ID_CALLER_SELF_PRIVILEGE,ID_MAKER_PRIVILEGE,ID_CHECKER_PRIVILEGE,ID_EXECUTE_PRIVILEGE,DAT_CREATION,ID_CUSTOMER_CREATION) VALUES (179,'UC_179_PAYER_PRIVILEGE','UC_179_PAYEE_PRIVILEGE','UC_179_CALLER_PRIVILEGE','UC_179_CALLER_PARENT_PRIVILEGE','UC_179_CALLER_SELF_PRIVILEGE','UC_179_MAKER_PRIVILEGE','UC_179_CHECKER_PRIVILEGE','UC_179_EXECUTE_PRIVILEGE',#CURRENT_TIMESTAMP#,0);

-- demand for payment 202
INSERT INTO MOB_USE_CASE_PRIVILEGES (ID_USE_CASE,ID_PAYER_PRIVILEGE,ID_PAYEE_PRIVILEGE,ID_CALLER_PRIVILEGE,ID_CALLER_PARENT_PRIVILEGE,ID_CALLER_SELF_PRIVILEGE,ID_MAKER_PRIVILEGE,ID_CHECKER_PRIVILEGE,ID_EXECUTE_PRIVILEGE,DAT_CREATION,ID_CUSTOMER_CREATION) VALUES (202,'UC_202_PAYER_PRIVILEGE','UC_202_PAYEE_PRIVILEGE','UC_202_CALLER_PRIVILEGE','UC_202_CALLER_PARENT_PRIVILEGE','UC_202_CALLER_SELF_PRIVILEGE','UC_202_MAKER_PRIVILEGE','UC_202_CHECKER_PRIVILEGE','UC_202_EXECUTE_PRIVILEGE',#CURRENT_TIMESTAMP#,0);

-- Standard micro payment
INSERT INTO MOB_USE_CASE_PRIVILEGES (ID_USE_CASE,ID_PAYER_PRIVILEGE,ID_PAYEE_PRIVILEGE,ID_CALLER_PRIVILEGE,ID_CALLER_PARENT_PRIVILEGE,ID_CALLER_SELF_PRIVILEGE,ID_MAKER_PRIVILEGE,ID_CHECKER_PRIVILEGE,ID_EXECUTE_PRIVILEGE,DAT_CREATION,ID_CUSTOMER_CREATION) VALUES (177,null,null,'UC_177_CALLER_PRIVILEGE','UC_177_CALLER_PARENT_PRIVILEGE','UC_177_CALLER_SELF_PRIVILEGE','UC_177_MAKER_PRIVILEGE','UC_177_CHECKER_PRIVILEGE','UC_177_EXECUTE_PRIVILEGE',#CURRENT_TIMESTAMP#,0);

-- Standard internal load voucher
INSERT INTO MOB_USE_CASE_PRIVILEGES (ID_USE_CASE,ID_PAYER_PRIVILEGE,ID_PAYEE_PRIVILEGE,ID_CALLER_PRIVILEGE,ID_CALLER_PARENT_PRIVILEGE,ID_CALLER_SELF_PRIVILEGE,ID_MAKER_PRIVILEGE,ID_CHECKER_PRIVILEGE,ID_EXECUTE_PRIVILEGE,DAT_CREATION,ID_CUSTOMER_CREATION) VALUES (150,null,null,'UC_150_CALLER_PRIVILEGE','UC_150_CALLER_PARENT_PRIVILEGE','UC_150_CALLER_SELF_PRIVILEGE','UC_150_MAKER_PRIVILEGE','UC_150_CHECKER_PRIVILEGE','UC_150_EXECUTE_PRIVILEGE',#CURRENT_TIMESTAMP#,0);


INSERT INTO MOB_USE_CASE_PRIVILEGES (ID_USE_CASE,ID_PAYER_PRIVILEGE,ID_PAYEE_PRIVILEGE,ID_CALLER_PRIVILEGE,ID_CALLER_PARENT_PRIVILEGE,ID_CALLER_SELF_PRIVILEGE,ID_MAKER_PRIVILEGE,ID_CHECKER_PRIVILEGE,ID_EXECUTE_PRIVILEGE,DAT_CREATION,ID_CUSTOMER_CREATION) VALUES (203,'UC_203_PAYER_PRIVILEGE','UC_203_PAYEE_PRIVILEGE','UC_203_CALLER_PRIVILEGE','UC_203_CALLER_PARENT_PRIVILEGE','UC_203_CALLER_SELF_PRIVILEGE','UC_203_MAKER_PRIVILEGE','UC_203_CHECKER_PRIVILEGE','UC_203_EXECUTE_PRIVILEGE',#CURRENT_TIMESTAMP#,0);
INSERT INTO MOB_USE_CASE_PRIVILEGES (ID_USE_CASE,ID_PAYER_PRIVILEGE,ID_PAYEE_PRIVILEGE,ID_CALLER_PRIVILEGE,ID_CALLER_PARENT_PRIVILEGE,ID_CALLER_SELF_PRIVILEGE,ID_MAKER_PRIVILEGE,ID_CHECKER_PRIVILEGE,ID_EXECUTE_PRIVILEGE,DAT_CREATION,ID_CUSTOMER_CREATION) VALUES (204,'UC_204_PAYER_PRIVILEGE','UC_204_PAYEE_PRIVILEGE','UC_204_CALLER_PRIVILEGE','UC_204_CALLER_PARENT_PRIVILEGE','UC_204_CALLER_SELF_PRIVILEGE','UC_204_MAKER_PRIVILEGE','UC_204_CHECKER_PRIVILEGE','UC_204_EXECUTE_PRIVILEGE',#CURRENT_TIMESTAMP#,0);
INSERT INTO MOB_USE_CASE_PRIVILEGES (ID_USE_CASE,ID_PAYER_PRIVILEGE,ID_PAYEE_PRIVILEGE,ID_CALLER_PRIVILEGE,ID_CALLER_PARENT_PRIVILEGE,ID_CALLER_SELF_PRIVILEGE,ID_MAKER_PRIVILEGE,ID_CHECKER_PRIVILEGE,ID_EXECUTE_PRIVILEGE,DAT_CREATION,ID_CUSTOMER_CREATION) VALUES (205,'UC_205_PAYER_PRIVILEGE','UC_205_PAYEE_PRIVILEGE','UC_205_CALLER_PRIVILEGE','UC_205_CALLER_PARENT_PRIVILEGE','UC_205_CALLER_SELF_PRIVILEGE','UC_205_MAKER_PRIVILEGE','UC_205_CHECKER_PRIVILEGE','UC_205_EXECUTE_PRIVILEGE',#CURRENT_TIMESTAMP#,0);
INSERT INTO MOB_USE_CASE_PRIVILEGES (ID_USE_CASE,ID_PAYER_PRIVILEGE,ID_PAYEE_PRIVILEGE,ID_CALLER_PRIVILEGE,ID_CALLER_PARENT_PRIVILEGE,ID_CALLER_SELF_PRIVILEGE,ID_MAKER_PRIVILEGE,ID_CHECKER_PRIVILEGE,ID_EXECUTE_PRIVILEGE,DAT_CREATION,ID_CUSTOMER_CREATION) VALUES (206,'UC_206_PAYER_PRIVILEGE','UC_206_PAYEE_PRIVILEGE','UC_206_CALLER_PRIVILEGE','UC_206_CALLER_PARENT_PRIVILEGE','UC_206_CALLER_SELF_PRIVILEGE','UC_206_MAKER_PRIVILEGE','UC_206_CHECKER_PRIVILEGE','UC_206_EXECUTE_PRIVILEGE',#CURRENT_TIMESTAMP#,0);
INSERT INTO MOB_USE_CASE_PRIVILEGES (ID_USE_CASE,ID_PAYER_PRIVILEGE,ID_PAYEE_PRIVILEGE,ID_CALLER_PRIVILEGE,ID_CALLER_PARENT_PRIVILEGE,ID_CALLER_SELF_PRIVILEGE,ID_MAKER_PRIVILEGE,ID_CHECKER_PRIVILEGE,ID_EXECUTE_PRIVILEGE,DAT_CREATION,ID_CUSTOMER_CREATION) VALUES (176,'UC_176_PAYER_PRIVILEGE','UC_176_PAYEE_PRIVILEGE','UC_176_CALLER_PRIVILEGE','UC_176_CALLER_PARENT_PRIVILEGE','UC_176_CALLER_SELF_PRIVILEGE','UC_176_MAKER_PRIVILEGE','UC_176_CHECKER_PRIVILEGE','UC_176_EXECUTE_PRIVILEGE',#CURRENT_TIMESTAMP#,0);
INSERT INTO MOB_USE_CASE_PRIVILEGES (ID_USE_CASE,ID_PAYER_PRIVILEGE,ID_PAYEE_PRIVILEGE,ID_CALLER_PRIVILEGE,ID_CALLER_PARENT_PRIVILEGE,ID_CALLER_SELF_PRIVILEGE,ID_MAKER_PRIVILEGE,ID_CHECKER_PRIVILEGE,ID_EXECUTE_PRIVILEGE,DAT_CREATION,ID_CUSTOMER_CREATION) VALUES (180,'UC_180_PAYER_PRIVILEGE','UC_180_PAYEE_PRIVILEGE','UC_180_CALLER_PRIVILEGE','UC_180_CALLER_PARENT_PRIVILEGE','UC_180_CALLER_SELF_PRIVILEGE','UC_180_MAKER_PRIVILEGE','UC_180_CHECKER_PRIVILEGE','UC_180_EXECUTE_PRIVILEGE',#CURRENT_TIMESTAMP#,0);
INSERT INTO MOB_USE_CASE_PRIVILEGES (ID_USE_CASE,ID_PAYER_PRIVILEGE,ID_PAYEE_PRIVILEGE,ID_CALLER_PRIVILEGE,ID_CALLER_PARENT_PRIVILEGE,ID_CALLER_SELF_PRIVILEGE,ID_MAKER_PRIVILEGE,ID_CHECKER_PRIVILEGE,ID_EXECUTE_PRIVILEGE,DAT_CREATION,ID_CUSTOMER_CREATION) VALUES (181,'UC_181_PAYER_PRIVILEGE','UC_181_PAYEE_PRIVILEGE','UC_181_CALLER_PRIVILEGE','UC_181_CALLER_PARENT_PRIVILEGE','UC_181_CALLER_SELF_PRIVILEGE','UC_181_MAKER_PRIVILEGE','UC_181_CHECKER_PRIVILEGE','UC_181_EXECUTE_PRIVILEGE',#CURRENT_TIMESTAMP#,0);
INSERT INTO MOB_USE_CASE_PRIVILEGES (ID_USE_CASE,ID_PAYER_PRIVILEGE,ID_PAYEE_PRIVILEGE,ID_CALLER_PRIVILEGE,ID_CALLER_PARENT_PRIVILEGE,ID_CALLER_SELF_PRIVILEGE,ID_MAKER_PRIVILEGE,ID_CHECKER_PRIVILEGE,ID_EXECUTE_PRIVILEGE,DAT_CREATION,ID_CUSTOMER_CREATION) VALUES (182,'UC_182_PAYER_PRIVILEGE','UC_182_PAYEE_PRIVILEGE','UC_182_CALLER_PRIVILEGE','UC_182_CALLER_PARENT_PRIVILEGE','UC_182_CALLER_SELF_PRIVILEGE','UC_182_MAKER_PRIVILEGE','UC_182_CHECKER_PRIVILEGE','UC_182_EXECUTE_PRIVILEGE',#CURRENT_TIMESTAMP#,0);
INSERT INTO MOB_USE_CASE_PRIVILEGES (ID_USE_CASE,ID_PAYER_PRIVILEGE,ID_PAYEE_PRIVILEGE,ID_CALLER_PRIVILEGE,ID_CALLER_PARENT_PRIVILEGE,ID_CALLER_SELF_PRIVILEGE,ID_MAKER_PRIVILEGE,ID_CHECKER_PRIVILEGE,ID_EXECUTE_PRIVILEGE,DAT_CREATION,ID_CUSTOMER_CREATION) VALUES (183,'UC_183_PAYER_PRIVILEGE','UC_183_PAYEE_PRIVILEGE','UC_183_CALLER_PRIVILEGE','UC_183_CALLER_PARENT_PRIVILEGE','UC_183_CALLER_SELF_PRIVILEGE','UC_183_MAKER_PRIVILEGE','UC_183_CHECKER_PRIVILEGE','UC_183_EXECUTE_PRIVILEGE',#CURRENT_TIMESTAMP#,0);


INSERT INTO MOB_WRK_CUSTOMERS(ID_CUSTOMER_TYPE,ID_MAKER_PRIVILEGE,ID_CHECKER_PRIVILEGE,ID_EXECUTE_PRIVILEGE,ID_MAKER_PRIVILEGE_DEACT,ID_CHECKER_PRIVILEGE_DEACT,ID_EXECUTE_PRIVILEGE_DEACT,DAT_CREATION,ID_CUSTOMER_CREATION) VALUES(2,'CONSUMER_MAKER','CONSUMER_CHECKER','CONSUMER_EXECUTE','CONSUMER_DEACT_MAKER','CONSUMER_DEACT_CHECKER','CONSUMER_DEACT_EXECUTE',#CURRENT_TIMESTAMP#,0);
INSERT INTO MOB_WRK_CUSTOMERS(ID_CUSTOMER_TYPE,ID_MAKER_PRIVILEGE,ID_CHECKER_PRIVILEGE,ID_EXECUTE_PRIVILEGE,ID_MAKER_PRIVILEGE_DEACT,ID_CHECKER_PRIVILEGE_DEACT,ID_EXECUTE_PRIVILEGE_DEACT,DAT_CREATION,ID_CUSTOMER_CREATION) VALUES(0,'AGENT_MAKER','AGENT_CHECKER','AGENT_EXECUTE','AGENT_DEACT_MAKER','AGENT_DEACT_CHECKER','AGENT_DEACT_EXECUTE',#CURRENT_TIMESTAMP#,0);
INSERT INTO MOB_WRK_CUSTOMERS(ID_CUSTOMER_TYPE,ID_MAKER_PRIVILEGE,ID_CHECKER_PRIVILEGE,ID_EXECUTE_PRIVILEGE,ID_MAKER_PRIVILEGE_DEACT,ID_CHECKER_PRIVILEGE_DEACT,ID_EXECUTE_PRIVILEGE_DEACT,DAT_CREATION,ID_CUSTOMER_CREATION) VALUES(3,'MERCHANT_MAKER','MERCHANT_CHECKER','MERCHANT_EXECUTE','MERCHANT_DEACT_MAKER','MERCHANT_DEACT_CHECKER','MERCHANT_DEACT_EXECUTE',#CURRENT_TIMESTAMP#,0);
INSERT INTO MOB_WRK_CUSTOMERS(ID_CUSTOMER_TYPE,ID_MAKER_PRIVILEGE,ID_CHECKER_PRIVILEGE,ID_EXECUTE_PRIVILEGE,ID_MAKER_PRIVILEGE_DEACT,ID_CHECKER_PRIVILEGE_DEACT,ID_EXECUTE_PRIVILEGE_DEACT,DAT_CREATION,ID_CUSTOMER_CREATION) VALUES(8,'MERCHANT_AGENT_MAKER','MERCHANT_AGENT_CHECKER','MERCHANT_AGENT_EXECUTE','MERCHANT_AGENT_DEACT_MAKER','MERCHANT_AGENT_DEACT_CHECKER','MERCHANT_AGENT_DEACT_EXECUTE',#CURRENT_TIMESTAMP#,0);
INSERT INTO MOB_WRK_CUSTOMERS(ID_CUSTOMER_TYPE,ID_MAKER_PRIVILEGE,ID_CHECKER_PRIVILEGE,ID_EXECUTE_PRIVILEGE,ID_MAKER_PRIVILEGE_DEACT,ID_CHECKER_PRIVILEGE_DEACT,ID_EXECUTE_PRIVILEGE_DEACT,DAT_CREATION,ID_CUSTOMER_CREATION) VALUES(11,'MERCHANT_DEALER_MAKER','MERCHANT_DEALER_CHECKER','MERCHANT_DEALER_EXECUTE','MERCHANT_DEALER_DEACT_MAKER','MERCHANT_DEALER_DEACT_CHECKER','MERCHANT_DEALER_DEACT_EXECUTE',#CURRENT_TIMESTAMP#,0);
INSERT INTO MOB_WRK_CUSTOMERS(ID_CUSTOMER_TYPE,ID_MAKER_PRIVILEGE,ID_CHECKER_PRIVILEGE,ID_EXECUTE_PRIVILEGE,ID_MAKER_PRIVILEGE_DEACT,ID_CHECKER_PRIVILEGE_DEACT,ID_EXECUTE_PRIVILEGE_DEACT,DAT_CREATION,ID_CUSTOMER_CREATION) VALUES(9,'BENEFICIARY_MAKER','BENEFICIARY_CHECKER','BENEFICIARY_EXECUTE','BENEFICIARY_DEACT_MAKER','BENEFICIARY_DEACT_CHECKER','BENEFICIARY_DEACT_EXECUTE',#CURRENT_TIMESTAMP#,0);
INSERT INTO MOB_WRK_CUSTOMERS(ID_CUSTOMER_TYPE,ID_MAKER_PRIVILEGE,ID_CHECKER_PRIVILEGE,ID_EXECUTE_PRIVILEGE,ID_MAKER_PRIVILEGE_DEACT,ID_CHECKER_PRIVILEGE_DEACT,ID_EXECUTE_PRIVILEGE_DEACT,DAT_CREATION,ID_CUSTOMER_CREATION) VALUES(101,'FEE_CONSUMER_MAKER','FEE_CONSUMER_CHECKER','FEE_CONSUMER_EXECUTE','FEE_CONSUMER_DEACT_MAKER','FEE_CONSUMER_DEACT_CHECKER','FEE_CONSUMER_DEACT_EXECUTE',#CURRENT_TIMESTAMP#,0);
INSERT INTO MOB_WRK_CUSTOMERS(ID_CUSTOMER_TYPE,ID_MAKER_PRIVILEGE,ID_CHECKER_PRIVILEGE,ID_EXECUTE_PRIVILEGE,ID_MAKER_PRIVILEGE_DEACT,ID_CHECKER_PRIVILEGE_DEACT,ID_EXECUTE_PRIVILEGE_DEACT,DAT_CREATION,ID_CUSTOMER_CREATION) VALUES(10,'HEADQUARTER_MAKER','HEADQUARTER_CHECKER','HEADQUARTER_EXECUTE','HEADQUARTER_DEACT_MAKER','HEADQUARTER_DEACT_CHECKER','HEADQUARTER_DEACT_EXECUTE',#CURRENT_TIMESTAMP#,0);


INSERT INTO MOB_INTEREST_PERIOD (STR_INTEREST_PERIOD,STR_DESCRIPTION,STR_CUTOFF_CRON,DAT_CREATION,ID_CUSTOMER_CREATION) VALUES ('MON','MONTHLY INTEREST CLEARING PERIOD','0 0-59/5 * ? * * *',#CURRENT_TIMESTAMP#,0);

INSERT INTO MOB_INTEREST_PRODUCT (BOL_IS_ACTIVE,STR_PRODUCT_NAME,ID_INTEREST_PRODUCT,ID_DEBIT_RATE_SCALE,ID_CREDIT_RATE_SCALE,STR_SNAPSHOT_METHOD,STR_CALCULATION_METHOD,ID_PI_INCOME_ACCOUNT,ID_PI_EXPENSE_ACCOUNT,ID_PI_DEBIT_CLEARING_ACCOUNT,ID_PI_CREDIT_CLEARING_ACCOUNT,ID_PI_CREDIT_TAX_ACC,ID_CREDIT_TAX_SCALE,STR_CALCULATION_PERIOD,STR_CLEARING_PERIOD,DAT_CREATION,ID_CUSTOMER_CREATION) VALUES ('Y','TestProduct',201,201,201,'EOD','DD',301,302,303,304,305,NULL,'MON','MON',#CURRENT_TIMESTAMP#,0);

INSERT INTO MOB_INTEREST_PRODUCT_MAPPING (ID_ENTITY,ID_PI_TYPE,ID_CUSTOMER_TYPE,ID_PRODUCT,ID_ORGUNIT,DAT_CREATION,ID_CUSTOMER_CREATION) VALUES (201,0,0,201,'0000',#CURRENT_TIMESTAMP#,0);
INSERT INTO MOB_INTEREST_PRODUCT_MAPPING (ID_ENTITY,ID_PI_TYPE,ID_CUSTOMER_TYPE,ID_PRODUCT,ID_ORGUNIT,DAT_CREATION,ID_CUSTOMER_CREATION) VALUES (202,0,2,201,'0000',#CURRENT_TIMESTAMP#,0);
INSERT INTO MOB_INTEREST_PRODUCT_MAPPING (ID_ENTITY,ID_PI_TYPE,ID_CUSTOMER_TYPE,ID_PRODUCT,ID_ORGUNIT,DAT_CREATION,ID_CUSTOMER_CREATION) VALUES (203,0,3,201,'0000',#CURRENT_TIMESTAMP#,0);
INSERT INTO MOB_INTEREST_PRODUCT_MAPPING (ID_ENTITY,ID_PI_TYPE,ID_CUSTOMER_TYPE,ID_PRODUCT,ID_ORGUNIT,DAT_CREATION,ID_CUSTOMER_CREATION) VALUES (208,0,8,201,'0000',#CURRENT_TIMESTAMP#,0);
INSERT INTO MOB_INTEREST_PRODUCT_MAPPING (ID_ENTITY,ID_PI_TYPE,ID_CUSTOMER_TYPE,ID_PRODUCT,ID_ORGUNIT,DAT_CREATION,ID_CUSTOMER_CREATION) VALUES (209,0,9,201,'0000',#CURRENT_TIMESTAMP#,0);
INSERT INTO MOB_INTEREST_PRODUCT_MAPPING (ID_ENTITY,ID_PI_TYPE,ID_CUSTOMER_TYPE,ID_PRODUCT,ID_ORGUNIT,DAT_CREATION,ID_CUSTOMER_CREATION) VALUES (210,0,10,201,'0000',#CURRENT_TIMESTAMP#,0);

-- Preferences
insert into MOB_PREFERENCES (ID_PREFERENCE, STR_PATH, STR_NAME, STR_VALUE, STR_TYPE, STR_DESCRIPTION, ID_CUSTOMER_CREATION) values (#SEQ_VAL# *50,'/businesslayer/system/com/sybase365/mobiliser/money/jobs/alerts/cronjobs/newsletter/NewsLetterJob/', 'maxPoolSize', '10', 'java.lang.Integer', 'max size of the thread pool', 0);
insert into MOB_PREFERENCES (ID_PREFERENCE, STR_PATH, STR_NAME, STR_VALUE, STR_TYPE, STR_DESCRIPTION, ID_CUSTOMER_CREATION) values (#SEQ_VAL# *50,'/businesslayer/system/com/sybase365/mobiliser/money/jobs/alerts/cronjobs/newsletter/NewsLetterJob/', 'moneyPoolSize', '10', 'java.lang.Integer', 'money size of the thread pool', 0);
insert into MOB_PREFERENCES (ID_PREFERENCE, STR_PATH, STR_NAME, STR_VALUE, STR_TYPE, STR_DESCRIPTION, ID_CUSTOMER_CREATION) values (#SEQ_VAL# *50,'/businesslayer/system/com/sybase365/mobiliser/money/jobs/alerts/cronjobs/newsletter/NewsLetterJob/', 'executionTimeOutMinutes', '300', 'java.lang.Integer', 'worker thread timeout in minutes', 0);
insert into MOB_PREFERENCES (ID_PREFERENCE, STR_PATH, STR_NAME, STR_VALUE, STR_TYPE, STR_DESCRIPTION, ID_CUSTOMER_CREATION) values (#SEQ_VAL# *50,'/businesslayer/system/com/sybase365/mobiliser/money/jobs/alerts/cronjobs/newsletter/NewsLetterJob/', 'keepAliveTime', '2', 'java.lang.Integer', 'worker thread keep alive time in minutes', 0);
insert into MOB_PREFERENCES (ID_PREFERENCE, STR_PATH, STR_NAME, STR_VALUE, STR_TYPE, STR_DESCRIPTION, ID_CUSTOMER_CREATION) values (#SEQ_VAL# *50,'/businesslayer/system/com/sybase365/mobiliser/money/jobs/alerts/cronjobs/newsletter/NewsLetterJob/', 'queueSize', '100', 'java.lang.Integer', 'thread executor quere size', 0);
insert into MOB_PREFERENCES (ID_PREFERENCE, STR_PATH, STR_NAME, STR_VALUE, STR_TYPE, STR_DESCRIPTION, ID_CUSTOMER_CREATION) values (#SEQ_VAL# *50,'/businesslayer/system/com/sybase365/mobiliser/money/jobs/alerts/cronjobs/newsletter/NewsLetterJob/', 'batchSize', '500', 'java.lang.Integer', 'batch size to fetch in scrollable result set', 0);
insert into MOB_PREFERENCES (ID_PREFERENCE, STR_PATH, STR_NAME, STR_VALUE, STR_TYPE, STR_DESCRIPTION, ID_CUSTOMER_CREATION) values (#SEQ_VAL# *50,'/businesslayer/system/com/sybase365/mobiliser/money/jobs/alerts/cronjobs/newsletter/NewsLetterJob/', 'internal.dao.callerId', '100', 'java.lang.Long', 'internal service user ID', 0);
insert into MOB_PREFERENCES (ID_PREFERENCE, STR_PATH, STR_NAME, STR_VALUE, STR_TYPE, STR_DESCRIPTION, ID_CUSTOMER_CREATION) values (#SEQ_VAL# *50,'/businesslayer/system/com/sybase365/mobiliser/money/jobs/alerts/cronjobs/newsletter/NewsLetterJob/', 'internal.service.username', 'mobiliser', 'java.lang.String', 'internal service user ID', 0);

insert into MOB_PREFERENCES (ID_PREFERENCE, STR_PATH, STR_NAME, STR_VALUE, STR_TYPE, STR_DESCRIPTION, ID_CUSTOMER_CREATION) values (#SEQ_VAL# *50,'/businesslayer/system/com/sybase365/mobiliser/money/jobs/alerts/handler/newsletter/NewsLetterNotificationHandler/', 'event.expiry', '0', 'java.lang.Integer', 'period of time after which unprocessed events will be processed', 0);
insert into MOB_PREFERENCES (ID_PREFERENCE, STR_PATH, STR_NAME, STR_VALUE, STR_TYPE, STR_DESCRIPTION, ID_CUSTOMER_CREATION) values (#SEQ_VAL# *50,'/businesslayer/system/com/sybase365/mobiliser/money/jobs/alerts/handler/newsletter/NewsLetterNotificationHandler/', 'event.handler.maxActive', '50', 'java.lang.Integer', 'maximum number of active event handler pool threads', 0);
insert into MOB_PREFERENCES (ID_PREFERENCE, STR_PATH, STR_NAME, STR_VALUE, STR_TYPE, STR_DESCRIPTION, ID_CUSTOMER_CREATION) values (#SEQ_VAL# *50,'/businesslayer/system/com/sybase365/mobiliser/money/jobs/alerts/handler/newsletter/NewsLetterNotificationHandler/', 'event.handler.maxIdle', '20', 'java.lang.Integer', 'maximum number of idle event handler pool threads', 0);
insert into MOB_PREFERENCES (ID_PREFERENCE, STR_PATH, STR_NAME, STR_VALUE, STR_TYPE, STR_DESCRIPTION, ID_CUSTOMER_CREATION) values (#SEQ_VAL# *50,'/businesslayer/system/com/sybase365/mobiliser/money/jobs/alerts/handler/newsletter/NewsLetterNotificationHandler/', 'internal.service.username', 'mobiliser', 'java.lang.String', 'internal service user ID', 0);


insert into MOB_PREFERENCES (ID_PREFERENCE, STR_PATH, STR_NAME, STR_VALUE, STR_TYPE, STR_DESCRIPTION, ID_CUSTOMER_CREATION) values (#SEQ_VAL# *50,'/businesslayer/system/com/sybase365/mobiliser/money/jobs/alerts/cronjobs/balancesummary/AccountBalanceSummaryJob/', 'maxPoolSize', '10', 'java.lang.Integer', 'max size of the thread pool', 0);
insert into MOB_PREFERENCES (ID_PREFERENCE, STR_PATH, STR_NAME, STR_VALUE, STR_TYPE, STR_DESCRIPTION, ID_CUSTOMER_CREATION) values (#SEQ_VAL# *50,'/businesslayer/system/com/sybase365/mobiliser/money/jobs/alerts/cronjobs/balancesummary/AccountBalanceSummaryJob/', 'corePoolSize', '10', 'java.lang.Integer', 'core size of the thread pool', 0);
insert into MOB_PREFERENCES (ID_PREFERENCE, STR_PATH, STR_NAME, STR_VALUE, STR_TYPE, STR_DESCRIPTION, ID_CUSTOMER_CREATION) values (#SEQ_VAL# *50,'/businesslayer/system/com/sybase365/mobiliser/money/jobs/alerts/cronjobs/balancesummary/AccountBalanceSummaryJob/', 'executionTimeOutMinutes', '300', 'java.lang.Integer', 'worker thread timeout in minutes', 0);
insert into MOB_PREFERENCES (ID_PREFERENCE, STR_PATH, STR_NAME, STR_VALUE, STR_TYPE, STR_DESCRIPTION, ID_CUSTOMER_CREATION) values (#SEQ_VAL# *50,'/businesslayer/system/com/sybase365/mobiliser/money/jobs/alerts/cronjobs/balancesummary/AccountBalanceSummaryJob/', 'keepAliveTime', '2', 'java.lang.Integer', 'worker thread keep alive time in minutes', 0);
insert into MOB_PREFERENCES (ID_PREFERENCE, STR_PATH, STR_NAME, STR_VALUE, STR_TYPE, STR_DESCRIPTION, ID_CUSTOMER_CREATION) values (#SEQ_VAL# *50,'/businesslayer/system/com/sybase365/mobiliser/money/jobs/alerts/cronjobs/balancesummary/AccountBalanceSummaryJob/', 'queueSize', '100', 'java.lang.Integer', 'thread executor quere size', 0);
insert into MOB_PREFERENCES (ID_PREFERENCE, STR_PATH, STR_NAME, STR_VALUE, STR_TYPE, STR_DESCRIPTION, ID_CUSTOMER_CREATION) values (#SEQ_VAL# *50,'/businesslayer/system/com/sybase365/mobiliser/money/jobs/alerts/cronjobs/balancesummary/AccountBalanceSummaryJob/', 'batchSize', '500', 'java.lang.Integer', 'batch size to fetch in scrollable result set', 0);
insert into MOB_PREFERENCES (ID_PREFERENCE, STR_PATH, STR_NAME, STR_VALUE, STR_TYPE, STR_DESCRIPTION, ID_CUSTOMER_CREATION) values (#SEQ_VAL# *50,'/businesslayer/system/com/sybase365/mobiliser/money/jobs/alerts/cronjobs/balancesummary/AccountBalanceSummaryJob/', 'internal.dao.callerId', '100', 'java.lang.Long', 'internal service user ID', 0);

-- cancel expired txns task configuration
insert into MOB_PREFERENCES (ID_PREFERENCE, STR_PATH, STR_NAME, STR_VALUE, STR_TYPE, STR_DESCRIPTION, ID_CUSTOMER_CREATION) values (#SEQ_VAL# * 50,'/businesslayer/system/com/sybase365/mobiliser/money/jobs/tasks/cancelexpired/CancelExpiredTransactionsTask/', 'maxPoolSize', '10', 'java.lang.Integer', 'max size of the thread pool', 0);
insert into MOB_PREFERENCES (ID_PREFERENCE, STR_PATH, STR_NAME, STR_VALUE, STR_TYPE, STR_DESCRIPTION, ID_CUSTOMER_CREATION) values (#SEQ_VAL# * 50,'/businesslayer/system/com/sybase365/mobiliser/money/jobs/tasks/cancelexpired/CancelExpiredTransactionsTask/', 'corePoolSize', '10', 'java.lang.Integer', 'core size of the thread pool', 0);
insert into MOB_PREFERENCES (ID_PREFERENCE, STR_PATH, STR_NAME, STR_VALUE, STR_TYPE, STR_DESCRIPTION, ID_CUSTOMER_CREATION) values (#SEQ_VAL# * 50,'/businesslayer/system/com/sybase365/mobiliser/money/jobs/tasks/cancelexpired/CancelExpiredTransactionsTask/', 'executionTimeOutMinutes', '300', 'java.lang.Integer', 'worker thread timeout in minutes', 0);
insert into MOB_PREFERENCES (ID_PREFERENCE, STR_PATH, STR_NAME, STR_VALUE, STR_TYPE, STR_DESCRIPTION, ID_CUSTOMER_CREATION) values (#SEQ_VAL# * 50,'/businesslayer/system/com/sybase365/mobiliser/money/jobs/tasks/cancelexpired/CancelExpiredTransactionsTask/', 'keepAliveTime', '2', 'java.lang.Integer', 'worker thread keep alive time in minutes', 0);
insert into MOB_PREFERENCES (ID_PREFERENCE, STR_PATH, STR_NAME, STR_VALUE, STR_TYPE, STR_DESCRIPTION, ID_CUSTOMER_CREATION) values (#SEQ_VAL# * 50,'/businesslayer/system/com/sybase365/mobiliser/money/jobs/tasks/cancelexpired/CancelExpiredTransactionsTask/', 'queueSize', '100', 'java.lang.Integer', 'thread executor quere size', 0);
insert into MOB_PREFERENCES (ID_PREFERENCE, STR_PATH, STR_NAME, STR_VALUE, STR_TYPE, STR_DESCRIPTION, ID_CUSTOMER_CREATION) values (#SEQ_VAL# * 50,'/businesslayer/system/com/sybase365/mobiliser/money/jobs/tasks/cancelexpired/CancelExpiredTransactionsTask/', 'batchSize', '500', 'java.lang.Integer', 'batch size to fetch in scrollable result set', 0);
