INSERT INTO CPN_CATEGORIES (ID_CATEGORY,STR_CATEGORY,ID_PARENT_CATEGORY,ID_CATEGORY_GROUP,BOL_IS_ACTIVE,ID_PRIORITY,DAT_CREATION,ID_CUSTOMER_CREATION) VALUES (100,'Food',null,1,'Y',1,#CURRENT_TIMESTAMP#,0); 
INSERT INTO CPN_CATEGORIES (ID_CATEGORY,STR_CATEGORY,ID_PARENT_CATEGORY,ID_CATEGORY_GROUP,BOL_IS_ACTIVE,ID_PRIORITY,DAT_CREATION,ID_CUSTOMER_CREATION) VALUES (110,'McDonalds',100,1,'Y',1,#CURRENT_TIMESTAMP#,0); 
INSERT INTO CPN_CATEGORIES (ID_CATEGORY,STR_CATEGORY,ID_PARENT_CATEGORY,ID_CATEGORY_GROUP,BOL_IS_ACTIVE,ID_PRIORITY,DAT_CREATION,ID_CUSTOMER_CREATION) VALUES (120,'Burger King',100,1,'Y',1,#CURRENT_TIMESTAMP#,0); 
INSERT INTO CPN_CATEGORIES (ID_CATEGORY,STR_CATEGORY,ID_PARENT_CATEGORY,ID_CATEGORY_GROUP,BOL_IS_ACTIVE,ID_PRIORITY,DAT_CREATION,ID_CUSTOMER_CREATION) VALUES (200,'Electronics',null,1,'Y',1,#CURRENT_TIMESTAMP#,0); 
INSERT INTO CPN_CATEGORIES (ID_CATEGORY,STR_CATEGORY,ID_PARENT_CATEGORY,ID_CATEGORY_GROUP,BOL_IS_ACTIVE,ID_PRIORITY,DAT_CREATION,ID_CUSTOMER_CREATION) VALUES (210,'Cell Phones',200,1,'Y',1,#CURRENT_TIMESTAMP#,0); 
INSERT INTO CPN_CATEGORIES (ID_CATEGORY,STR_CATEGORY,ID_PARENT_CATEGORY,ID_CATEGORY_GROUP,BOL_IS_ACTIVE,ID_PRIORITY,DAT_CREATION,ID_CUSTOMER_CREATION) VALUES (211,'Cell Phones/Apple',210,1,'Y',1,#CURRENT_TIMESTAMP#,0); 
INSERT INTO CPN_CATEGORIES (ID_CATEGORY,STR_CATEGORY,ID_PARENT_CATEGORY,ID_CATEGORY_GROUP,BOL_IS_ACTIVE,ID_PRIORITY,DAT_CREATION,ID_CUSTOMER_CREATION) VALUES (212,'Cell Phones/Samsung',210,1,'Y',1,#CURRENT_TIMESTAMP#,0); 
INSERT INTO CPN_CATEGORIES (ID_CATEGORY,STR_CATEGORY,ID_PARENT_CATEGORY,ID_CATEGORY_GROUP,BOL_IS_ACTIVE,ID_PRIORITY,DAT_CREATION,ID_CUSTOMER_CREATION) VALUES (220,'Cameras',200,1,'Y',1,#CURRENT_TIMESTAMP#,0); 
INSERT INTO CPN_CATEGORIES (ID_CATEGORY,STR_CATEGORY,ID_PARENT_CATEGORY,ID_CATEGORY_GROUP,BOL_IS_ACTIVE,ID_PRIORITY,DAT_CREATION,ID_CUSTOMER_CREATION) VALUES (230,'Computers',200,1,'Y',1,#CURRENT_TIMESTAMP#,0); 


INSERT INTO CPN_CATEGORY_DESCRIPTIONS (ID_ENTITY,ID_CATEGORY,STR_LOCALE,STR_CAPTION,DAT_CREATION,ID_CUSTOMER_CREATION) VALUES (#SEQ_VAL# *50,100,null,'Food',#CURRENT_TIMESTAMP#,0);
INSERT INTO CPN_CATEGORY_DESCRIPTIONS (ID_ENTITY,ID_CATEGORY,STR_LOCALE,STR_CAPTION,DAT_CREATION,ID_CUSTOMER_CREATION) VALUES (#SEQ_VAL# *50,110,null,'McDonalds',#CURRENT_TIMESTAMP#,0);
INSERT INTO CPN_CATEGORY_DESCRIPTIONS (ID_ENTITY,ID_CATEGORY,STR_LOCALE,STR_CAPTION,DAT_CREATION,ID_CUSTOMER_CREATION) VALUES (#SEQ_VAL# *50,120,null,'Burger King',#CURRENT_TIMESTAMP#,0);
INSERT INTO CPN_CATEGORY_DESCRIPTIONS (ID_ENTITY,ID_CATEGORY,STR_LOCALE,STR_CAPTION,DAT_CREATION,ID_CUSTOMER_CREATION) VALUES (#SEQ_VAL# *50,200,null,'Electronics&Computer',#CURRENT_TIMESTAMP#,0);
INSERT INTO CPN_CATEGORY_DESCRIPTIONS (ID_ENTITY,ID_CATEGORY,STR_LOCALE,STR_CAPTION,DAT_CREATION,ID_CUSTOMER_CREATION) VALUES (#SEQ_VAL# *50,210,null,'Cell Phones',#CURRENT_TIMESTAMP#,0);
INSERT INTO CPN_CATEGORY_DESCRIPTIONS (ID_ENTITY,ID_CATEGORY,STR_LOCALE,STR_CAPTION,DAT_CREATION,ID_CUSTOMER_CREATION) VALUES (#SEQ_VAL# *50,211,null,'Apple',#CURRENT_TIMESTAMP#,0);
INSERT INTO CPN_CATEGORY_DESCRIPTIONS (ID_ENTITY,ID_CATEGORY,STR_LOCALE,STR_CAPTION,DAT_CREATION,ID_CUSTOMER_CREATION) VALUES (#SEQ_VAL# *50,212,null,'Samsung',#CURRENT_TIMESTAMP#,0);
INSERT INTO CPN_CATEGORY_DESCRIPTIONS (ID_ENTITY,ID_CATEGORY,STR_LOCALE,STR_CAPTION,DAT_CREATION,ID_CUSTOMER_CREATION) VALUES (#SEQ_VAL# *50,220,null,'Cameras',#CURRENT_TIMESTAMP#,0);
INSERT INTO CPN_CATEGORY_DESCRIPTIONS (ID_ENTITY,ID_CATEGORY,STR_LOCALE,STR_CAPTION,DAT_CREATION,ID_CUSTOMER_CREATION) VALUES (#SEQ_VAL# *50,230,null,'Computers',#CURRENT_TIMESTAMP#,0);
INSERT INTO CPN_CATEGORY_DESCRIPTIONS (ID_ENTITY,ID_CATEGORY,STR_LOCALE,STR_CAPTION,DAT_CREATION,ID_CUSTOMER_CREATION) VALUES (#SEQ_VAL# *50,100,'de','Lebensmittel',#CURRENT_TIMESTAMP#,0);
INSERT INTO CPN_CATEGORY_DESCRIPTIONS (ID_ENTITY,ID_CATEGORY,STR_LOCALE,STR_CAPTION,DAT_CREATION,ID_CUSTOMER_CREATION) VALUES (#SEQ_VAL# *50,200,'de','Elekotronik',#CURRENT_TIMESTAMP#,0);
INSERT INTO CPN_CATEGORY_DESCRIPTIONS (ID_ENTITY,ID_CATEGORY,STR_LOCALE,STR_CAPTION,DAT_CREATION,ID_CUSTOMER_CREATION) VALUES (#SEQ_VAL# *50,210,'de','Handys',#CURRENT_TIMESTAMP#,0);
INSERT INTO CPN_CATEGORY_DESCRIPTIONS (ID_ENTITY,ID_CATEGORY,STR_LOCALE,STR_CAPTION,DAT_CREATION,ID_CUSTOMER_CREATION) VALUES (#SEQ_VAL# *50,220,'de','Kameras',#CURRENT_TIMESTAMP#,0);
INSERT INTO CPN_CATEGORY_DESCRIPTIONS (ID_ENTITY,ID_CATEGORY,STR_LOCALE,STR_CAPTION,DAT_CREATION,ID_CUSTOMER_CREATION) VALUES (#SEQ_VAL# *50,230,'de','Computer',#CURRENT_TIMESTAMP#,0);

INSERT INTO CPN_CODE_TYPES (ID_CODE_TYPE,STR_DESCRIPTION,BOL_IS_BLOB,STR_MIME_TYPE,DAT_CREATION,ID_CUSTOMER_CREATION) VALUES (1,'EAN','N','text/EAN',#CURRENT_TIMESTAMP#,0);
INSERT INTO CPN_CODE_TYPES (ID_CODE_TYPE,STR_DESCRIPTION,BOL_IS_BLOB,STR_MIME_TYPE,DAT_CREATION,ID_CUSTOMER_CREATION) VALUES (2,'QR-Code','N','text/QR.code',#CURRENT_TIMESTAMP#,0);

INSERT INTO CPN_COUPON_TYPES (ID_COUPON_TYPE,STR_COUPON_TYPE,ID_ISSUER,BOL_IS_ACTIVE,DAT_ISSUE_FROM,DAT_ISSUE_TO,BOL_IS_PUBLIC,INT_MAX_VIEWS,INT_MAX_USES,BOL_USER_CAN_RESTORE,ID_CODE_TYPE,DAT_CREATION,ID_CUSTOMER_CREATION) VALUES (100,'Bic Mac 2 for 2',202,'Y',#COUPON_START_DATE#,#COUPON_END_DATE#,'Y',5,5,'Y',1,#CURRENT_TIMESTAMP#,0);
INSERT INTO CPN_COUPON_TYPES (ID_COUPON_TYPE,STR_COUPON_TYPE,ID_ISSUER,BOL_IS_ACTIVE,DAT_ISSUE_FROM,DAT_ISSUE_TO,BOL_IS_PUBLIC,INT_MAX_VIEWS,INT_MAX_USES,BOL_USER_CAN_RESTORE,ID_CODE_TYPE,DAT_CREATION,ID_CUSTOMER_CREATION) VALUES (200,'Samsung SIII',202,'Y',#COUPON_START_DATE#,#COUPON_END_DATE#,'Y',5,5,'Y',1,#CURRENT_TIMESTAMP#,0);

INSERT INTO CPN_COUPON_CATEGORIES (ID_COUPON_TYPE,ID_CATEGORY,DAT_CREATION,ID_CUSTOMER_CREATION) VALUES (100,110,#CURRENT_TIMESTAMP#,0);
INSERT INTO CPN_COUPON_CATEGORIES (ID_COUPON_TYPE,ID_CATEGORY,DAT_CREATION,ID_CUSTOMER_CREATION) VALUES (100,100,#CURRENT_TIMESTAMP#,0);
INSERT INTO CPN_COUPON_CATEGORIES (ID_COUPON_TYPE,ID_CATEGORY,DAT_CREATION,ID_CUSTOMER_CREATION) VALUES (200,212,#CURRENT_TIMESTAMP#,0);

INSERT INTO CPN_CPN_TYPES_DESCRIPTIONS (ID_ENTITY,ID_COUPON_TYPE,STR_LOCALE,STR_MIME_TYPE,STR_CAPTION,STR_THUMBNAIL_URL,STR_IMAGE_URL,DAT_CREATION,ID_CUSTOMER_CREATION) VALUES (#SEQ_VAL# *50,100,null,'text/plain','Big Mac',null,null,#CURRENT_TIMESTAMP#,0);
INSERT INTO CPN_CPN_TYPES_DESCRIPTIONS (ID_ENTITY,ID_COUPON_TYPE,STR_LOCALE,STR_MIME_TYPE,STR_CAPTION,STR_THUMBNAIL_URL,STR_IMAGE_URL,DAT_CREATION,ID_CUSTOMER_CREATION) VALUES (#SEQ_VAL# *50,100,'de','text/plain','Big Mac',null,null,#CURRENT_TIMESTAMP#,0);
INSERT INTO CPN_CPN_TYPES_DESCRIPTIONS (ID_ENTITY,ID_COUPON_TYPE,STR_LOCALE,STR_MIME_TYPE,STR_CAPTION,STR_THUMBNAIL_URL,STR_IMAGE_URL,DAT_CREATION,ID_CUSTOMER_CREATION) VALUES (#SEQ_VAL# *50,200,null,'text/plain','Samsung S3 Galaxy','http://ecx.images-amazon.com/images/I/4109adE8DHL._AA115_.jpg','http://ecx.images-amazon.com/images/I/4109adE8DHL._SL500_AA300_.jpg',#CURRENT_TIMESTAMP#,0);
INSERT INTO CPN_CPN_TYPES_DESCRIPTIONS (ID_ENTITY,ID_COUPON_TYPE,STR_LOCALE,STR_MIME_TYPE,STR_CAPTION,STR_THUMBNAIL_URL,STR_IMAGE_URL,DAT_CREATION,ID_CUSTOMER_CREATION) VALUES (#SEQ_VAL# *50,200,'de','text/plain','Samsung SIII Galaxie','http://ecx.images-amazon.com/images/I/4109adE8DHL._AA115_.jpg','http://ecx.images-amazon.com/images/I/4109adE8DHL._SL500_AA300_.jpg',#CURRENT_TIMESTAMP#,0);
INSERT INTO CPN_CPN_TYPES_DESCRIPTIONS (ID_ENTITY,ID_COUPON_TYPE,STR_LOCALE,STR_MIME_TYPE,STR_CAPTION,STR_THUMBNAIL_URL,STR_IMAGE_URL,DAT_CREATION,ID_CUSTOMER_CREATION) VALUES (#SEQ_VAL# *50,100,null,'text/html','Big Mac',null,null,#CURRENT_TIMESTAMP#,0);
INSERT INTO CPN_CPN_TYPES_DESCRIPTIONS (ID_ENTITY,ID_COUPON_TYPE,STR_LOCALE,STR_MIME_TYPE,STR_CAPTION,STR_THUMBNAIL_URL,STR_IMAGE_URL,DAT_CREATION,ID_CUSTOMER_CREATION) VALUES (#SEQ_VAL# *50,100,'de','text/html','Big Mac',null,null,#CURRENT_TIMESTAMP#,0);
INSERT INTO CPN_CPN_TYPES_DESCRIPTIONS (ID_ENTITY,ID_COUPON_TYPE,STR_LOCALE,STR_MIME_TYPE,STR_CAPTION,STR_THUMBNAIL_URL,STR_IMAGE_URL,DAT_CREATION,ID_CUSTOMER_CREATION) VALUES (#SEQ_VAL# *50,200,null,'text/html','Samsung S3 Galaxy','http://ecx.images-amazon.com/images/I/4109adE8DHL._AA115_.jpg','http://ecx.images-amazon.com/images/I/4109adE8DHL._SL500_AA300_.jpg',#CURRENT_TIMESTAMP#,0);
INSERT INTO CPN_CPN_TYPES_DESCRIPTIONS (ID_ENTITY,ID_COUPON_TYPE,STR_LOCALE,STR_MIME_TYPE,STR_CAPTION,STR_THUMBNAIL_URL,STR_IMAGE_URL,DAT_CREATION,ID_CUSTOMER_CREATION) VALUES (#SEQ_VAL# *50,200,'de','text/html','Samsung SIII Galaxie','http://ecx.images-amazon.com/images/I/4109adE8DHL._AA115_.jpg','http://ecx.images-amazon.com/images/I/4109adE8DHL._SL500_AA300_.jpg',#CURRENT_TIMESTAMP#,0);


INSERT INTO CPN_CPN_TYPE_TAGS (ID_ENTITY,ID_COUPON_TYPE,STR_TAG,DAT_CREATION,ID_CUSTOMER_CREATION) VALUES (#SEQ_VAL# *50,100,'mcdonalds',#CURRENT_TIMESTAMP#,0);
INSERT INTO CPN_CPN_TYPE_TAGS (ID_ENTITY,ID_COUPON_TYPE,STR_TAG,DAT_CREATION,ID_CUSTOMER_CREATION) VALUES (#SEQ_VAL# *50,100,'food',#CURRENT_TIMESTAMP#,0);
INSERT INTO CPN_CPN_TYPE_TAGS (ID_ENTITY,ID_COUPON_TYPE,STR_TAG,DAT_CREATION,ID_CUSTOMER_CREATION) VALUES (#SEQ_VAL# *50,100,'fastfood',#CURRENT_TIMESTAMP#,0);
INSERT INTO CPN_CPN_TYPE_TAGS (ID_ENTITY,ID_COUPON_TYPE,STR_TAG,DAT_CREATION,ID_CUSTOMER_CREATION) VALUES (#SEQ_VAL# *50,200,'mobile',#CURRENT_TIMESTAMP#,0);
INSERT INTO CPN_CPN_TYPE_TAGS (ID_ENTITY,ID_COUPON_TYPE,STR_TAG,DAT_CREATION,ID_CUSTOMER_CREATION) VALUES (#SEQ_VAL# *50,200,'electronics',#CURRENT_TIMESTAMP#,0);
INSERT INTO CPN_CPN_TYPE_TAGS (ID_ENTITY,ID_COUPON_TYPE,STR_TAG,DAT_CREATION,ID_CUSTOMER_CREATION) VALUES (#SEQ_VAL# *50,200,'samsung',#CURRENT_TIMESTAMP#,0);
INSERT INTO CPN_CPN_TYPE_TAGS (ID_ENTITY,ID_COUPON_TYPE,STR_TAG,DAT_CREATION,ID_CUSTOMER_CREATION) VALUES (#SEQ_VAL# *50,100,'all',#CURRENT_TIMESTAMP#,0);
INSERT INTO CPN_CPN_TYPE_TAGS (ID_ENTITY,ID_COUPON_TYPE,STR_TAG,DAT_CREATION,ID_CUSTOMER_CREATION) VALUES (#SEQ_VAL# *50,200,'all',#CURRENT_TIMESTAMP#,0);



INSERT INTO CPN_BATCH (ID_BATCH,ID_COUPON_TYPE,ID_COUPON_STATUS,BOL_IS_ACTIVE,DAT_CREATION,ID_CUSTOMER_CREATION)  VALUES (1,100,10,'Y',#CURRENT_TIMESTAMP#,0);
INSERT INTO CPN_BATCH_SEGMENTS (ID_BATCH_SEGMENT,ID_BATCH,BOL_IS_SEGMENT_LOCKED,INT_QUANTITY,INT_USED,DAT_CREATION,ID_CUSTOMER_CREATION) VALUES (1,1,'N',1000,0,#CURRENT_TIMESTAMP#,0);
INSERT INTO CPN_COUPONS (ID_COUPON,ID_BATCH_SEGMENT,ID_COUPON_TYPE,ID_COUPON_STATUS,STR_SERIAL_NUMBER,INT_QUANTITY,INT_GONE,STR_CODE,STR_CODE_HASH,DAT_VALID_TO,DAT_CREATION,ID_CUSTOMER_CREATION) VALUES (1,1,100,10,'0123456781',1000,0,'999998023231','1111',#COUPON_END_DATE#,#CURRENT_TIMESTAMP#,0);
INSERT INTO CPN_BATCH_SEGMENTS (ID_BATCH_SEGMENT,ID_BATCH,BOL_IS_SEGMENT_LOCKED,INT_QUANTITY,INT_USED,DAT_CREATION,ID_CUSTOMER_CREATION) VALUES (2,1,'N',1000,0,#CURRENT_TIMESTAMP#,0);
INSERT INTO CPN_COUPONS (ID_COUPON,ID_BATCH_SEGMENT,ID_COUPON_TYPE,ID_COUPON_STATUS,STR_SERIAL_NUMBER,INT_QUANTITY,INT_GONE,STR_CODE,STR_CODE_HASH,DAT_VALID_TO,DAT_CREATION,ID_CUSTOMER_CREATION) VALUES (2,2,100,10,'0123456782',1000,0,'999998023232','1111',#COUPON_END_DATE#,#CURRENT_TIMESTAMP#,0);
INSERT INTO CPN_BATCH_SEGMENTS (ID_BATCH_SEGMENT,ID_BATCH,BOL_IS_SEGMENT_LOCKED,INT_QUANTITY,INT_USED,DAT_CREATION,ID_CUSTOMER_CREATION) VALUES (3,1,'N',1000,0,#CURRENT_TIMESTAMP#,0);
INSERT INTO CPN_COUPONS (ID_COUPON,ID_BATCH_SEGMENT,ID_COUPON_TYPE,ID_COUPON_STATUS,STR_SERIAL_NUMBER,INT_QUANTITY,INT_GONE,STR_CODE,STR_CODE_HASH,DAT_VALID_TO,DAT_CREATION,ID_CUSTOMER_CREATION) VALUES (3,3,100,10,'0123456783',1000,0,'999998023233','1111',#COUPON_END_DATE#,#CURRENT_TIMESTAMP#,0);
INSERT INTO CPN_BATCH_SEGMENTS (ID_BATCH_SEGMENT,ID_BATCH,BOL_IS_SEGMENT_LOCKED,INT_QUANTITY,INT_USED,DAT_CREATION,ID_CUSTOMER_CREATION) VALUES (4,1,'N',1000,0,#CURRENT_TIMESTAMP#,0);
INSERT INTO CPN_COUPONS (ID_COUPON,ID_BATCH_SEGMENT,ID_COUPON_TYPE,ID_COUPON_STATUS,STR_SERIAL_NUMBER,INT_QUANTITY,INT_GONE,STR_CODE,STR_CODE_HASH,DAT_VALID_TO,DAT_CREATION,ID_CUSTOMER_CREATION) VALUES (4,4,100,10,'0123456784',1000,0,'999998023234','1111',#COUPON_END_DATE#,#CURRENT_TIMESTAMP#,0);
INSERT INTO CPN_BATCH_SEGMENTS (ID_BATCH_SEGMENT,ID_BATCH,BOL_IS_SEGMENT_LOCKED,INT_QUANTITY,INT_USED,DAT_CREATION,ID_CUSTOMER_CREATION) VALUES (5,1,'N',1000,0,#CURRENT_TIMESTAMP#,0);
INSERT INTO CPN_COUPONS (ID_COUPON,ID_BATCH_SEGMENT,ID_COUPON_TYPE,ID_COUPON_STATUS,STR_SERIAL_NUMBER,INT_QUANTITY,INT_GONE,STR_CODE,STR_CODE_HASH,DAT_VALID_TO,DAT_CREATION,ID_CUSTOMER_CREATION) VALUES (5,5,100,10,'0123456785',1000,0,'999998023235','1111',#COUPON_END_DATE#,#CURRENT_TIMESTAMP#,0);
INSERT INTO CPN_BATCH_SEGMENTS (ID_BATCH_SEGMENT,ID_BATCH,BOL_IS_SEGMENT_LOCKED,INT_QUANTITY,INT_USED,DAT_CREATION,ID_CUSTOMER_CREATION) VALUES (6,1,'N',1000,0,#CURRENT_TIMESTAMP#,0);
INSERT INTO CPN_COUPONS (ID_COUPON,ID_BATCH_SEGMENT,ID_COUPON_TYPE,ID_COUPON_STATUS,STR_SERIAL_NUMBER,INT_QUANTITY,INT_GONE,STR_CODE,STR_CODE_HASH,DAT_VALID_TO,DAT_CREATION,ID_CUSTOMER_CREATION) VALUES (6,6,100,10,'0123456786',1000,0,'999998023236','1111',#COUPON_END_DATE#,#CURRENT_TIMESTAMP#,0);
INSERT INTO CPN_BATCH_SEGMENTS (ID_BATCH_SEGMENT,ID_BATCH,BOL_IS_SEGMENT_LOCKED,INT_QUANTITY,INT_USED,DAT_CREATION,ID_CUSTOMER_CREATION) VALUES (7,1,'N',1000,0,#CURRENT_TIMESTAMP#,0);
INSERT INTO CPN_COUPONS (ID_COUPON,ID_BATCH_SEGMENT,ID_COUPON_TYPE,ID_COUPON_STATUS,STR_SERIAL_NUMBER,INT_QUANTITY,INT_GONE,STR_CODE,STR_CODE_HASH,DAT_VALID_TO,DAT_CREATION,ID_CUSTOMER_CREATION) VALUES (7,7,100,10,'0123456787',1000,0,'999998023237','1111',#COUPON_END_DATE#,#CURRENT_TIMESTAMP#,0);
INSERT INTO CPN_BATCH_SEGMENTS (ID_BATCH_SEGMENT,ID_BATCH,BOL_IS_SEGMENT_LOCKED,INT_QUANTITY,INT_USED,DAT_CREATION,ID_CUSTOMER_CREATION) VALUES (8,1,'N',1000,0,#CURRENT_TIMESTAMP#,0);
INSERT INTO CPN_COUPONS (ID_COUPON,ID_BATCH_SEGMENT,ID_COUPON_TYPE,ID_COUPON_STATUS,STR_SERIAL_NUMBER,INT_QUANTITY,INT_GONE,STR_CODE,STR_CODE_HASH,DAT_VALID_TO,DAT_CREATION,ID_CUSTOMER_CREATION) VALUES (8,8,100,10,'0123456788',1000,0,'999998023238','1111',#COUPON_END_DATE#,#CURRENT_TIMESTAMP#,0);
INSERT INTO CPN_BATCH_SEGMENTS (ID_BATCH_SEGMENT,ID_BATCH,BOL_IS_SEGMENT_LOCKED,INT_QUANTITY,INT_USED,DAT_CREATION,ID_CUSTOMER_CREATION) VALUES (9,1,'N',1000,0,#CURRENT_TIMESTAMP#,0);
INSERT INTO CPN_COUPONS (ID_COUPON,ID_BATCH_SEGMENT,ID_COUPON_TYPE,ID_COUPON_STATUS,STR_SERIAL_NUMBER,INT_QUANTITY,INT_GONE,STR_CODE,STR_CODE_HASH,DAT_VALID_TO,DAT_CREATION,ID_CUSTOMER_CREATION) VALUES (9,9,100,10,'0123456789',1000,0,'999998023239','1111',#COUPON_END_DATE#,#CURRENT_TIMESTAMP#,0);
INSERT INTO CPN_BATCH_SEGMENTS (ID_BATCH_SEGMENT,ID_BATCH,BOL_IS_SEGMENT_LOCKED,INT_QUANTITY,INT_USED,DAT_CREATION,ID_CUSTOMER_CREATION) VALUES (10,1,'N',1000,0,#CURRENT_TIMESTAMP#,0);
INSERT INTO CPN_COUPONS (ID_COUPON,ID_BATCH_SEGMENT,ID_COUPON_TYPE,ID_COUPON_STATUS,STR_SERIAL_NUMBER,INT_QUANTITY,INT_GONE,STR_CODE,STR_CODE_HASH,DAT_VALID_TO,DAT_CREATION,ID_CUSTOMER_CREATION) VALUES (10,10,100,10,'0123456790',1000,0,'999998023240','1111',#COUPON_END_DATE#,#CURRENT_TIMESTAMP#,0);


INSERT INTO CPN_BATCH (ID_BATCH,ID_COUPON_TYPE,ID_COUPON_STATUS,BOL_IS_ACTIVE,DAT_CREATION,ID_CUSTOMER_CREATION)  VALUES (21,200,10,'Y',#CURRENT_TIMESTAMP#,0);
INSERT INTO CPN_BATCH_SEGMENTS (ID_BATCH_SEGMENT,ID_BATCH,BOL_IS_SEGMENT_LOCKED,INT_QUANTITY,INT_USED,DAT_CREATION,ID_CUSTOMER_CREATION) VALUES (21,21,'N',1000,0,#CURRENT_TIMESTAMP#,0);
INSERT INTO CPN_COUPONS (ID_COUPON,ID_BATCH_SEGMENT,ID_COUPON_TYPE,ID_COUPON_STATUS,STR_SERIAL_NUMBER,INT_QUANTITY,INT_GONE,STR_CODE,STR_CODE_HASH,DAT_VALID_TO,DAT_CREATION,ID_CUSTOMER_CREATION) VALUES (21,21,200,10,'0123456781',1000,0,'999998023231','1111',#COUPON_END_DATE#,#CURRENT_TIMESTAMP#,0);
INSERT INTO CPN_BATCH_SEGMENTS (ID_BATCH_SEGMENT,ID_BATCH,BOL_IS_SEGMENT_LOCKED,INT_QUANTITY,INT_USED,DAT_CREATION,ID_CUSTOMER_CREATION) VALUES (22,21,'N',1000,0,#CURRENT_TIMESTAMP#,0);
INSERT INTO CPN_COUPONS (ID_COUPON,ID_BATCH_SEGMENT,ID_COUPON_TYPE,ID_COUPON_STATUS,STR_SERIAL_NUMBER,INT_QUANTITY,INT_GONE,STR_CODE,STR_CODE_HASH,DAT_VALID_TO,DAT_CREATION,ID_CUSTOMER_CREATION) VALUES (22,22,200,10,'0123456782',1000,0,'999998023232','1111',#COUPON_END_DATE#,#CURRENT_TIMESTAMP#,0);
INSERT INTO CPN_BATCH_SEGMENTS (ID_BATCH_SEGMENT,ID_BATCH,BOL_IS_SEGMENT_LOCKED,INT_QUANTITY,INT_USED,DAT_CREATION,ID_CUSTOMER_CREATION) VALUES (23,21,'N',1000,0,#CURRENT_TIMESTAMP#,0);
INSERT INTO CPN_COUPONS (ID_COUPON,ID_BATCH_SEGMENT,ID_COUPON_TYPE,ID_COUPON_STATUS,STR_SERIAL_NUMBER,INT_QUANTITY,INT_GONE,STR_CODE,STR_CODE_HASH,DAT_VALID_TO,DAT_CREATION,ID_CUSTOMER_CREATION) VALUES (23,23,200,10,'0123456783',1000,0,'999998023233','1111',#COUPON_END_DATE#,#CURRENT_TIMESTAMP#,0);
INSERT INTO CPN_BATCH_SEGMENTS (ID_BATCH_SEGMENT,ID_BATCH,BOL_IS_SEGMENT_LOCKED,INT_QUANTITY,INT_USED,DAT_CREATION,ID_CUSTOMER_CREATION) VALUES (24,21,'N',1000,0,#CURRENT_TIMESTAMP#,0);
INSERT INTO CPN_COUPONS (ID_COUPON,ID_BATCH_SEGMENT,ID_COUPON_TYPE,ID_COUPON_STATUS,STR_SERIAL_NUMBER,INT_QUANTITY,INT_GONE,STR_CODE,STR_CODE_HASH,DAT_VALID_TO,DAT_CREATION,ID_CUSTOMER_CREATION) VALUES (24,24,200,10,'0123456784',1000,0,'999998023234','1111',#COUPON_END_DATE#,#CURRENT_TIMESTAMP#,0);
INSERT INTO CPN_BATCH_SEGMENTS (ID_BATCH_SEGMENT,ID_BATCH,BOL_IS_SEGMENT_LOCKED,INT_QUANTITY,INT_USED,DAT_CREATION,ID_CUSTOMER_CREATION) VALUES (25,21,'N',1000,0,#CURRENT_TIMESTAMP#,0);
INSERT INTO CPN_COUPONS (ID_COUPON,ID_BATCH_SEGMENT,ID_COUPON_TYPE,ID_COUPON_STATUS,STR_SERIAL_NUMBER,INT_QUANTITY,INT_GONE,STR_CODE,STR_CODE_HASH,DAT_VALID_TO,DAT_CREATION,ID_CUSTOMER_CREATION) VALUES (25,25,200,10,'0123456785',1000,0,'999998023235','1111',#COUPON_END_DATE#,#CURRENT_TIMESTAMP#,0);
INSERT INTO CPN_BATCH_SEGMENTS (ID_BATCH_SEGMENT,ID_BATCH,BOL_IS_SEGMENT_LOCKED,INT_QUANTITY,INT_USED,DAT_CREATION,ID_CUSTOMER_CREATION) VALUES (26,21,'N',1000,0,#CURRENT_TIMESTAMP#,0);
INSERT INTO CPN_COUPONS (ID_COUPON,ID_BATCH_SEGMENT,ID_COUPON_TYPE,ID_COUPON_STATUS,STR_SERIAL_NUMBER,INT_QUANTITY,INT_GONE,STR_CODE,STR_CODE_HASH,DAT_VALID_TO,DAT_CREATION,ID_CUSTOMER_CREATION) VALUES (26,26,200,10,'0123456786',1000,0,'999998023236','1111',#COUPON_END_DATE#,#CURRENT_TIMESTAMP#,0);
INSERT INTO CPN_BATCH_SEGMENTS (ID_BATCH_SEGMENT,ID_BATCH,BOL_IS_SEGMENT_LOCKED,INT_QUANTITY,INT_USED,DAT_CREATION,ID_CUSTOMER_CREATION) VALUES (27,21,'N',1000,0,#CURRENT_TIMESTAMP#,0);
INSERT INTO CPN_COUPONS (ID_COUPON,ID_BATCH_SEGMENT,ID_COUPON_TYPE,ID_COUPON_STATUS,STR_SERIAL_NUMBER,INT_QUANTITY,INT_GONE,STR_CODE,STR_CODE_HASH,DAT_VALID_TO,DAT_CREATION,ID_CUSTOMER_CREATION) VALUES (27,27,200,10,'0123456787',1000,0,'999998023237','1111',#COUPON_END_DATE#,#CURRENT_TIMESTAMP#,0);
INSERT INTO CPN_BATCH_SEGMENTS (ID_BATCH_SEGMENT,ID_BATCH,BOL_IS_SEGMENT_LOCKED,INT_QUANTITY,INT_USED,DAT_CREATION,ID_CUSTOMER_CREATION) VALUES (28,21,'N',1000,0,#CURRENT_TIMESTAMP#,0);
INSERT INTO CPN_COUPONS (ID_COUPON,ID_BATCH_SEGMENT,ID_COUPON_TYPE,ID_COUPON_STATUS,STR_SERIAL_NUMBER,INT_QUANTITY,INT_GONE,STR_CODE,STR_CODE_HASH,DAT_VALID_TO,DAT_CREATION,ID_CUSTOMER_CREATION) VALUES (28,28,200,10,'0123456788',1000,0,'999998023238','1111',#COUPON_END_DATE#,#CURRENT_TIMESTAMP#,0);
INSERT INTO CPN_BATCH_SEGMENTS (ID_BATCH_SEGMENT,ID_BATCH,BOL_IS_SEGMENT_LOCKED,INT_QUANTITY,INT_USED,DAT_CREATION,ID_CUSTOMER_CREATION) VALUES (29,21,'N',1000,0,#CURRENT_TIMESTAMP#,0);
INSERT INTO CPN_COUPONS (ID_COUPON,ID_BATCH_SEGMENT,ID_COUPON_TYPE,ID_COUPON_STATUS,STR_SERIAL_NUMBER,INT_QUANTITY,INT_GONE,STR_CODE,STR_CODE_HASH,DAT_VALID_TO,DAT_CREATION,ID_CUSTOMER_CREATION) VALUES (29,29,200,10,'0123456789',1000,0,'999998023239','1111',#COUPON_END_DATE#,#CURRENT_TIMESTAMP#,0);
INSERT INTO CPN_BATCH_SEGMENTS (ID_BATCH_SEGMENT,ID_BATCH,BOL_IS_SEGMENT_LOCKED,INT_QUANTITY,INT_USED,DAT_CREATION,ID_CUSTOMER_CREATION) VALUES (30,21,'N',1000,0,#CURRENT_TIMESTAMP#,0);
INSERT INTO CPN_COUPONS (ID_COUPON,ID_BATCH_SEGMENT,ID_COUPON_TYPE,ID_COUPON_STATUS,STR_SERIAL_NUMBER,INT_QUANTITY,INT_GONE,STR_CODE,STR_CODE_HASH,DAT_VALID_TO,DAT_CREATION,ID_CUSTOMER_CREATION) VALUES (30,30,200,10,'0123456790',1000,0,'999998023240','1111',#COUPON_END_DATE#,#CURRENT_TIMESTAMP#,0);

