-- Cheque USECASE
INSERT INTO MOB_USE_CASES (ID_USE_CASE,STR_USE_CASE,BOL_IS_ACTOR_PAYEE,BOL_DISABLE_LIMITS,BOL_IS_PUBLIC,BOL_ALLOW_DIFFERING_AMOUNT,BOL_ALLOW_IDENTCL_PAYER_PAYEE,BOL_ALLOW_ANON_PARTICIPANT,BOL_COPY_EX_RATE_FROM_AUTH,INT_AUTO_CANCEL_AFTER_MINUTES,BOL_AUTO_CAPTURE_REQUIRED,BOL_AUTO_CAPTURE_FORBIDDEN,DAT_CREATION,ID_CUSTOMER_CREATION) values (460,'chequeStatus','N','N','Y','Y','N','N','Y',null,'N','N',#CURRENT_TIMESTAMP#,0);
INSERT INTO MOB_USE_CASES (ID_USE_CASE,STR_USE_CASE,BOL_IS_ACTOR_PAYEE,BOL_DISABLE_LIMITS,BOL_IS_PUBLIC,BOL_ALLOW_DIFFERING_AMOUNT,BOL_ALLOW_IDENTCL_PAYER_PAYEE,BOL_ALLOW_ANON_PARTICIPANT,BOL_COPY_EX_RATE_FROM_AUTH,INT_AUTO_CANCEL_AFTER_MINUTES,BOL_AUTO_CAPTURE_REQUIRED,BOL_AUTO_CAPTURE_FORBIDDEN,DAT_CREATION,ID_CUSTOMER_CREATION) values (470,'chequeBook','N','N','Y','Y','N','N','Y',null,'N','N',#CURRENT_TIMESTAMP#,0);
INSERT INTO MOB_USE_CASES (ID_USE_CASE,STR_USE_CASE,BOL_IS_ACTOR_PAYEE,BOL_DISABLE_LIMITS,BOL_IS_PUBLIC,BOL_ALLOW_DIFFERING_AMOUNT,BOL_ALLOW_IDENTCL_PAYER_PAYEE,BOL_ALLOW_ANON_PARTICIPANT,BOL_COPY_EX_RATE_FROM_AUTH,INT_AUTO_CANCEL_AFTER_MINUTES,BOL_AUTO_CAPTURE_REQUIRED,BOL_AUTO_CAPTURE_FORBIDDEN,DAT_CREATION,ID_CUSTOMER_CREATION) values (480,'chequeStop','N','N','Y','Y','N','N','Y',null,'N','N',#CURRENT_TIMESTAMP#,0);

-- FundTransfer
INSERT INTO MOB_USE_CASES (ID_USE_CASE,STR_USE_CASE,BOL_IS_ACTOR_PAYEE,BOL_DISABLE_LIMITS,BOL_IS_PUBLIC,BOL_ALLOW_DIFFERING_AMOUNT,BOL_ALLOW_IDENTCL_PAYER_PAYEE,BOL_ALLOW_ANON_PARTICIPANT,BOL_COPY_EX_RATE_FROM_AUTH,INT_AUTO_CANCEL_AFTER_MINUTES,BOL_AUTO_CAPTURE_REQUIRED,BOL_AUTO_CAPTURE_FORBIDDEN,DAT_CREATION,ID_CUSTOMER_CREATION) values (370,'Fund Transfer - Pay Credit Card Details','N','N','Y','Y','N','N','Y',null,'N','N',#CURRENT_TIMESTAMP#,0);
INSERT INTO MOB_USE_CASES (ID_USE_CASE,STR_USE_CASE,BOL_IS_ACTOR_PAYEE,BOL_DISABLE_LIMITS,BOL_IS_PUBLIC,BOL_ALLOW_DIFFERING_AMOUNT,BOL_ALLOW_IDENTCL_PAYER_PAYEE,BOL_ALLOW_ANON_PARTICIPANT,BOL_COPY_EX_RATE_FROM_AUTH,INT_AUTO_CANCEL_AFTER_MINUTES,BOL_AUTO_CAPTURE_REQUIRED,BOL_AUTO_CAPTURE_FORBIDDEN,DAT_CREATION,ID_CUSTOMER_CREATION) values (380,'Fund Transfer - Own Accounts','N','N','Y','Y','N','N','Y',null,'N','N',#CURRENT_TIMESTAMP#,0);
INSERT INTO MOB_USE_CASES (ID_USE_CASE,STR_USE_CASE,BOL_IS_ACTOR_PAYEE,BOL_DISABLE_LIMITS,BOL_IS_PUBLIC,BOL_ALLOW_DIFFERING_AMOUNT,BOL_ALLOW_IDENTCL_PAYER_PAYEE,BOL_ALLOW_ANON_PARTICIPANT,BOL_COPY_EX_RATE_FROM_AUTH,INT_AUTO_CANCEL_AFTER_MINUTES,BOL_AUTO_CAPTURE_REQUIRED,BOL_AUTO_CAPTURE_FORBIDDEN,DAT_CREATION,ID_CUSTOMER_CREATION) values (390,'Fund Transfer - 3rd Party same bank','N','N','Y','Y','N','N','Y',null,'N','N',#CURRENT_TIMESTAMP#,0);
INSERT INTO MOB_USE_CASES (ID_USE_CASE,STR_USE_CASE,BOL_IS_ACTOR_PAYEE,BOL_DISABLE_LIMITS,BOL_IS_PUBLIC,BOL_ALLOW_DIFFERING_AMOUNT,BOL_ALLOW_IDENTCL_PAYER_PAYEE,BOL_ALLOW_ANON_PARTICIPANT,BOL_COPY_EX_RATE_FROM_AUTH,INT_AUTO_CANCEL_AFTER_MINUTES,BOL_AUTO_CAPTURE_REQUIRED,BOL_AUTO_CAPTURE_FORBIDDEN,DAT_CREATION,ID_CUSTOMER_CREATION) values (400,'Fund Transfer - 3rd Party other bank','N','N','Y','Y','N','N','Y',null,'N','N',#CURRENT_TIMESTAMP#,0);
INSERT INTO MOB_USE_CASES (ID_USE_CASE,STR_USE_CASE,BOL_IS_ACTOR_PAYEE,BOL_DISABLE_LIMITS,BOL_IS_PUBLIC,BOL_ALLOW_DIFFERING_AMOUNT,BOL_ALLOW_IDENTCL_PAYER_PAYEE,BOL_ALLOW_ANON_PARTICIPANT,BOL_COPY_EX_RATE_FROM_AUTH,INT_AUTO_CANCEL_AFTER_MINUTES,BOL_AUTO_CAPTURE_REQUIRED,BOL_AUTO_CAPTURE_FORBIDDEN,DAT_CREATION,ID_CUSTOMER_CREATION) values (410,'Mobile-to-Mobile Transfer','N','N','Y','Y','N','N','Y',null,'N','N',#CURRENT_TIMESTAMP#,0);
INSERT INTO MOB_USE_CASES (ID_USE_CASE,STR_USE_CASE,BOL_IS_ACTOR_PAYEE,BOL_DISABLE_LIMITS,BOL_IS_PUBLIC,BOL_ALLOW_DIFFERING_AMOUNT,BOL_ALLOW_IDENTCL_PAYER_PAYEE,BOL_ALLOW_ANON_PARTICIPANT,BOL_COPY_EX_RATE_FROM_AUTH,INT_AUTO_CANCEL_AFTER_MINUTES,BOL_AUTO_CAPTURE_REQUIRED,BOL_AUTO_CAPTURE_FORBIDDEN,DAT_CREATION,ID_CUSTOMER_CREATION) values (420,'Mobile-to-Mobile Transfer - Intra Bank transfer','N','N','Y','Y','N','N','Y',null,'N','N',#CURRENT_TIMESTAMP#,0);
INSERT INTO MOB_USE_CASES (ID_USE_CASE,STR_USE_CASE,BOL_IS_ACTOR_PAYEE,BOL_DISABLE_LIMITS,BOL_IS_PUBLIC,BOL_ALLOW_DIFFERING_AMOUNT,BOL_ALLOW_IDENTCL_PAYER_PAYEE,BOL_ALLOW_ANON_PARTICIPANT,BOL_COPY_EX_RATE_FROM_AUTH,INT_AUTO_CANCEL_AFTER_MINUTES,BOL_AUTO_CAPTURE_REQUIRED,BOL_AUTO_CAPTURE_FORBIDDEN,DAT_CREATION,ID_CUSTOMER_CREATION) values (430,'Mobile-to-Mobile Transfer - Inter Bank transfer','N','N','Y','Y','N','N','Y',null,'N','N',#CURRENT_TIMESTAMP#,0);
INSERT INTO MOB_USE_CASES (ID_USE_CASE,STR_USE_CASE,BOL_IS_ACTOR_PAYEE,BOL_DISABLE_LIMITS,BOL_IS_PUBLIC,BOL_ALLOW_DIFFERING_AMOUNT,BOL_ALLOW_IDENTCL_PAYER_PAYEE,BOL_ALLOW_ANON_PARTICIPANT,BOL_COPY_EX_RATE_FROM_AUTH,INT_AUTO_CANCEL_AFTER_MINUTES,BOL_AUTO_CAPTURE_REQUIRED,BOL_AUTO_CAPTURE_FORBIDDEN,DAT_CREATION,ID_CUSTOMER_CREATION) values (440,'Bill Payment to Registered Biller','N','N','Y','Y','N','N','Y',null,'N','N',#CURRENT_TIMESTAMP#,0);
INSERT INTO MOB_USE_CASES (ID_USE_CASE,STR_USE_CASE,BOL_IS_ACTOR_PAYEE,BOL_DISABLE_LIMITS,BOL_IS_PUBLIC,BOL_ALLOW_DIFFERING_AMOUNT,BOL_ALLOW_IDENTCL_PAYER_PAYEE,BOL_ALLOW_ANON_PARTICIPANT,BOL_COPY_EX_RATE_FROM_AUTH,INT_AUTO_CANCEL_AFTER_MINUTES,BOL_AUTO_CAPTURE_REQUIRED,BOL_AUTO_CAPTURE_FORBIDDEN,DAT_CREATION,ID_CUSTOMER_CREATION) values (450,'Mobile Reload','N','N','Y','Y','N','N','Y',null,'N','N',#CURRENT_TIMESTAMP#,0);

-- AccountInfo and TxnList
INSERT INTO MOB_USE_CASES (ID_USE_CASE,STR_USE_CASE,BOL_IS_ACTOR_PAYEE,BOL_DISABLE_LIMITS,BOL_IS_PUBLIC,BOL_ALLOW_DIFFERING_AMOUNT,BOL_ALLOW_IDENTCL_PAYER_PAYEE,BOL_ALLOW_ANON_PARTICIPANT,BOL_COPY_EX_RATE_FROM_AUTH,BOL_AUTO_CAPTURE_REQUIRED,BOL_AUTO_CAPTURE_FORBIDDEN,DAT_CREATION,ID_CUSTOMER_CREATION) VALUES (310,'AccountInfo','N','N','Y','Y','N','N','Y','N','N',#CURRENT_TIMESTAMP#,0);
INSERT INTO MOB_USE_CASES (ID_USE_CASE,STR_USE_CASE,BOL_IS_ACTOR_PAYEE,BOL_DISABLE_LIMITS,BOL_IS_PUBLIC,BOL_ALLOW_DIFFERING_AMOUNT,BOL_ALLOW_IDENTCL_PAYER_PAYEE,BOL_ALLOW_ANON_PARTICIPANT,BOL_COPY_EX_RATE_FROM_AUTH,BOL_AUTO_CAPTURE_REQUIRED,BOL_AUTO_CAPTURE_FORBIDDEN,DAT_CREATION,ID_CUSTOMER_CREATION) VALUES (320,'View Transaction History','N','N','Y','Y','N','N','Y','N','N',#CURRENT_TIMESTAMP#,0);
INSERT INTO MOB_USE_CASES (ID_USE_CASE,STR_USE_CASE,BOL_IS_ACTOR_PAYEE,BOL_DISABLE_LIMITS,BOL_IS_PUBLIC,BOL_ALLOW_DIFFERING_AMOUNT,BOL_ALLOW_IDENTCL_PAYER_PAYEE,BOL_ALLOW_ANON_PARTICIPANT,BOL_COPY_EX_RATE_FROM_AUTH,BOL_AUTO_CAPTURE_REQUIRED,BOL_AUTO_CAPTURE_FORBIDDEN,DAT_CREATION,ID_CUSTOMER_CREATION) VALUES (330,'View Recent Transactions','N','N','Y','Y','N','N','Y','N','N',#CURRENT_TIMESTAMP#,0);
INSERT INTO MOB_USE_CASES (ID_USE_CASE,STR_USE_CASE,BOL_IS_ACTOR_PAYEE,BOL_DISABLE_LIMITS,BOL_IS_PUBLIC,BOL_ALLOW_DIFFERING_AMOUNT,BOL_ALLOW_IDENTCL_PAYER_PAYEE,BOL_ALLOW_ANON_PARTICIPANT,BOL_COPY_EX_RATE_FROM_AUTH,BOL_AUTO_CAPTURE_REQUIRED,BOL_AUTO_CAPTURE_FORBIDDEN,DAT_CREATION,ID_CUSTOMER_CREATION) VALUES (340,'View Debit Card Transactions','N','N','Y','Y','N','N','Y','N','N',#CURRENT_TIMESTAMP#,0);
INSERT INTO MOB_USE_CASES (ID_USE_CASE,STR_USE_CASE,BOL_IS_ACTOR_PAYEE,BOL_DISABLE_LIMITS,BOL_IS_PUBLIC,BOL_ALLOW_DIFFERING_AMOUNT,BOL_ALLOW_IDENTCL_PAYER_PAYEE,BOL_ALLOW_ANON_PARTICIPANT,BOL_COPY_EX_RATE_FROM_AUTH,BOL_AUTO_CAPTURE_REQUIRED,BOL_AUTO_CAPTURE_FORBIDDEN,DAT_CREATION,ID_CUSTOMER_CREATION) VALUES (350,'View Credit Card Transaction History','N','N','Y','Y','N','N','Y','N','N',#CURRENT_TIMESTAMP#,0);
INSERT INTO MOB_USE_CASES (ID_USE_CASE,STR_USE_CASE,BOL_IS_ACTOR_PAYEE,BOL_DISABLE_LIMITS,BOL_IS_PUBLIC,BOL_ALLOW_DIFFERING_AMOUNT,BOL_ALLOW_IDENTCL_PAYER_PAYEE,BOL_ALLOW_ANON_PARTICIPANT,BOL_COPY_EX_RATE_FROM_AUTH,BOL_AUTO_CAPTURE_REQUIRED,BOL_AUTO_CAPTURE_FORBIDDEN,DAT_CREATION,ID_CUSTOMER_CREATION) VALUES (360,'View Credit Card','N','N','Y','Y','N','N','Y','N','N',#CURRENT_TIMESTAMP#,0);

-- Reg and Inactivity
INSERT INTO MOB_USE_CASES (ID_USE_CASE,STR_USE_CASE,BOL_IS_ACTOR_PAYEE,BOL_DISABLE_LIMITS,BOL_IS_PUBLIC,BOL_ALLOW_DIFFERING_AMOUNT,BOL_ALLOW_IDENTCL_PAYER_PAYEE,BOL_ALLOW_ANON_PARTICIPANT,BOL_COPY_EX_RATE_FROM_AUTH,BOL_AUTO_CAPTURE_REQUIRED,BOL_AUTO_CAPTURE_FORBIDDEN,DAT_CREATION,ID_CUSTOMER_CREATION) VALUES (210,'Customer Registration','N','N','Y','Y','N','N','Y','N','N',#CURRENT_TIMESTAMP#,0);
INSERT INTO MOB_USE_CASES (ID_USE_CASE,STR_USE_CASE,BOL_IS_ACTOR_PAYEE,BOL_DISABLE_LIMITS,BOL_IS_PUBLIC,BOL_ALLOW_DIFFERING_AMOUNT,BOL_ALLOW_IDENTCL_PAYER_PAYEE,BOL_ALLOW_ANON_PARTICIPANT,BOL_COPY_EX_RATE_FROM_AUTH,BOL_AUTO_CAPTURE_REQUIRED,BOL_AUTO_CAPTURE_FORBIDDEN,DAT_CREATION,ID_CUSTOMER_CREATION) VALUES (220,'Duplicate Customer Registration','N','N','Y','Y','N','N','Y','N','N',#CURRENT_TIMESTAMP#,0);
INSERT INTO MOB_USE_CASES (ID_USE_CASE,STR_USE_CASE,BOL_IS_ACTOR_PAYEE,BOL_DISABLE_LIMITS,BOL_IS_PUBLIC,BOL_ALLOW_DIFFERING_AMOUNT,BOL_ALLOW_IDENTCL_PAYER_PAYEE,BOL_ALLOW_ANON_PARTICIPANT,BOL_COPY_EX_RATE_FROM_AUTH,BOL_AUTO_CAPTURE_REQUIRED,BOL_AUTO_CAPTURE_FORBIDDEN,DAT_CREATION,ID_CUSTOMER_CREATION) VALUES (230,'Inactive Notification to Customer','N','N','Y','Y','N','N','Y','N','N',#CURRENT_TIMESTAMP#,0);

INSERT INTO MOB_UMGR_PRIVILEGES (ID_PRIVILEGE,STR_PRIVILEGE,DAT_CREATION,ID_CUSTOMER_CREATION) values ('MBANKING_CONSUMER_MAKER','Allows to create a mbanking consumer in pending state',#CURRENT_TIMESTAMP#,0);
INSERT INTO MOB_UMGR_PRIVILEGES (ID_PRIVILEGE,STR_PRIVILEGE,DAT_CREATION,ID_CUSTOMER_CREATION) values ('MBANKING_CONSUMER_CHECKER','Allows to search mbanking consumers  in pending state',#CURRENT_TIMESTAMP#,0);
INSERT INTO MOB_UMGR_PRIVILEGES (ID_PRIVILEGE,STR_PRIVILEGE,DAT_CREATION,ID_CUSTOMER_CREATION) values ('MBANKING_CONSUMER_EXECUTE','Allows to create a mbanking consumer in active state',#CURRENT_TIMESTAMP#,0);
INSERT INTO MOB_UMGR_PRIVILEGES (ID_PRIVILEGE,STR_PRIVILEGE,DAT_CREATION,ID_CUSTOMER_CREATION) values ('MBANKING_CONSUMER_DEACT_MAKER','Allows deactivation of a mbanking consumer which needs to be approved',#CURRENT_TIMESTAMP#,0);
INSERT INTO MOB_UMGR_PRIVILEGES (ID_PRIVILEGE,STR_PRIVILEGE,DAT_CREATION,ID_CUSTOMER_CREATION) values ('MBANKING_CONSUMER_DEACT_CHECKER','Allows to search deactivated mbanking consumers pending for approval',#CURRENT_TIMESTAMP#,0);
INSERT INTO MOB_UMGR_PRIVILEGES (ID_PRIVILEGE,STR_PRIVILEGE,DAT_CREATION,ID_CUSTOMER_CREATION) values ('MBANKING_CONSUMER_DEACT_EXECUTE','Allows to deactiavate a mbanking consumer without approval',#CURRENT_TIMESTAMP#,0);

INSERT INTO MOB_UMGR_ROLE_PRIVILEGES (ID_ROLE,ID_PRIVILEGE,DAT_CREATION,ID_CUSTOMER_CREATION) VALUES ('CST_1STLEVEL','MBANKING_CONSUMER_MAKER',#CURRENT_TIMESTAMP#,0);
INSERT INTO MOB_UMGR_ROLE_PRIVILEGES (ID_ROLE,ID_PRIVILEGE,DAT_CREATION,ID_CUSTOMER_CREATION) VALUES ('CST_FULL','MBANKING_CONSUMER_CHECKER',#CURRENT_TIMESTAMP#,0);
INSERT INTO MOB_UMGR_ROLE_PRIVILEGES (ID_ROLE,ID_PRIVILEGE,DAT_CREATION,ID_CUSTOMER_CREATION) VALUES ('CST_FULL','MBANKING_CONSUMER_DEACT_CHECKER',#CURRENT_TIMESTAMP#,0);
INSERT INTO MOB_UMGR_ROLE_PRIVILEGES (ID_ROLE,ID_PRIVILEGE,DAT_CREATION,ID_CUSTOMER_CREATION) VALUES ('CST_FULL','MBANKING_CONSUMER_EXECUTE',#CURRENT_TIMESTAMP#,0);
INSERT INTO MOB_UMGR_ROLE_PRIVILEGES (ID_ROLE,ID_PRIVILEGE,DAT_CREATION,ID_CUSTOMER_CREATION) VALUES ('CST_FULL','MBANKING_CONSUMER_MAKER',#CURRENT_TIMESTAMP#,0);
INSERT INTO MOB_UMGR_ROLE_PRIVILEGES (ID_ROLE,ID_PRIVILEGE,DAT_CREATION,ID_CUSTOMER_CREATION) VALUES ('STANDARD_CONSUMER_MBANKING','UC_160_PAYEE_PRIVILEGE',#CURRENT_TIMESTAMP#,0);
INSERT INTO MOB_UMGR_ROLE_PRIVILEGES (ID_ROLE,ID_PRIVILEGE,DAT_CREATION,ID_CUSTOMER_CREATION) VALUES ('STANDARD_CONSUMER_MBANKING','UC_160_PAYER_PRIVILEGE',#CURRENT_TIMESTAMP#,0);
INSERT INTO MOB_UMGR_ROLE_PRIVILEGES (ID_ROLE,ID_PRIVILEGE,DAT_CREATION,ID_CUSTOMER_CREATION) VALUES ('STANDARD_CONSUMER_MBANKING','UC_161_PAYEE_PRIVILEGE',#CURRENT_TIMESTAMP#,0);
INSERT INTO MOB_UMGR_ROLE_PRIVILEGES (ID_ROLE,ID_PRIVILEGE,DAT_CREATION,ID_CUSTOMER_CREATION) VALUES ('STANDARD_CONSUMER_MBANKING','UC_161_PAYER_PRIVILEGE',#CURRENT_TIMESTAMP#,0);
INSERT INTO MOB_UMGR_ROLE_PRIVILEGES (ID_ROLE,ID_PRIVILEGE,DAT_CREATION,ID_CUSTOMER_CREATION) VALUES ('STANDARD_CONSUMER_MBANKING','UC_171_PAYEE_PRIVILEGE',#CURRENT_TIMESTAMP#,0);
INSERT INTO MOB_UMGR_ROLE_PRIVILEGES (ID_ROLE,ID_PRIVILEGE,DAT_CREATION,ID_CUSTOMER_CREATION) VALUES ('STANDARD_CONSUMER_MBANKING','UC_172_PAYER_PRIVILEGE',#CURRENT_TIMESTAMP#,0);
INSERT INTO MOB_UMGR_ROLE_PRIVILEGES (ID_ROLE,ID_PRIVILEGE,DAT_CREATION,ID_CUSTOMER_CREATION) VALUES ('STANDARD_CONSUMER_MBANKING','UC_173_PAYEE_PRIVILEGE',#CURRENT_TIMESTAMP#,0);
INSERT INTO MOB_UMGR_ROLE_PRIVILEGES (ID_ROLE,ID_PRIVILEGE,DAT_CREATION,ID_CUSTOMER_CREATION) VALUES ('STANDARD_CONSUMER_MBANKING','UC_173_PAYER_PRIVILEGE',#CURRENT_TIMESTAMP#,0);
INSERT INTO MOB_UMGR_ROLE_PRIVILEGES (ID_ROLE,ID_PRIVILEGE,DAT_CREATION,ID_CUSTOMER_CREATION) VALUES ('STANDARD_CONSUMER_MBANKING','UC_174_PAYEE_PRIVILEGE',#CURRENT_TIMESTAMP#,0);
INSERT INTO MOB_UMGR_ROLE_PRIVILEGES (ID_ROLE,ID_PRIVILEGE,DAT_CREATION,ID_CUSTOMER_CREATION) VALUES ('STANDARD_CONSUMER_MBANKING','UC_174_PAYER_PRIVILEGE',#CURRENT_TIMESTAMP#,0);
INSERT INTO MOB_UMGR_ROLE_PRIVILEGES (ID_ROLE,ID_PRIVILEGE,DAT_CREATION,ID_CUSTOMER_CREATION) VALUES ('STANDARD_CONSUMER_MBANKING','UC_175_PAYEE_PRIVILEGE',#CURRENT_TIMESTAMP#,0);
INSERT INTO MOB_UMGR_ROLE_PRIVILEGES (ID_ROLE,ID_PRIVILEGE,DAT_CREATION,ID_CUSTOMER_CREATION) VALUES ('STANDARD_CONSUMER_MBANKING','UC_175_PAYER_PRIVILEGE',#CURRENT_TIMESTAMP#,0);
INSERT INTO MOB_UMGR_ROLE_PRIVILEGES (ID_ROLE,ID_PRIVILEGE,DAT_CREATION,ID_CUSTOMER_CREATION) VALUES ('STANDARD_CONSUMER_MBANKING','UC_179_PAYEE_PRIVILEGE',#CURRENT_TIMESTAMP#,0);
INSERT INTO MOB_UMGR_ROLE_PRIVILEGES (ID_ROLE,ID_PRIVILEGE,DAT_CREATION,ID_CUSTOMER_CREATION) VALUES ('STANDARD_CONSUMER_MBANKING','UC_179_PAYER_PRIVILEGE',#CURRENT_TIMESTAMP#,0);
INSERT INTO MOB_UMGR_ROLE_PRIVILEGES (ID_ROLE,ID_PRIVILEGE,DAT_CREATION,ID_CUSTOMER_CREATION) VALUES ('STANDARD_CONSUMER_MBANKING','UC_184_PAYEE_PRIVILEGE',#CURRENT_TIMESTAMP#,0);
INSERT INTO MOB_UMGR_ROLE_PRIVILEGES (ID_ROLE,ID_PRIVILEGE,DAT_CREATION,ID_CUSTOMER_CREATION) VALUES ('STANDARD_CONSUMER_MBANKING','UC_184_PAYER_PRIVILEGE',#CURRENT_TIMESTAMP#,0);
INSERT INTO MOB_UMGR_ROLE_PRIVILEGES (ID_ROLE,ID_PRIVILEGE,DAT_CREATION,ID_CUSTOMER_CREATION) VALUES ('STANDARD_CONSUMER_MBANKING','UC_186_PAYER_PRIVILEGE',#CURRENT_TIMESTAMP#,0);
INSERT INTO MOB_UMGR_ROLE_PRIVILEGES (ID_ROLE,ID_PRIVILEGE,DAT_CREATION,ID_CUSTOMER_CREATION) VALUES ('STANDARD_CONSUMER_MBANKING','UC_191_PAYER_PRIVILEGE',#CURRENT_TIMESTAMP#,0);
INSERT INTO MOB_UMGR_ROLE_PRIVILEGES (ID_ROLE,ID_PRIVILEGE,DAT_CREATION,ID_CUSTOMER_CREATION) VALUES ('STANDARD_CONSUMER_MBANKING','UC_193_PAYEE_PRIVILEGE',#CURRENT_TIMESTAMP#,0);
INSERT INTO MOB_UMGR_ROLE_PRIVILEGES (ID_ROLE,ID_PRIVILEGE,DAT_CREATION,ID_CUSTOMER_CREATION) VALUES ('STANDARD_CONSUMER_MBANKING','UC_193_PAYER_PRIVILEGE',#CURRENT_TIMESTAMP#,0);
INSERT INTO MOB_UMGR_ROLE_PRIVILEGES (ID_ROLE,ID_PRIVILEGE,DAT_CREATION,ID_CUSTOMER_CREATION) VALUES ('STANDARD_CONSUMER_MBANKING','UC_194_PAYEE_PRIVILEGE',#CURRENT_TIMESTAMP#,0);
INSERT INTO MOB_UMGR_ROLE_PRIVILEGES (ID_ROLE,ID_PRIVILEGE,DAT_CREATION,ID_CUSTOMER_CREATION) VALUES ('STANDARD_CONSUMER_MBANKING','UC_194_PAYER_PRIVILEGE',#CURRENT_TIMESTAMP#,0);
INSERT INTO MOB_UMGR_ROLE_PRIVILEGES (ID_ROLE,ID_PRIVILEGE,DAT_CREATION,ID_CUSTOMER_CREATION) VALUES ('STANDARD_CONSUMER_MBANKING','UC_197_PAYEE_PRIVILEGE',#CURRENT_TIMESTAMP#,0);
INSERT INTO MOB_UMGR_ROLE_PRIVILEGES (ID_ROLE,ID_PRIVILEGE,DAT_CREATION,ID_CUSTOMER_CREATION) VALUES ('STANDARD_CONSUMER_MBANKING','UC_197_PAYER_PRIVILEGE',#CURRENT_TIMESTAMP#,0);
INSERT INTO MOB_UMGR_ROLE_PRIVILEGES (ID_ROLE,ID_PRIVILEGE,DAT_CREATION,ID_CUSTOMER_CREATION) VALUES ('STANDARD_CONSUMER_MBANKING','UC_198_PAYEE_PRIVILEGE',#CURRENT_TIMESTAMP#,0);
INSERT INTO MOB_UMGR_ROLE_PRIVILEGES (ID_ROLE,ID_PRIVILEGE,DAT_CREATION,ID_CUSTOMER_CREATION) VALUES ('STANDARD_CONSUMER_MBANKING','UC_199_PAYER_PRIVILEGE',#CURRENT_TIMESTAMP#,0);
INSERT INTO MOB_UMGR_ROLE_PRIVILEGES (ID_ROLE,ID_PRIVILEGE,DAT_CREATION,ID_CUSTOMER_CREATION) VALUES ('STANDARD_CONSUMER_MBANKING','UC_202_PAYEE_PRIVILEGE',#CURRENT_TIMESTAMP#,0);
INSERT INTO MOB_UMGR_ROLE_PRIVILEGES (ID_ROLE,ID_PRIVILEGE,DAT_CREATION,ID_CUSTOMER_CREATION) VALUES ('STANDARD_CONSUMER_MBANKING','UC_202_PAYER_PRIVILEGE',#CURRENT_TIMESTAMP#,0);
INSERT INTO MOB_UMGR_ROLE_PRIVILEGES (ID_ROLE,ID_PRIVILEGE,DAT_CREATION,ID_CUSTOMER_CREATION) VALUES ('STANDARD_CONSUMER_MBANKING','UC_203_CALLER_PARENT_PRIVILEGE',#CURRENT_TIMESTAMP#,0);
INSERT INTO MOB_UMGR_ROLE_PRIVILEGES (ID_ROLE,ID_PRIVILEGE,DAT_CREATION,ID_CUSTOMER_CREATION) VALUES ('STANDARD_CONSUMER_MBANKING','UC_203_CALLER_PRIVILEGE',#CURRENT_TIMESTAMP#,0);
INSERT INTO MOB_UMGR_ROLE_PRIVILEGES (ID_ROLE,ID_PRIVILEGE,DAT_CREATION,ID_CUSTOMER_CREATION) VALUES ('STANDARD_CONSUMER_MBANKING','UC_203_CALLER_SELF_PRIVILEGE',#CURRENT_TIMESTAMP#,0);
INSERT INTO MOB_UMGR_ROLE_PRIVILEGES (ID_ROLE,ID_PRIVILEGE,DAT_CREATION,ID_CUSTOMER_CREATION) VALUES ('STANDARD_CONSUMER_MBANKING','UC_203_CHECKER_PRIVILEGE',#CURRENT_TIMESTAMP#,0);
INSERT INTO MOB_UMGR_ROLE_PRIVILEGES (ID_ROLE,ID_PRIVILEGE,DAT_CREATION,ID_CUSTOMER_CREATION) VALUES ('STANDARD_CONSUMER_MBANKING','UC_203_EXECUTE_PRIVILEGE',#CURRENT_TIMESTAMP#,0);
INSERT INTO MOB_UMGR_ROLE_PRIVILEGES (ID_ROLE,ID_PRIVILEGE,DAT_CREATION,ID_CUSTOMER_CREATION) VALUES ('STANDARD_CONSUMER_MBANKING','UC_203_MAKER_PRIVILEGE',#CURRENT_TIMESTAMP#,0);
INSERT INTO MOB_UMGR_ROLE_PRIVILEGES (ID_ROLE,ID_PRIVILEGE,DAT_CREATION,ID_CUSTOMER_CREATION) VALUES ('STANDARD_CONSUMER_MBANKING','UC_203_PAYEE_PRIVILEGE',#CURRENT_TIMESTAMP#,0);
INSERT INTO MOB_UMGR_ROLE_PRIVILEGES (ID_ROLE,ID_PRIVILEGE,DAT_CREATION,ID_CUSTOMER_CREATION) VALUES ('STANDARD_CONSUMER_MBANKING','UC_203_PAYER_PRIVILEGE',#CURRENT_TIMESTAMP#,0);
INSERT INTO MOB_UMGR_ROLE_PRIVILEGES (ID_ROLE,ID_PRIVILEGE,DAT_CREATION,ID_CUSTOMER_CREATION) VALUES ('STANDARD_CONSUMER_MBANKING','UC_204_CALLER_PARENT_PRIVILEGE',#CURRENT_TIMESTAMP#,0);
INSERT INTO MOB_UMGR_ROLE_PRIVILEGES (ID_ROLE,ID_PRIVILEGE,DAT_CREATION,ID_CUSTOMER_CREATION) VALUES ('STANDARD_CONSUMER_MBANKING','UC_204_CALLER_PRIVILEGE',#CURRENT_TIMESTAMP#,0);
INSERT INTO MOB_UMGR_ROLE_PRIVILEGES (ID_ROLE,ID_PRIVILEGE,DAT_CREATION,ID_CUSTOMER_CREATION) VALUES ('STANDARD_CONSUMER_MBANKING','UC_204_CALLER_SELF_PRIVILEGE',#CURRENT_TIMESTAMP#,0);
INSERT INTO MOB_UMGR_ROLE_PRIVILEGES (ID_ROLE,ID_PRIVILEGE,DAT_CREATION,ID_CUSTOMER_CREATION) VALUES ('STANDARD_CONSUMER_MBANKING','UC_204_CHECKER_PRIVILEGE',#CURRENT_TIMESTAMP#,0);
INSERT INTO MOB_UMGR_ROLE_PRIVILEGES (ID_ROLE,ID_PRIVILEGE,DAT_CREATION,ID_CUSTOMER_CREATION) VALUES ('STANDARD_CONSUMER_MBANKING','UC_204_EXECUTE_PRIVILEGE',#CURRENT_TIMESTAMP#,0);
INSERT INTO MOB_UMGR_ROLE_PRIVILEGES (ID_ROLE,ID_PRIVILEGE,DAT_CREATION,ID_CUSTOMER_CREATION) VALUES ('STANDARD_CONSUMER_MBANKING','UC_204_MAKER_PRIVILEGE',#CURRENT_TIMESTAMP#,0);
INSERT INTO MOB_UMGR_ROLE_PRIVILEGES (ID_ROLE,ID_PRIVILEGE,DAT_CREATION,ID_CUSTOMER_CREATION) VALUES ('STANDARD_CONSUMER_MBANKING','UC_204_PAYEE_PRIVILEGE',#CURRENT_TIMESTAMP#,0);
INSERT INTO MOB_UMGR_ROLE_PRIVILEGES (ID_ROLE,ID_PRIVILEGE,DAT_CREATION,ID_CUSTOMER_CREATION) VALUES ('STANDARD_CONSUMER_MBANKING','UC_204_PAYER_PRIVILEGE',#CURRENT_TIMESTAMP#,0);
INSERT INTO MOB_UMGR_ROLE_PRIVILEGES (ID_ROLE,ID_PRIVILEGE,DAT_CREATION,ID_CUSTOMER_CREATION) VALUES ('STANDARD_CONSUMER_MBANKING','UC_205_CALLER_PARENT_PRIVILEGE',#CURRENT_TIMESTAMP#,0);
INSERT INTO MOB_UMGR_ROLE_PRIVILEGES (ID_ROLE,ID_PRIVILEGE,DAT_CREATION,ID_CUSTOMER_CREATION) VALUES ('STANDARD_CONSUMER_MBANKING','UC_205_CALLER_PRIVILEGE',#CURRENT_TIMESTAMP#,0);
INSERT INTO MOB_UMGR_ROLE_PRIVILEGES (ID_ROLE,ID_PRIVILEGE,DAT_CREATION,ID_CUSTOMER_CREATION) VALUES ('STANDARD_CONSUMER_MBANKING','UC_205_CALLER_SELF_PRIVILEGE',#CURRENT_TIMESTAMP#,0);
INSERT INTO MOB_UMGR_ROLE_PRIVILEGES (ID_ROLE,ID_PRIVILEGE,DAT_CREATION,ID_CUSTOMER_CREATION) VALUES ('STANDARD_CONSUMER_MBANKING','UC_205_CHECKER_PRIVILEGE',#CURRENT_TIMESTAMP#,0);
INSERT INTO MOB_UMGR_ROLE_PRIVILEGES (ID_ROLE,ID_PRIVILEGE,DAT_CREATION,ID_CUSTOMER_CREATION) VALUES ('STANDARD_CONSUMER_MBANKING','UC_205_EXECUTE_PRIVILEGE',#CURRENT_TIMESTAMP#,0);
INSERT INTO MOB_UMGR_ROLE_PRIVILEGES (ID_ROLE,ID_PRIVILEGE,DAT_CREATION,ID_CUSTOMER_CREATION) VALUES ('STANDARD_CONSUMER_MBANKING','UC_205_MAKER_PRIVILEGE',#CURRENT_TIMESTAMP#,0);
INSERT INTO MOB_UMGR_ROLE_PRIVILEGES (ID_ROLE,ID_PRIVILEGE,DAT_CREATION,ID_CUSTOMER_CREATION) VALUES ('STANDARD_CONSUMER_MBANKING','UC_205_PAYEE_PRIVILEGE',#CURRENT_TIMESTAMP#,0);
INSERT INTO MOB_UMGR_ROLE_PRIVILEGES (ID_ROLE,ID_PRIVILEGE,DAT_CREATION,ID_CUSTOMER_CREATION) VALUES ('STANDARD_CONSUMER_MBANKING','UC_205_PAYER_PRIVILEGE',#CURRENT_TIMESTAMP#,0);
INSERT INTO MOB_UMGR_ROLE_PRIVILEGES (ID_ROLE,ID_PRIVILEGE,DAT_CREATION,ID_CUSTOMER_CREATION) VALUES ('STANDARD_CONSUMER_MBANKING','UC_206_CALLER_PARENT_PRIVILEGE',#CURRENT_TIMESTAMP#,0);
INSERT INTO MOB_UMGR_ROLE_PRIVILEGES (ID_ROLE,ID_PRIVILEGE,DAT_CREATION,ID_CUSTOMER_CREATION) VALUES ('STANDARD_CONSUMER_MBANKING','UC_206_CALLER_PRIVILEGE',#CURRENT_TIMESTAMP#,0);
INSERT INTO MOB_UMGR_ROLE_PRIVILEGES (ID_ROLE,ID_PRIVILEGE,DAT_CREATION,ID_CUSTOMER_CREATION) VALUES ('STANDARD_CONSUMER_MBANKING','UC_206_CALLER_SELF_PRIVILEGE',#CURRENT_TIMESTAMP#,0);
INSERT INTO MOB_UMGR_ROLE_PRIVILEGES (ID_ROLE,ID_PRIVILEGE,DAT_CREATION,ID_CUSTOMER_CREATION) VALUES ('STANDARD_CONSUMER_MBANKING','UC_206_CHECKER_PRIVILEGE',#CURRENT_TIMESTAMP#,0);
INSERT INTO MOB_UMGR_ROLE_PRIVILEGES (ID_ROLE,ID_PRIVILEGE,DAT_CREATION,ID_CUSTOMER_CREATION) VALUES ('STANDARD_CONSUMER_MBANKING','UC_206_EXECUTE_PRIVILEGE',#CURRENT_TIMESTAMP#,0);
INSERT INTO MOB_UMGR_ROLE_PRIVILEGES (ID_ROLE,ID_PRIVILEGE,DAT_CREATION,ID_CUSTOMER_CREATION) VALUES ('STANDARD_CONSUMER_MBANKING','UC_206_MAKER_PRIVILEGE',#CURRENT_TIMESTAMP#,0);
INSERT INTO MOB_UMGR_ROLE_PRIVILEGES (ID_ROLE,ID_PRIVILEGE,DAT_CREATION,ID_CUSTOMER_CREATION) VALUES ('STANDARD_CONSUMER_MBANKING','UC_206_PAYEE_PRIVILEGE',#CURRENT_TIMESTAMP#,0);
INSERT INTO MOB_UMGR_ROLE_PRIVILEGES (ID_ROLE,ID_PRIVILEGE,DAT_CREATION,ID_CUSTOMER_CREATION) VALUES ('STANDARD_CONSUMER_MBANKING','UC_206_PAYER_PRIVILEGE',#CURRENT_TIMESTAMP#,0);
INSERT INTO MOB_UMGR_ROLE_PRIVILEGES (ID_ROLE,ID_PRIVILEGE,DAT_CREATION,ID_CUSTOMER_CREATION) VALUES ('SYSTEM','MBANKING_CONSUMER_CHECKER',#CURRENT_TIMESTAMP#,0);
INSERT INTO MOB_UMGR_ROLE_PRIVILEGES (ID_ROLE,ID_PRIVILEGE,DAT_CREATION,ID_CUSTOMER_CREATION) VALUES ('SYSTEM','MBANKING_CONSUMER_DEACT_CHECKER',#CURRENT_TIMESTAMP#,0);
INSERT INTO MOB_UMGR_ROLE_PRIVILEGES (ID_ROLE,ID_PRIVILEGE,DAT_CREATION,ID_CUSTOMER_CREATION) VALUES ('SYSTEM','MBANKING_CONSUMER_DEACT_EXECUTE',#CURRENT_TIMESTAMP#,0);
INSERT INTO MOB_UMGR_ROLE_PRIVILEGES (ID_ROLE,ID_PRIVILEGE,DAT_CREATION,ID_CUSTOMER_CREATION) VALUES ('SYSTEM','MBANKING_CONSUMER_DEACT_MAKER',#CURRENT_TIMESTAMP#,0);
INSERT INTO MOB_UMGR_ROLE_PRIVILEGES (ID_ROLE,ID_PRIVILEGE,DAT_CREATION,ID_CUSTOMER_CREATION) VALUES ('SYSTEM','MBANKING_CONSUMER_EXECUTE',#CURRENT_TIMESTAMP#,0);
INSERT INTO MOB_UMGR_ROLE_PRIVILEGES (ID_ROLE,ID_PRIVILEGE,DAT_CREATION,ID_CUSTOMER_CREATION) VALUES ('SYSTEM','MBANKING_CONSUMER_MAKER',#CURRENT_TIMESTAMP#,0);
INSERT INTO MOB_UMGR_ROLE_PRIVILEGES (ID_ROLE,ID_PRIVILEGE,DAT_CREATION,ID_CUSTOMER_CREATION) values ('STANDARD_CONSUMER_MBANKING','UC_180_PAYEE_PRIVILEGE',#CURRENT_TIMESTAMP#,0);
INSERT INTO MOB_UMGR_ROLE_PRIVILEGES (ID_ROLE,ID_PRIVILEGE,DAT_CREATION,ID_CUSTOMER_CREATION) values ('STANDARD_CONSUMER_MBANKING','UC_181_PAYER_PRIVILEGE',#CURRENT_TIMESTAMP#,0);
INSERT INTO MOB_UMGR_ROLE_PRIVILEGES (ID_ROLE,ID_PRIVILEGE,DAT_CREATION,ID_CUSTOMER_CREATION) values ('STANDARD_CONSUMER_MBANKING','UC_182_PAYEE_PRIVILEGE',#CURRENT_TIMESTAMP#,0);
INSERT INTO MOB_UMGR_ROLE_PRIVILEGES (ID_ROLE,ID_PRIVILEGE,DAT_CREATION,ID_CUSTOMER_CREATION) values ('STANDARD_CONSUMER_MBANKING','UC_182_PAYER_PRIVILEGE',#CURRENT_TIMESTAMP#,0);
INSERT INTO MOB_UMGR_ROLE_PRIVILEGES (ID_ROLE,ID_PRIVILEGE,DAT_CREATION,ID_CUSTOMER_CREATION) values ('STANDARD_CONSUMER_MBANKING','UC_183_PAYEE_PRIVILEGE',#CURRENT_TIMESTAMP#,0);
INSERT INTO MOB_UMGR_ROLE_PRIVILEGES (ID_ROLE,ID_PRIVILEGE,DAT_CREATION,ID_CUSTOMER_CREATION) values ('STANDARD_CONSUMER_MBANKING','UC_183_PAYER_PRIVILEGE',#CURRENT_TIMESTAMP#,0);

-- customer types, cred policies and maker checker
Insert into MOB_CUSTOMER_TYPES (ID_CUSTOMER_TYPE,STR_CUSTOMER_TYPE,ID_UMGR_ROLE,ID_RISK_CATEGORY,ID_FEE_SET,ID_SESSION_POLICY,BOL_IS_INTERNAL,DAT_CREATION,ID_CUSTOMER_CREATION) values (102,'Consumer for mBanking','STANDARD_CONSUMER_MBANKING',0,null,1,'N',#CURRENT_TIMESTAMP#,0);

Insert into MOB_CUST_TYPES_CRED_POLICIES (ID_ENTITY,ID_CUSTOMER_TYPE,ID_CREDENTIAL_TYPE,ID_CREDENTIAL_POLICY,DAT_CREATION,ID_CUSTOMER_CREATION) values (#SEQ_VAL# * 50,102,0,1,#CURRENT_TIMESTAMP#,0);
Insert into MOB_CUST_TYPES_CRED_POLICIES (ID_ENTITY,ID_CUSTOMER_TYPE,ID_CREDENTIAL_TYPE,ID_CREDENTIAL_POLICY,DAT_CREATION,ID_CUSTOMER_CREATION) values (#SEQ_VAL# * 50,102,1,2,#CURRENT_TIMESTAMP#,0);

INSERT INTO MOB_WRK_CUSTOMERS(ID_CUSTOMER_TYPE,ID_MAKER_PRIVILEGE,ID_CHECKER_PRIVILEGE,ID_EXECUTE_PRIVILEGE,ID_MAKER_PRIVILEGE_DEACT,ID_CHECKER_PRIVILEGE_DEACT,ID_EXECUTE_PRIVILEGE_DEACT,DAT_CREATION,ID_CUSTOMER_CREATION) VALUES (102,'MBANKING_CONSUMER_MAKER','MBANKING_CONSUMER_CHECKER','MBANKING_CONSUMER_EXECUTE','MBANKING_CONSUMER_DEACT_MAKER','MBANKING_CONSUMER_DEACT_CHECKER','MBANKING_CONSUMER_DEACT_EXECUTE',#CURRENT_TIMESTAMP#,0);

-- Some vanilla data for mBanking Service Packages
INSERT INTO MBA_SERVICE_CHANNELS (ID_SERVICE_CHANNEL,STR_NAME,DAT_CREATION,ID_CUSTOMER_CREATION) values ('SMS','SMS',#CURRENT_TIMESTAMP#,0);
INSERT INTO MBA_SERVICE_CHANNELS (ID_SERVICE_CHANNEL,STR_NAME,DAT_CREATION,ID_CUSTOMER_CREATION) values ('MWEB','Mobile Web',#CURRENT_TIMESTAMP#,0);
INSERT INTO MBA_SERVICE_CHANNELS (ID_SERVICE_CHANNEL,STR_NAME,DAT_CREATION,ID_CUSTOMER_CREATION) values ('MAPP','Mobile Application',#CURRENT_TIMESTAMP#,0);

INSERT INTO MBA_SERVICE_OPERATIONS (ID_OPERATION,STR_NAME,DAT_CREATION,ID_CUSTOMER_CREATION) values (1,'ACCOUNT_BALANCE',#CURRENT_TIMESTAMP#,0);
INSERT INTO MBA_SERVICE_OPERATIONS (ID_OPERATION,STR_NAME,DAT_CREATION,ID_CUSTOMER_CREATION) values (5,'LIST_PAYEES',#CURRENT_TIMESTAMP#,0);
INSERT INTO MBA_SERVICE_OPERATIONS (ID_OPERATION,STR_NAME,DAT_CREATION,ID_CUSTOMER_CREATION) values (3,'FUND_TRANSFER',#CURRENT_TIMESTAMP#,0);
INSERT INTO MBA_SERVICE_OPERATIONS (ID_OPERATION,STR_NAME,DAT_CREATION,ID_CUSTOMER_CREATION) values (6,'LOCK_DEVICE',#CURRENT_TIMESTAMP#,0);
INSERT INTO MBA_SERVICE_OPERATIONS (ID_OPERATION,STR_NAME,DAT_CREATION,ID_CUSTOMER_CREATION) values (2,'BILL_PAY',#CURRENT_TIMESTAMP#,0);
INSERT INTO MBA_SERVICE_OPERATIONS (ID_OPERATION,STR_NAME,DAT_CREATION,ID_CUSTOMER_CREATION) values (7,'MINI_STATEMENT',#CURRENT_TIMESTAMP#,0);
INSERT INTO MBA_SERVICE_OPERATIONS (ID_OPERATION,STR_NAME,DAT_CREATION,ID_CUSTOMER_CREATION) values (4,'LIST_ACCOUNTS',#CURRENT_TIMESTAMP#,0);
INSERT INTO MBA_SERVICE_OPERATIONS (ID_OPERATION,STR_NAME,DAT_CREATION,ID_CUSTOMER_CREATION) values (8,'MOBILE_ENROLLMENT',#CURRENT_TIMESTAMP#,0);
INSERT INTO MBA_SERVICE_OPERATIONS (ID_OPERATION,STR_NAME,DAT_CREATION,ID_CUSTOMER_CREATION) values (9,'RESUME_ALERTS',#CURRENT_TIMESTAMP#,0);
INSERT INTO MBA_SERVICE_OPERATIONS (ID_OPERATION,STR_NAME,DAT_CREATION,ID_CUSTOMER_CREATION) values (10,'STOP_ALERTS',#CURRENT_TIMESTAMP#,0);
INSERT INTO MBA_SERVICE_OPERATIONS (ID_OPERATION,STR_NAME,DAT_CREATION,ID_CUSTOMER_CREATION) values (11,'STOP_CHEQUE_PAYMENT',#CURRENT_TIMESTAMP#,0);
INSERT INTO MBA_SERVICE_OPERATIONS (ID_OPERATION,STR_NAME,DAT_CREATION,ID_CUSTOMER_CREATION) values (12,'UNLOCK_DEVICE',#CURRENT_TIMESTAMP#,0);

INSERT INTO MBA_SERVICE_PACKAGE (ID_SERVICE_CODE,ID_ORGUNIT,STR_NAME,ID_ORGUNIT_DEFAULT,INT_SUPPORTED_DEVICES,DAT_CREATION,ID_CUSTOMER_CREATION) values ('111','0000','Basic','0000',1,#CURRENT_TIMESTAMP#,0);
INSERT INTO MBA_SERVICE_PACKAGE (ID_SERVICE_CODE,ID_ORGUNIT,STR_NAME,ID_ORGUNIT_DEFAULT,INT_SUPPORTED_DEVICES,DAT_CREATION,ID_CUSTOMER_CREATION) values ('222','0000','Standard',null,1,#CURRENT_TIMESTAMP#,0);
INSERT INTO MBA_SERVICE_PACKAGE (ID_SERVICE_CODE,ID_ORGUNIT,STR_NAME,ID_ORGUNIT_DEFAULT,INT_SUPPORTED_DEVICES,DAT_CREATION,ID_CUSTOMER_CREATION) values ('333','0000','Platinum',null,2,#CURRENT_TIMESTAMP#,0);
INSERT INTO MBA_SERVICE_PACKAGE (ID_SERVICE_CODE,ID_ORGUNIT,STR_NAME,ID_ORGUNIT_DEFAULT,INT_SUPPORTED_DEVICES,DAT_CREATION,ID_CUSTOMER_CREATION) values ('444','0000','Premium',null,3,#CURRENT_TIMESTAMP#,0);

INSERT INTO MBA_SERVICE_PKG_ALERTS (ID_SERVICE_CODE,STR_NAME,DAT_CREATION,ID_CUSTOMER_CREATION) values ('111','AccountBalanceSummaryAlert',#CURRENT_TIMESTAMP#,0);
INSERT INTO MBA_SERVICE_PKG_ALERTS (ID_SERVICE_CODE,STR_NAME,DAT_CREATION,ID_CUSTOMER_CREATION) values ('111','AccountBalanceThresholdAlert',#CURRENT_TIMESTAMP#,0);
INSERT INTO MBA_SERVICE_PKG_ALERTS (ID_SERVICE_CODE,STR_NAME,DAT_CREATION,ID_CUSTOMER_CREATION) values ('111','CustomerLockoutAlert',#CURRENT_TIMESTAMP#,0);
INSERT INTO MBA_SERVICE_PKG_ALERTS (ID_SERVICE_CODE,STR_NAME,DAT_CREATION,ID_CUSTOMER_CREATION) values ('111','InvalidAccountAccessAlert',#CURRENT_TIMESTAMP#,0);
INSERT INTO MBA_SERVICE_PKG_ALERTS (ID_SERVICE_CODE,STR_NAME,DAT_CREATION,ID_CUSTOMER_CREATION) values ('111','PasswordChangedAlert',#CURRENT_TIMESTAMP#,0);
INSERT INTO MBA_SERVICE_PKG_ALERTS (ID_SERVICE_CODE,STR_NAME,DAT_CREATION,ID_CUSTOMER_CREATION) values ('111','TransactionSummaryAlert',#CURRENT_TIMESTAMP#,0);
INSERT INTO MBA_SERVICE_PKG_ALERTS (ID_SERVICE_CODE,STR_NAME,DAT_CREATION,ID_CUSTOMER_CREATION) values ('111','BankInquiryResponseAlert',#CURRENT_TIMESTAMP#,0);
INSERT INTO MBA_SERVICE_PKG_ALERTS (ID_SERVICE_CODE,STR_NAME,DAT_CREATION,ID_CUSTOMER_CREATION) values ('111','InsufficientFundsAlert',#CURRENT_TIMESTAMP#,0);
INSERT INTO MBA_SERVICE_PKG_ALERTS (ID_SERVICE_CODE,STR_NAME,DAT_CREATION,ID_CUSTOMER_CREATION) values ('111','PanicPayAlert',#CURRENT_TIMESTAMP#,0);
INSERT INTO MBA_SERVICE_PKG_ALERTS (ID_SERVICE_CODE,STR_NAME,DAT_CREATION,ID_CUSTOMER_CREATION) values ('111','UnreadBankMessageAlert',#CURRENT_TIMESTAMP#,0);
INSERT INTO MBA_SERVICE_PKG_ALERTS (ID_SERVICE_CODE,STR_NAME,DAT_CREATION,ID_CUSTOMER_CREATION) values ('222','AccountBalanceSummaryAlert',#CURRENT_TIMESTAMP#,0);
INSERT INTO MBA_SERVICE_PKG_ALERTS (ID_SERVICE_CODE,STR_NAME,DAT_CREATION,ID_CUSTOMER_CREATION) values ('222','AccountBalanceThresholdAlert',#CURRENT_TIMESTAMP#,0);
INSERT INTO MBA_SERVICE_PKG_ALERTS (ID_SERVICE_CODE,STR_NAME,DAT_CREATION,ID_CUSTOMER_CREATION) values ('222','CustomerLockoutAlert',#CURRENT_TIMESTAMP#,0);
INSERT INTO MBA_SERVICE_PKG_ALERTS (ID_SERVICE_CODE,STR_NAME,DAT_CREATION,ID_CUSTOMER_CREATION) values ('222','InvalidAccountAccessAlert',#CURRENT_TIMESTAMP#,0);
INSERT INTO MBA_SERVICE_PKG_ALERTS (ID_SERVICE_CODE,STR_NAME,DAT_CREATION,ID_CUSTOMER_CREATION) values ('222','PasswordChangedAlert',#CURRENT_TIMESTAMP#,0);
INSERT INTO MBA_SERVICE_PKG_ALERTS (ID_SERVICE_CODE,STR_NAME,DAT_CREATION,ID_CUSTOMER_CREATION) values ('222','TransactionSummaryAlert',#CURRENT_TIMESTAMP#,0);
INSERT INTO MBA_SERVICE_PKG_ALERTS (ID_SERVICE_CODE,STR_NAME,DAT_CREATION,ID_CUSTOMER_CREATION) values ('222','BankInquiryResponseAlert',#CURRENT_TIMESTAMP#,0);
INSERT INTO MBA_SERVICE_PKG_ALERTS (ID_SERVICE_CODE,STR_NAME,DAT_CREATION,ID_CUSTOMER_CREATION) values ('222','InsufficientFundsAlert',#CURRENT_TIMESTAMP#,0);
INSERT INTO MBA_SERVICE_PKG_ALERTS (ID_SERVICE_CODE,STR_NAME,DAT_CREATION,ID_CUSTOMER_CREATION) values ('222','PanicPayAlert',#CURRENT_TIMESTAMP#,0);
INSERT INTO MBA_SERVICE_PKG_ALERTS (ID_SERVICE_CODE,STR_NAME,DAT_CREATION,ID_CUSTOMER_CREATION) values ('222','UnreadBankMessageAlert',#CURRENT_TIMESTAMP#,0);
INSERT INTO MBA_SERVICE_PKG_ALERTS (ID_SERVICE_CODE,STR_NAME,DAT_CREATION,ID_CUSTOMER_CREATION) values ('333','AccountBalanceSummaryAlert',#CURRENT_TIMESTAMP#,0);
INSERT INTO MBA_SERVICE_PKG_ALERTS (ID_SERVICE_CODE,STR_NAME,DAT_CREATION,ID_CUSTOMER_CREATION) values ('333','AccountBalanceThresholdAlert',#CURRENT_TIMESTAMP#,0);
INSERT INTO MBA_SERVICE_PKG_ALERTS (ID_SERVICE_CODE,STR_NAME,DAT_CREATION,ID_CUSTOMER_CREATION) values ('333','CustomerLockoutAlert',#CURRENT_TIMESTAMP#,0);
INSERT INTO MBA_SERVICE_PKG_ALERTS (ID_SERVICE_CODE,STR_NAME,DAT_CREATION,ID_CUSTOMER_CREATION) values ('333','InvalidAccountAccessAlert',#CURRENT_TIMESTAMP#,0);
INSERT INTO MBA_SERVICE_PKG_ALERTS (ID_SERVICE_CODE,STR_NAME,DAT_CREATION,ID_CUSTOMER_CREATION) values ('333','PasswordChangedAlert',#CURRENT_TIMESTAMP#,0);
INSERT INTO MBA_SERVICE_PKG_ALERTS (ID_SERVICE_CODE,STR_NAME,DAT_CREATION,ID_CUSTOMER_CREATION) values ('333','TransactionSummaryAlert',#CURRENT_TIMESTAMP#,0);
INSERT INTO MBA_SERVICE_PKG_ALERTS (ID_SERVICE_CODE,STR_NAME,DAT_CREATION,ID_CUSTOMER_CREATION) values ('333','BankInquiryResponseAlert',#CURRENT_TIMESTAMP#,0);
INSERT INTO MBA_SERVICE_PKG_ALERTS (ID_SERVICE_CODE,STR_NAME,DAT_CREATION,ID_CUSTOMER_CREATION) values ('333','InsufficientFundsAlert',#CURRENT_TIMESTAMP#,0);
INSERT INTO MBA_SERVICE_PKG_ALERTS (ID_SERVICE_CODE,STR_NAME,DAT_CREATION,ID_CUSTOMER_CREATION) values ('333','PanicPayAlert',#CURRENT_TIMESTAMP#,0);
INSERT INTO MBA_SERVICE_PKG_ALERTS (ID_SERVICE_CODE,STR_NAME,DAT_CREATION,ID_CUSTOMER_CREATION) values ('333','UnreadBankMessageAlert',#CURRENT_TIMESTAMP#,0);
INSERT INTO MBA_SERVICE_PKG_ALERTS (ID_SERVICE_CODE,STR_NAME,DAT_CREATION,ID_CUSTOMER_CREATION) values ('444','AccountBalanceSummaryAlert',#CURRENT_TIMESTAMP#,0);
INSERT INTO MBA_SERVICE_PKG_ALERTS (ID_SERVICE_CODE,STR_NAME,DAT_CREATION,ID_CUSTOMER_CREATION) values ('444','AccountBalanceThresholdAlert',#CURRENT_TIMESTAMP#,0);
INSERT INTO MBA_SERVICE_PKG_ALERTS (ID_SERVICE_CODE,STR_NAME,DAT_CREATION,ID_CUSTOMER_CREATION) values ('444','CustomerLockoutAlert',#CURRENT_TIMESTAMP#,0);
INSERT INTO MBA_SERVICE_PKG_ALERTS (ID_SERVICE_CODE,STR_NAME,DAT_CREATION,ID_CUSTOMER_CREATION) values ('444','InvalidAccountAccessAlert',#CURRENT_TIMESTAMP#,0);
INSERT INTO MBA_SERVICE_PKG_ALERTS (ID_SERVICE_CODE,STR_NAME,DAT_CREATION,ID_CUSTOMER_CREATION) values ('444','PasswordChangedAlert',#CURRENT_TIMESTAMP#,0);
INSERT INTO MBA_SERVICE_PKG_ALERTS (ID_SERVICE_CODE,STR_NAME,DAT_CREATION,ID_CUSTOMER_CREATION) values ('444','TransactionSummaryAlert',#CURRENT_TIMESTAMP#,0);
INSERT INTO MBA_SERVICE_PKG_ALERTS (ID_SERVICE_CODE,STR_NAME,DAT_CREATION,ID_CUSTOMER_CREATION) values ('444','BankInquiryResponseAlert',#CURRENT_TIMESTAMP#,0);
INSERT INTO MBA_SERVICE_PKG_ALERTS (ID_SERVICE_CODE,STR_NAME,DAT_CREATION,ID_CUSTOMER_CREATION) values ('444','InsufficientFundsAlert',#CURRENT_TIMESTAMP#,0);
INSERT INTO MBA_SERVICE_PKG_ALERTS (ID_SERVICE_CODE,STR_NAME,DAT_CREATION,ID_CUSTOMER_CREATION) values ('444','PanicPayAlert',#CURRENT_TIMESTAMP#,0);
INSERT INTO MBA_SERVICE_PKG_ALERTS (ID_SERVICE_CODE,STR_NAME,DAT_CREATION,ID_CUSTOMER_CREATION) values ('444','UnreadBankMessageAlert',#CURRENT_TIMESTAMP#,0);

INSERT INTO MBA_SERVICE_PKG_CHANNELS (ID_SERVICE_CODE,ID_SERVICE_CHANNEL,DAT_CREATION,ID_CUSTOMER_CREATION) values ('222','MWEB',#CURRENT_TIMESTAMP#,0);
INSERT INTO MBA_SERVICE_PKG_CHANNELS (ID_SERVICE_CODE,ID_SERVICE_CHANNEL,DAT_CREATION,ID_CUSTOMER_CREATION) values ('444','SMS',#CURRENT_TIMESTAMP#,0);
INSERT INTO MBA_SERVICE_PKG_CHANNELS (ID_SERVICE_CODE,ID_SERVICE_CHANNEL,DAT_CREATION,ID_CUSTOMER_CREATION) values ('333','SMS',#CURRENT_TIMESTAMP#,0);
INSERT INTO MBA_SERVICE_PKG_CHANNELS (ID_SERVICE_CODE,ID_SERVICE_CHANNEL,DAT_CREATION,ID_CUSTOMER_CREATION) values ('444','MWEB',#CURRENT_TIMESTAMP#,0);
INSERT INTO MBA_SERVICE_PKG_CHANNELS (ID_SERVICE_CODE,ID_SERVICE_CHANNEL,DAT_CREATION,ID_CUSTOMER_CREATION) values ('333','MWEB',#CURRENT_TIMESTAMP#,0);
INSERT INTO MBA_SERVICE_PKG_CHANNELS (ID_SERVICE_CODE,ID_SERVICE_CHANNEL,DAT_CREATION,ID_CUSTOMER_CREATION) values ('444','MAPP',#CURRENT_TIMESTAMP#,0);
INSERT INTO MBA_SERVICE_PKG_CHANNELS (ID_SERVICE_CODE,ID_SERVICE_CHANNEL,DAT_CREATION,ID_CUSTOMER_CREATION) values ('111','MWEB',#CURRENT_TIMESTAMP#,0);

INSERT INTO MBA_SERVICE_PKG_OPERATIONS (ID_SERVICE_CODE,ID_OPERATION,DAT_CREATION,ID_CUSTOMER_CREATION) values ('111',1,#CURRENT_TIMESTAMP#,0);
INSERT INTO MBA_SERVICE_PKG_OPERATIONS (ID_SERVICE_CODE,ID_OPERATION,DAT_CREATION,ID_CUSTOMER_CREATION) values ('111',4,#CURRENT_TIMESTAMP#,0);
INSERT INTO MBA_SERVICE_PKG_OPERATIONS (ID_SERVICE_CODE,ID_OPERATION,DAT_CREATION,ID_CUSTOMER_CREATION) values ('111',7,#CURRENT_TIMESTAMP#,0);
INSERT INTO MBA_SERVICE_PKG_OPERATIONS (ID_SERVICE_CODE,ID_OPERATION,DAT_CREATION,ID_CUSTOMER_CREATION) values ('111',8,#CURRENT_TIMESTAMP#,0);
INSERT INTO MBA_SERVICE_PKG_OPERATIONS (ID_SERVICE_CODE,ID_OPERATION,DAT_CREATION,ID_CUSTOMER_CREATION) values ('222',1,#CURRENT_TIMESTAMP#,0);
INSERT INTO MBA_SERVICE_PKG_OPERATIONS (ID_SERVICE_CODE,ID_OPERATION,DAT_CREATION,ID_CUSTOMER_CREATION) values ('222',4,#CURRENT_TIMESTAMP#,0);
INSERT INTO MBA_SERVICE_PKG_OPERATIONS (ID_SERVICE_CODE,ID_OPERATION,DAT_CREATION,ID_CUSTOMER_CREATION) values ('222',7,#CURRENT_TIMESTAMP#,0);
INSERT INTO MBA_SERVICE_PKG_OPERATIONS (ID_SERVICE_CODE,ID_OPERATION,DAT_CREATION,ID_CUSTOMER_CREATION) values ('333',1,#CURRENT_TIMESTAMP#,0);
INSERT INTO MBA_SERVICE_PKG_OPERATIONS (ID_SERVICE_CODE,ID_OPERATION,DAT_CREATION,ID_CUSTOMER_CREATION) values ('333',3,#CURRENT_TIMESTAMP#,0);
INSERT INTO MBA_SERVICE_PKG_OPERATIONS (ID_SERVICE_CODE,ID_OPERATION,DAT_CREATION,ID_CUSTOMER_CREATION) values ('333',4,#CURRENT_TIMESTAMP#,0);
INSERT INTO MBA_SERVICE_PKG_OPERATIONS (ID_SERVICE_CODE,ID_OPERATION,DAT_CREATION,ID_CUSTOMER_CREATION) values ('333',5,#CURRENT_TIMESTAMP#,0);
INSERT INTO MBA_SERVICE_PKG_OPERATIONS (ID_SERVICE_CODE,ID_OPERATION,DAT_CREATION,ID_CUSTOMER_CREATION) values ('333',6,#CURRENT_TIMESTAMP#,0);
INSERT INTO MBA_SERVICE_PKG_OPERATIONS (ID_SERVICE_CODE,ID_OPERATION,DAT_CREATION,ID_CUSTOMER_CREATION) values ('333',7,#CURRENT_TIMESTAMP#,0);
INSERT INTO MBA_SERVICE_PKG_OPERATIONS (ID_SERVICE_CODE,ID_OPERATION,DAT_CREATION,ID_CUSTOMER_CREATION) values ('333',9,#CURRENT_TIMESTAMP#,0);
INSERT INTO MBA_SERVICE_PKG_OPERATIONS (ID_SERVICE_CODE,ID_OPERATION,DAT_CREATION,ID_CUSTOMER_CREATION) values ('333',10,#CURRENT_TIMESTAMP#,0);
INSERT INTO MBA_SERVICE_PKG_OPERATIONS (ID_SERVICE_CODE,ID_OPERATION,DAT_CREATION,ID_CUSTOMER_CREATION) values ('333',11,#CURRENT_TIMESTAMP#,0);
INSERT INTO MBA_SERVICE_PKG_OPERATIONS (ID_SERVICE_CODE,ID_OPERATION,DAT_CREATION,ID_CUSTOMER_CREATION) values ('333',12,#CURRENT_TIMESTAMP#,0);


-- favourite Type
INSERT INTO MBA_FAVOURITE_TYPES (ID_FAVOURITE_TYPE,STR_DESCRIPTION,DAT_CREATION,ID_CUSTOMER_CREATION) values (0,'ALL',#CURRENT_TIMESTAMP#,0);
INSERT INTO MBA_FAVOURITE_TYPES (ID_FAVOURITE_TYPE,STR_DESCRIPTION,DAT_CREATION,ID_CUSTOMER_CREATION) values (1,'SAME_BANK_TRANSFER',#CURRENT_TIMESTAMP#,0);
INSERT INTO MBA_FAVOURITE_TYPES (ID_FAVOURITE_TYPE,STR_DESCRIPTION,DAT_CREATION,ID_CUSTOMER_CREATION) values (2,'OTHER_BANK_TRANSFER',#CURRENT_TIMESTAMP#,0);
INSERT INTO MBA_FAVOURITE_TYPES (ID_FAVOURITE_TYPE,STR_DESCRIPTION,DAT_CREATION,ID_CUSTOMER_CREATION) values (3,'BILL_PAYMENT',#CURRENT_TIMESTAMP#,0);
INSERT INTO MBA_FAVOURITE_TYPES (ID_FAVOURITE_TYPE,STR_DESCRIPTION,DAT_CREATION,ID_CUSTOMER_CREATION) values (4,'INTERNATIONAL_TRANSFER',#CURRENT_TIMESTAMP#,0);

-- billerAccount PI
INSERT INTO MOB_PI_TYPES (ID_PI_TYPE,STR_PI_TYPE,ID_ISSUER,ID_PI_CLASS,BOL_CREDIT_ALLOWED,BOL_DEBIT_ALLOWED,ID_SETTLEMENT_INSTRUMENT,ID_SETTLEMENT_MODE,ID_FEE_SETTLEMENT_MODE,ID_BOOKING_MODE,ID_DEFAULT_CLEARING_MODE,ID_DEFAULT_FEE_CLEARING_MODE,BOL_EXTERNAL_CLEARING_CONTROL,DAT_CREATION,ID_CUSTOMER_CREATION) values (83,'mBanking Billier Account',null,8,'Y','Y',null,'none',null,0,null,null,'N',#CURRENT_TIMESTAMP#,0);

-- Mbanking Pi types

INSERT INTO MOB_PI_TYPES (ID_PI_TYPE,STR_PI_TYPE,ID_PI_CLASS,BOL_CREDIT_ALLOWED,BOL_DEBIT_ALLOWED,ID_SETTLEMENT_MODE,ID_BOOKING_MODE,BOL_EXTERNAL_CLEARING_CONTROL,DAT_CREATION,ID_CUSTOMER_CREATION) VALUES (100,'External Account',4,'Y','Y','none',0,'N',#CURRENT_TIMESTAMP#,0);
INSERT INTO MOB_PI_TYPES (ID_PI_TYPE,STR_PI_TYPE,ID_PI_CLASS,BOL_CREDIT_ALLOWED,BOL_DEBIT_ALLOWED,ID_SETTLEMENT_MODE,ID_BOOKING_MODE,BOL_EXTERNAL_CLEARING_CONTROL,DAT_CREATION,ID_CUSTOMER_CREATION) VALUES (101,'Current Account',4,'Y','Y','none',0,'N',#CURRENT_TIMESTAMP#,0);
INSERT INTO MOB_PI_TYPES (ID_PI_TYPE,STR_PI_TYPE,ID_PI_CLASS,BOL_CREDIT_ALLOWED,BOL_DEBIT_ALLOWED,ID_SETTLEMENT_MODE,ID_BOOKING_MODE,BOL_EXTERNAL_CLEARING_CONTROL,DAT_CREATION,ID_CUSTOMER_CREATION) VALUES (102,'Savings Account',4,'Y','Y','none',0,'N',#CURRENT_TIMESTAMP#,0);
INSERT INTO MOB_PI_TYPES (ID_PI_TYPE,STR_PI_TYPE,ID_PI_CLASS,BOL_CREDIT_ALLOWED,BOL_DEBIT_ALLOWED,ID_SETTLEMENT_MODE,ID_BOOKING_MODE,BOL_EXTERNAL_CLEARING_CONTROL,DAT_CREATION,ID_CUSTOMER_CREATION) VALUES (103,'Fixed Deposit Account',4,'Y','Y','none',0,'N',#CURRENT_TIMESTAMP#,0);
INSERT INTO MOB_PI_TYPES (ID_PI_TYPE,STR_PI_TYPE,ID_PI_CLASS,BOL_CREDIT_ALLOWED,BOL_DEBIT_ALLOWED,ID_SETTLEMENT_MODE,ID_BOOKING_MODE,BOL_EXTERNAL_CLEARING_CONTROL,DAT_CREATION,ID_CUSTOMER_CREATION) VALUES (104,'Loan Account',4,'Y','Y','none',0,'N',#CURRENT_TIMESTAMP#,0);
INSERT INTO MOB_PI_TYPES (ID_PI_TYPE,STR_PI_TYPE,ID_PI_CLASS,BOL_CREDIT_ALLOWED,BOL_DEBIT_ALLOWED,ID_SETTLEMENT_MODE,ID_BOOKING_MODE,BOL_EXTERNAL_CLEARING_CONTROL,DAT_CREATION,ID_CUSTOMER_CREATION) VALUES (105,'Investment Account',4,'Y','Y','none',0,'N',#CURRENT_TIMESTAMP#,0);
INSERT INTO MOB_PI_TYPES (ID_PI_TYPE,STR_PI_TYPE,ID_PI_CLASS,BOL_CREDIT_ALLOWED,BOL_DEBIT_ALLOWED,ID_SETTLEMENT_MODE,ID_BOOKING_MODE,BOL_EXTERNAL_CLEARING_CONTROL,DAT_CREATION,ID_CUSTOMER_CREATION) VALUES (106,'Unit Trust',4,'Y','Y','none',0,'N',#CURRENT_TIMESTAMP#,0);
INSERT INTO MOB_PI_TYPES (ID_PI_TYPE,STR_PI_TYPE,ID_PI_CLASS,BOL_CREDIT_ALLOWED,BOL_DEBIT_ALLOWED,ID_SETTLEMENT_MODE,ID_BOOKING_MODE,BOL_EXTERNAL_CLEARING_CONTROL,DAT_CREATION,ID_CUSTOMER_CREATION) VALUES (107,'Negotialble Order of Withdrawal Account',4,'Y','Y','none',0,'N',#CURRENT_TIMESTAMP#,0);
INSERT INTO MOB_PI_TYPES (ID_PI_TYPE,STR_PI_TYPE,ID_PI_CLASS,BOL_CREDIT_ALLOWED,BOL_DEBIT_ALLOWED,ID_SETTLEMENT_MODE,ID_BOOKING_MODE,BOL_EXTERNAL_CLEARING_CONTROL,DAT_CREATION,ID_CUSTOMER_CREATION) VALUES (108,'Numbered Bank Account',4,'Y','Y','none',0,'N',#CURRENT_TIMESTAMP#,0);
INSERT INTO MOB_PI_TYPES (ID_PI_TYPE,STR_PI_TYPE,ID_PI_CLASS,BOL_CREDIT_ALLOWED,BOL_DEBIT_ALLOWED,ID_SETTLEMENT_MODE,ID_BOOKING_MODE,BOL_EXTERNAL_CLEARING_CONTROL,DAT_CREATION,ID_CUSTOMER_CREATION) VALUES (109,'Joint Bank Account',4,'Y','Y','none',0,'N',#CURRENT_TIMESTAMP#,0);
INSERT INTO MOB_PI_TYPES (ID_PI_TYPE,STR_PI_TYPE,ID_PI_CLASS,BOL_CREDIT_ALLOWED,BOL_DEBIT_ALLOWED,ID_SETTLEMENT_MODE,ID_BOOKING_MODE,BOL_EXTERNAL_CLEARING_CONTROL,DAT_CREATION,ID_CUSTOMER_CREATION) VALUES (110,'Money Market Account',4,'Y','Y','none',0,'N',#CURRENT_TIMESTAMP#,0);
INSERT INTO MOB_PI_TYPES (ID_PI_TYPE,STR_PI_TYPE,ID_PI_CLASS,BOL_CREDIT_ALLOWED,BOL_DEBIT_ALLOWED,ID_SETTLEMENT_MODE,ID_BOOKING_MODE,BOL_EXTERNAL_CLEARING_CONTROL,DAT_CREATION,ID_CUSTOMER_CREATION) VALUES (111,'Individual Savings Account',4,'Y','Y','none',0,'N',#CURRENT_TIMESTAMP#,0);
INSERT INTO MOB_PI_TYPES (ID_PI_TYPE,STR_PI_TYPE,ID_PI_CLASS,BOL_CREDIT_ALLOWED,BOL_DEBIT_ALLOWED,ID_SETTLEMENT_MODE,ID_BOOKING_MODE,BOL_EXTERNAL_CLEARING_CONTROL,DAT_CREATION,ID_CUSTOMER_CREATION) VALUES (112,'Insurance Account',4,'Y','Y','none',0,'N',#CURRENT_TIMESTAMP#,0);


INSERT INTO MOB_CARD_TYPES (ID_CARD_TYPE,STR_CARD_TYPE,ID_PI_TYPE,DAT_CREATION,ID_CUSTOMER_CREATION) VALUES (3,'Debit Card',20,#CURRENT_TIMESTAMP#,0);
INSERT INTO MOB_CARD_TYPES (ID_CARD_TYPE,STR_CARD_TYPE,ID_PI_TYPE,DAT_CREATION,ID_CUSTOMER_CREATION) VALUES (4,'Diners Club',20,#CURRENT_TIMESTAMP#,0);
INSERT INTO MOB_CARD_TYPES (ID_CARD_TYPE,STR_CARD_TYPE,ID_PI_TYPE,DAT_CREATION,ID_CUSTOMER_CREATION) VALUES (5,'American Express',20,#CURRENT_TIMESTAMP#,0);

-- default bank properties
INSERT INTO MBA_BANK_PROPERTIES (ID_BANK_PROPERTIES,ID_ORGUNIT,STR_BANK_URL,STR_SUPPORT_PHONE,STR_USERNAME,STR_PASSWORD,INT_PROTOCOL_VERSION,INT_RETRY_DELAY,INT_RETRIES,STR_REG_BATCHFILE_LOCATION,STR_DUPLICATE_REG_TIMEOUT,INT_BANK_HANDLER_TYPE,DAT_CREATION,ID_CUSTOMER_CREATION) values (1,'0000','http://localhost:8080/mobiliser/dummyopenbank','999-999-9999',null,null,0,2,2,null,null,1,#CURRENT_TIMESTAMP#,0);

INSERT INTO MBA_BANKS (ID_BANK,STR_DESCRIPTION,ID_ORGUNIT,BOL_IS_IBFT,DAT_CREATION,ID_CUSTOMER_CREATION) VALUES ('0000','Testinst','0000','Y',#CURRENT_TIMESTAMP#,0);

INSERT INTO MBA_SERVICE_PKG_CHANNELS (ID_SERVICE_CODE,ID_SERVICE_CHANNEL,DAT_CREATION,ID_CUSTOMER_CREATION) VALUES ('333','MAPP',#CURRENT_TIMESTAMP#,0);

INSERT INTO MBA_TC_SETTINGS (ID_OPT_IN_SETTING,STR_COMPANY_NAME,STR_URL,ID_COMPANY_TYPE,ID_STATUS,BOL_IS_RESET_NOTIFY,BOL_IS_DISABLE_NOTIFY,BOL_IS_TOKEN_REQUIRED,INT_DISABLE_DEVICE_ALERTS_DAYS,DAT_RESET_DATE,DAT_CREATION,ID_CUSTOMER_CREATION) VALUES ('0000','CMP','http://www.sybase.com/mobileservices/financial-services/mbanking',0,0,'N','N','N',5,#CURRENT_DATE#,#CURRENT_TIMESTAMP#,0);


-- customers
Insert into MOB_CUSTOMERS (ID_CUSTOMER,ID_ORGUNIT,ID_BLACKLISTREASON,ID_PARENT,BOL_IS_ACTIVE,BOL_IS_TEST,STR_DISPLAY_NAME,ID_LANGUAGE,ID_COUNTRY,STR_SECURITY_QUESTION,STR_SECURITY_ANSWER,ID_TIME_ZONE,DAT_DATE_OF_BIRTH,ID_RISK_CATEGORY,ID_CUSTOMER_TYPE,ID_CANCELLATION_REASON,STR_REFERRAL_CODE,STR_TXN_TEXT,PRC_FEE_VAT,ID_FEE_SET,ID_LIMIT_SET,ID_NOTIFICATION_MODE,DAT_CREATION,ID_CUSTOMER_CREATION) values (107,'0000',0,null,'Y','N','mBanking Manager','en',null,null,null,null,null,null,0,0,null,null,null,null,null,0,#CURRENT_TIMESTAMP#,0);
Insert into MOB_CUSTOMERS (ID_CUSTOMER,ID_ORGUNIT,ID_BLACKLISTREASON,ID_PARENT,BOL_IS_ACTIVE,BOL_IS_TEST,STR_DISPLAY_NAME,ID_LANGUAGE,ID_COUNTRY,STR_SECURITY_QUESTION,STR_SECURITY_ANSWER,ID_TIME_ZONE,DAT_DATE_OF_BIRTH,ID_RISK_CATEGORY,ID_CUSTOMER_TYPE,ID_CANCELLATION_REASON,STR_REFERRAL_CODE,STR_TXN_TEXT,PRC_FEE_VAT,ID_FEE_SET,ID_LIMIT_SET,ID_NOTIFICATION_MODE,DAT_CREATION,ID_CUSTOMER_CREATION) values (20001,'0000',0,null,'Y','N','Bank User 1','en',null,null,null,null,null,null,2,0,null,null,null,null,null,0,#CURRENT_TIMESTAMP#,0);
Insert into MOB_CUSTOMERS (ID_CUSTOMER,ID_ORGUNIT,ID_BLACKLISTREASON,ID_PARENT,BOL_IS_ACTIVE,BOL_IS_TEST,STR_DISPLAY_NAME,ID_LANGUAGE,ID_COUNTRY,STR_SECURITY_QUESTION,STR_SECURITY_ANSWER,ID_TIME_ZONE,DAT_DATE_OF_BIRTH,ID_RISK_CATEGORY,ID_CUSTOMER_TYPE,ID_CANCELLATION_REASON,STR_REFERRAL_CODE,STR_TXN_TEXT,PRC_FEE_VAT,ID_FEE_SET,ID_LIMIT_SET,ID_NOTIFICATION_MODE,DAT_CREATION,ID_CUSTOMER_CREATION) values (20002,'0000',0,null,'Y','N','Bank User 2','en',null,null,null,null,null,null,2,0,null,null,null,null,null,0,#CURRENT_TIMESTAMP#,0);
Insert into MOB_CUSTOMERS (ID_CUSTOMER,ID_ORGUNIT,ID_BLACKLISTREASON,ID_PARENT,BOL_IS_ACTIVE,BOL_IS_TEST,STR_DISPLAY_NAME,ID_LANGUAGE,ID_COUNTRY,STR_SECURITY_QUESTION,STR_SECURITY_ANSWER,ID_TIME_ZONE,DAT_DATE_OF_BIRTH,ID_RISK_CATEGORY,ID_CUSTOMER_TYPE,ID_CANCELLATION_REASON,STR_REFERRAL_CODE,STR_TXN_TEXT,PRC_FEE_VAT,ID_FEE_SET,ID_LIMIT_SET,ID_NOTIFICATION_MODE,DAT_CREATION,ID_CUSTOMER_CREATION) values (20003,'0000',0,null,'Y','N','Bank User 3','en',null,null,null,null,null,null,2,0,null,null,null,null,null,0,#CURRENT_TIMESTAMP#,0);
Insert into MOB_CUSTOMERS (ID_CUSTOMER,ID_ORGUNIT,ID_BLACKLISTREASON,ID_PARENT,BOL_IS_ACTIVE,BOL_IS_TEST,STR_DISPLAY_NAME,ID_LANGUAGE,ID_COUNTRY,STR_SECURITY_QUESTION,STR_SECURITY_ANSWER,ID_TIME_ZONE,DAT_DATE_OF_BIRTH,ID_RISK_CATEGORY,ID_CUSTOMER_TYPE,ID_CANCELLATION_REASON,STR_REFERRAL_CODE,STR_TXN_TEXT,PRC_FEE_VAT,ID_FEE_SET,ID_LIMIT_SET,ID_NOTIFICATION_MODE,DAT_CREATION,ID_CUSTOMER_CREATION) values (20004,'0000',0,null,'Y','N','Bank User 4','en',null,null,null,null,null,null,2,0,null,null,null,null,null,0,#CURRENT_TIMESTAMP#,0);
Insert into MOB_CUSTOMERS (ID_CUSTOMER,ID_ORGUNIT,ID_BLACKLISTREASON,ID_PARENT,BOL_IS_ACTIVE,BOL_IS_TEST,STR_DISPLAY_NAME,ID_LANGUAGE,ID_COUNTRY,STR_SECURITY_QUESTION,STR_SECURITY_ANSWER,ID_TIME_ZONE,DAT_DATE_OF_BIRTH,ID_RISK_CATEGORY,ID_CUSTOMER_TYPE,ID_CANCELLATION_REASON,STR_REFERRAL_CODE,STR_TXN_TEXT,PRC_FEE_VAT,ID_FEE_SET,ID_LIMIT_SET,ID_NOTIFICATION_MODE,DAT_CREATION,ID_CUSTOMER_CREATION) values (20005,'0000',0,null,'Y','N','Bank User 5','en',null,null,null,null,null,null,2,0,null,null,null,null,null,0,#CURRENT_TIMESTAMP#,0);

Insert into MOB_CUSTOMERS_CREDENTIALS (ID_CUSTOMER_CREDENTIAL,ID_CUSTOMER,ID_CREDENTIAL_TYPE,STR_CREDENTIAL,BOL_IS_ACTIVE,ID_CREDENTIAL_STATUS,INT_WRONG_CREDENTIALS,DAT_BLOCKED_UNTIL,DAT_CREATION,ID_CUSTOMER_CREATION) values (#SEQ_VAL# * 50,107,1,'{SHA}7Tis/8iP+X7S9bP8SbQek1UKNLA=','Y',0,0,null,#CURRENT_TIMESTAMP_CREDENTIAL#,0);

Insert into MOB_CUSTOMERS_IDENTIFICATIONS (ID_CUSTOMER_IDENTIFICATION,ID_CUSTOMER,ID_IDENTIFICATION_TYPE,STR_IDENTIFICATION,ID_ORGUNIT,BOL_IS_ACTIVE,ID_IDENTIFICATION_STATUS,DAT_CREATION,ID_CUSTOMER_CREATION) values (#SEQ_VAL# * 50,20001,0,'+18005550001','0000','Y',0,#CURRENT_TIMESTAMP#,0);
Insert into MOB_CUSTOMERS_IDENTIFICATIONS (ID_CUSTOMER_IDENTIFICATION,ID_CUSTOMER,ID_IDENTIFICATION_TYPE,STR_IDENTIFICATION,ID_ORGUNIT,BOL_IS_ACTIVE,ID_IDENTIFICATION_STATUS,DAT_CREATION,ID_CUSTOMER_CREATION) values (#SEQ_VAL# * 50,20001,4,'user01','0000','Y',0,#CURRENT_TIMESTAMP#,0);
Insert into MOB_CUSTOMERS_IDENTIFICATIONS (ID_CUSTOMER_IDENTIFICATION,ID_CUSTOMER,ID_IDENTIFICATION_TYPE,STR_IDENTIFICATION,ID_ORGUNIT,BOL_IS_ACTIVE,ID_IDENTIFICATION_STATUS,DAT_CREATION,ID_CUSTOMER_CREATION) values (#SEQ_VAL# * 50,20001,1,'20001',null,'Y',0,#CURRENT_TIMESTAMP#,0);
Insert into MOB_CUSTOMERS_IDENTIFICATIONS (ID_CUSTOMER_IDENTIFICATION,ID_CUSTOMER,ID_IDENTIFICATION_TYPE,STR_IDENTIFICATION,ID_ORGUNIT,BOL_IS_ACTIVE,ID_IDENTIFICATION_STATUS,DAT_CREATION,ID_CUSTOMER_CREATION) values (#SEQ_VAL# * 50,20002,0,'+18005550002','0000','Y',0,#CURRENT_TIMESTAMP#,0);
Insert into MOB_CUSTOMERS_IDENTIFICATIONS (ID_CUSTOMER_IDENTIFICATION,ID_CUSTOMER,ID_IDENTIFICATION_TYPE,STR_IDENTIFICATION,ID_ORGUNIT,BOL_IS_ACTIVE,ID_IDENTIFICATION_STATUS,DAT_CREATION,ID_CUSTOMER_CREATION) values (#SEQ_VAL# * 50,20002,4,'user02','0000','Y',0,#CURRENT_TIMESTAMP#,0);
Insert into MOB_CUSTOMERS_IDENTIFICATIONS (ID_CUSTOMER_IDENTIFICATION,ID_CUSTOMER,ID_IDENTIFICATION_TYPE,STR_IDENTIFICATION,ID_ORGUNIT,BOL_IS_ACTIVE,ID_IDENTIFICATION_STATUS,DAT_CREATION,ID_CUSTOMER_CREATION) values (#SEQ_VAL# * 50,20002,1,'20002',null,'Y',0,#CURRENT_TIMESTAMP#,0);
Insert into MOB_CUSTOMERS_IDENTIFICATIONS (ID_CUSTOMER_IDENTIFICATION,ID_CUSTOMER,ID_IDENTIFICATION_TYPE,STR_IDENTIFICATION,ID_ORGUNIT,BOL_IS_ACTIVE,ID_IDENTIFICATION_STATUS,DAT_CREATION,ID_CUSTOMER_CREATION) values (#SEQ_VAL# * 50,20003,0,'+18005550003','0000','Y',0,#CURRENT_TIMESTAMP#,0);
Insert into MOB_CUSTOMERS_IDENTIFICATIONS (ID_CUSTOMER_IDENTIFICATION,ID_CUSTOMER,ID_IDENTIFICATION_TYPE,STR_IDENTIFICATION,ID_ORGUNIT,BOL_IS_ACTIVE,ID_IDENTIFICATION_STATUS,DAT_CREATION,ID_CUSTOMER_CREATION) values (#SEQ_VAL# * 50,20003,4,'user03','0000','Y',0,#CURRENT_TIMESTAMP#,0);
Insert into MOB_CUSTOMERS_IDENTIFICATIONS (ID_CUSTOMER_IDENTIFICATION,ID_CUSTOMER,ID_IDENTIFICATION_TYPE,STR_IDENTIFICATION,ID_ORGUNIT,BOL_IS_ACTIVE,ID_IDENTIFICATION_STATUS,DAT_CREATION,ID_CUSTOMER_CREATION) values (#SEQ_VAL# * 50,20003,1,'20003',null,'Y',0,#CURRENT_TIMESTAMP#,0);
Insert into MOB_CUSTOMERS_IDENTIFICATIONS (ID_CUSTOMER_IDENTIFICATION,ID_CUSTOMER,ID_IDENTIFICATION_TYPE,STR_IDENTIFICATION,ID_ORGUNIT,BOL_IS_ACTIVE,ID_IDENTIFICATION_STATUS,DAT_CREATION,ID_CUSTOMER_CREATION) values (#SEQ_VAL# * 50,20004,0,'+18005550004','0000','Y',0,#CURRENT_TIMESTAMP#,0);
Insert into MOB_CUSTOMERS_IDENTIFICATIONS (ID_CUSTOMER_IDENTIFICATION,ID_CUSTOMER,ID_IDENTIFICATION_TYPE,STR_IDENTIFICATION,ID_ORGUNIT,BOL_IS_ACTIVE,ID_IDENTIFICATION_STATUS,DAT_CREATION,ID_CUSTOMER_CREATION) values (#SEQ_VAL# * 50,20004,4,'user04','0000','Y',0,#CURRENT_TIMESTAMP#,0);
Insert into MOB_CUSTOMERS_IDENTIFICATIONS (ID_CUSTOMER_IDENTIFICATION,ID_CUSTOMER,ID_IDENTIFICATION_TYPE,STR_IDENTIFICATION,ID_ORGUNIT,BOL_IS_ACTIVE,ID_IDENTIFICATION_STATUS,DAT_CREATION,ID_CUSTOMER_CREATION) values (#SEQ_VAL# * 50,20004,1,'20004',null,'Y',0,#CURRENT_TIMESTAMP#,0);
Insert into MOB_CUSTOMERS_IDENTIFICATIONS (ID_CUSTOMER_IDENTIFICATION,ID_CUSTOMER,ID_IDENTIFICATION_TYPE,STR_IDENTIFICATION,ID_ORGUNIT,BOL_IS_ACTIVE,ID_IDENTIFICATION_STATUS,DAT_CREATION,ID_CUSTOMER_CREATION) values (#SEQ_VAL# * 50,20005,0,'+18005550005','0000','Y',0,#CURRENT_TIMESTAMP#,0);
Insert into MOB_CUSTOMERS_IDENTIFICATIONS (ID_CUSTOMER_IDENTIFICATION,ID_CUSTOMER,ID_IDENTIFICATION_TYPE,STR_IDENTIFICATION,ID_ORGUNIT,BOL_IS_ACTIVE,ID_IDENTIFICATION_STATUS,DAT_CREATION,ID_CUSTOMER_CREATION) values (#SEQ_VAL# * 50,20005,4,'user05','0000','Y',0,#CURRENT_TIMESTAMP#,0);
Insert into MOB_CUSTOMERS_IDENTIFICATIONS (ID_CUSTOMER_IDENTIFICATION,ID_CUSTOMER,ID_IDENTIFICATION_TYPE,STR_IDENTIFICATION,ID_ORGUNIT,BOL_IS_ACTIVE,ID_IDENTIFICATION_STATUS,DAT_CREATION,ID_CUSTOMER_CREATION) values (#SEQ_VAL# * 50,20005,1,'20005',null,'Y',0,#CURRENT_TIMESTAMP#,0);
Insert into MOB_CUSTOMERS_IDENTIFICATIONS (ID_CUSTOMER_IDENTIFICATION,ID_CUSTOMER,ID_IDENTIFICATION_TYPE,STR_IDENTIFICATION,ID_ORGUNIT,BOL_IS_ACTIVE,ID_IDENTIFICATION_STATUS,DAT_CREATION,ID_CUSTOMER_CREATION) values (#SEQ_VAL# * 50,107,5,'mbamgr',null,'Y',0,#CURRENT_TIMESTAMP#,0);
Insert into MOB_CUSTOMERS_IDENTIFICATIONS (ID_CUSTOMER_IDENTIFICATION,ID_CUSTOMER,ID_IDENTIFICATION_TYPE,STR_IDENTIFICATION,ID_ORGUNIT,BOL_IS_ACTIVE,ID_IDENTIFICATION_STATUS,DAT_CREATION,ID_CUSTOMER_CREATION) values (#SEQ_VAL# * 50,107,1,'107',null,'Y',0,#CURRENT_TIMESTAMP#,0);


Insert into MOB_CUSTOMERS_IDENTITIES (ID_IDENTITY,ID_CUSTOMER,ID_IDENTITY_TYPE,STR_IDENTITY,BOL_IS_ACTIVE,ID_ENTITY_STATUS,DAT_CREATION,ID_CUSTOMER_CREATION) values (#SEQ_VAL# * 50,20002,1,'20002','Y',0,#CURRENT_TIMESTAMP#,0);
Insert into MOB_CUSTOMERS_IDENTITIES (ID_IDENTITY,ID_CUSTOMER,ID_IDENTITY_TYPE,STR_IDENTITY,BOL_IS_ACTIVE,ID_ENTITY_STATUS,DAT_CREATION,ID_CUSTOMER_CREATION) values (#SEQ_VAL# * 50,20001,1,'20001','Y',0,#CURRENT_TIMESTAMP#,0);
Insert into MOB_CUSTOMERS_IDENTITIES (ID_IDENTITY,ID_CUSTOMER,ID_IDENTITY_TYPE,STR_IDENTITY,BOL_IS_ACTIVE,ID_ENTITY_STATUS,DAT_CREATION,ID_CUSTOMER_CREATION) values (#SEQ_VAL# * 50,20003,1,'20003','Y',0,#CURRENT_TIMESTAMP#,0);
Insert into MOB_CUSTOMERS_IDENTITIES (ID_IDENTITY,ID_CUSTOMER,ID_IDENTITY_TYPE,STR_IDENTITY,BOL_IS_ACTIVE,ID_ENTITY_STATUS,DAT_CREATION,ID_CUSTOMER_CREATION) values (#SEQ_VAL# * 50,20004,1,'20004','Y',0,#CURRENT_TIMESTAMP#,0);
Insert into MOB_CUSTOMERS_IDENTITIES (ID_IDENTITY,ID_CUSTOMER,ID_IDENTITY_TYPE,STR_IDENTITY,BOL_IS_ACTIVE,ID_ENTITY_STATUS,DAT_CREATION,ID_CUSTOMER_CREATION) values (#SEQ_VAL# * 50,20005,1,'20005','Y',0,#CURRENT_TIMESTAMP#,0);

Insert into MBA_CUSTOMER_LAST_ACTIVITIES (ID_CUSTOMER,DAT_LAST_ACCESSED,BOL_IS_ACTIVE,ID_BANK,DAT_CREATION,ID_CUSTOMER_CREATION) values(20001,#CURRENT_DATE#,'Y','0000',#CURRENT_TIMESTAMP#,0);
Insert into MBA_CUSTOMER_LAST_ACTIVITIES (ID_CUSTOMER,DAT_LAST_ACCESSED,BOL_IS_ACTIVE,ID_BANK,DAT_CREATION,ID_CUSTOMER_CREATION) values(20002,#CURRENT_DATE#,'Y','0000',#CURRENT_TIMESTAMP#,0);
Insert into MBA_CUSTOMER_LAST_ACTIVITIES (ID_CUSTOMER,DAT_LAST_ACCESSED,BOL_IS_ACTIVE,ID_BANK,DAT_CREATION,ID_CUSTOMER_CREATION) values(20003,#CURRENT_DATE#,'Y','0000',#CURRENT_TIMESTAMP#,0);
Insert into MBA_CUSTOMER_LAST_ACTIVITIES (ID_CUSTOMER,DAT_LAST_ACCESSED,BOL_IS_ACTIVE,ID_BANK,DAT_CREATION,ID_CUSTOMER_CREATION) values(20004,#CURRENT_DATE#,'Y','0000',#CURRENT_TIMESTAMP#,0);
Insert into MBA_CUSTOMER_LAST_ACTIVITIES (ID_CUSTOMER,DAT_LAST_ACCESSED,BOL_IS_ACTIVE,ID_BANK,DAT_CREATION,ID_CUSTOMER_CREATION) values(20005,#CURRENT_DATE#,'Y','0000',#CURRENT_TIMESTAMP#,0);

Insert into MBA_CUSTOMER_PROFILES (ID_ENTITY,ID_SERVICE_CODE,ID_CUSTOMER,ID_BANK,DAT_CREATION,ID_CUSTOMER_CREATION) values(#SEQ_VAL# * 50,'333',20001,'0000',#CURRENT_TIMESTAMP#,0);
Insert into MBA_CUSTOMER_PROFILES (ID_ENTITY,ID_SERVICE_CODE,ID_CUSTOMER,ID_BANK,DAT_CREATION,ID_CUSTOMER_CREATION) values(#SEQ_VAL# * 50,'333',20002,'0000',#CURRENT_TIMESTAMP#,0);
Insert into MBA_CUSTOMER_PROFILES (ID_ENTITY,ID_SERVICE_CODE,ID_CUSTOMER,ID_BANK,DAT_CREATION,ID_CUSTOMER_CREATION) values(#SEQ_VAL# * 50,'333',20003,'0000',#CURRENT_TIMESTAMP#,0);
Insert into MBA_CUSTOMER_PROFILES (ID_ENTITY,ID_SERVICE_CODE,ID_CUSTOMER,ID_BANK,DAT_CREATION,ID_CUSTOMER_CREATION) values(#SEQ_VAL# * 50,'333',20004,'0000',#CURRENT_TIMESTAMP#,0);
Insert into MBA_CUSTOMER_PROFILES (ID_ENTITY,ID_SERVICE_CODE,ID_CUSTOMER,ID_BANK,DAT_CREATION,ID_CUSTOMER_CREATION) values(#SEQ_VAL# * 50,'333',20005,'0000',#CURRENT_TIMESTAMP#,0);

Insert into MOB_UMGR_USER_ROLES (ID_ENTITY,ID_CUSTOMER,BOL_GRANT_OPTION,ID_ROLE,DAT_CREATION,ID_CUSTOMER_CREATION) values (#SEQ_VAL# * 50,107,'N','CST_MBANKING',#CURRENT_TIMESTAMP#,0);


INSERT INTO MSG_TEMPLATES(ID_TEMPLATE,STR_NAME,STR_SUBJECT,STR_SENDER,STR_TEMPLATE_TYPE,STR_CONTENT,STR_CONTENT_TYPE,STR_CHARSET,STR_ALT_CONTENT_TYPE,STR_ALT_CHARSET,BOL_IS_CONFIDENTIAL,DAT_CREATION,ID_CUSTOMER_CREATION) values (#SEQ_VAL# * 50,'alert.insufficient.funds.text',null,'625477','sms','You have insufficient funds in account ${get.accountPiAlias}.','text/plain','us-ascii',null,null,'N',#CURRENT_TIMESTAMP#,0);
INSERT INTO MSG_TEMPLATES(ID_TEMPLATE,STR_NAME,STR_SUBJECT,STR_SENDER,STR_TEMPLATE_TYPE,STR_CONTENT,STR_CONTENT_TYPE,STR_CHARSET,STR_ALT_CONTENT_TYPE,STR_ALT_CHARSET,BOL_IS_CONFIDENTIAL,DAT_CREATION,ID_CUSTOMER_CREATION) values (#SEQ_VAL# * 50,'alert.insufficient.funds.conv',null,'625477','sms','You have insufficient funds in account ${get.accountPiAlias}. Do you want to add funds to your account?','text/plain','us-ascii',null,null,'N',#CURRENT_TIMESTAMP#,0);
INSERT INTO MSG_TEMPLATES(ID_TEMPLATE,STR_NAME,STR_SUBJECT,STR_SENDER,STR_TEMPLATE_TYPE,STR_CONTENT,STR_CONTENT_TYPE,STR_CHARSET,STR_ALT_CONTENT_TYPE,STR_ALT_CHARSET,BOL_IS_CONFIDENTIAL,DAT_CREATION,ID_CUSTOMER_CREATION) values (#SEQ_VAL# * 50,'alert.insufficient.funds.text','Insufficient Account Funds','mobiliser@sybase.com','email','You have insufficient funds in account ${get.accountPiAlias}.','text/plain','us-ascii',null,null,'N',#CURRENT_TIMESTAMP#,0);
INSERT INTO MSG_TEMPLATES(ID_TEMPLATE,STR_NAME,STR_SUBJECT,STR_SENDER,STR_TEMPLATE_TYPE,STR_CONTENT,STR_CONTENT_TYPE,STR_CHARSET,STR_ALT_CONTENT_TYPE,STR_ALT_CHARSET,BOL_IS_CONFIDENTIAL,DAT_CREATION,ID_CUSTOMER_CREATION) values (#SEQ_VAL# * 50,'alert.insufficient.funds.conv','Insufficient Account Funds','mobiliser@sybase.com','email','You have insufficient funds in account ${get.accountPiAlias}. Do you want to add funds to your account?','text/plain','us-ascii',null,null,'N',#CURRENT_TIMESTAMP#,0);
INSERT INTO MSG_TEMPLATES(ID_TEMPLATE,STR_NAME,STR_SUBJECT,STR_SENDER,STR_TEMPLATE_TYPE,STR_CONTENT,STR_CONTENT_TYPE,STR_CHARSET,STR_ALT_CONTENT_TYPE,STR_ALT_CHARSET,BOL_IS_CONFIDENTIAL,DAT_CREATION,ID_CUSTOMER_CREATION) values (#SEQ_VAL# * 50,'alert.panic.pay.text',null,'625477','sms','Your bill ${get.invoiceReference} (${get.invoiceAmount} ${get.invoiceCurrency}) is due on ${get.invoiceDueDate}.','text/plain','us-ascii',null,null,'N',#CURRENT_TIMESTAMP#,0);
INSERT INTO MSG_TEMPLATES(ID_TEMPLATE,STR_NAME,STR_SUBJECT,STR_SENDER,STR_TEMPLATE_TYPE,STR_CONTENT,STR_CONTENT_TYPE,STR_CHARSET,STR_ALT_CONTENT_TYPE,STR_ALT_CHARSET,BOL_IS_CONFIDENTIAL,DAT_CREATION,ID_CUSTOMER_CREATION) values (#SEQ_VAL# * 50,'alert.panic.pay.conv',null,'625477','sms','Your bill ${get.invoiceReference} (${get.invoiceAmount} ${get.invoiceCurrency}) is due on ${get.invoiceDueDate}. Do you want to pay the bill now?','text/plain','us-ascii',null,null,'N',#CURRENT_TIMESTAMP#,0);
INSERT INTO MSG_TEMPLATES(ID_TEMPLATE,STR_NAME,STR_SUBJECT,STR_SENDER,STR_TEMPLATE_TYPE,STR_CONTENT,STR_CONTENT_TYPE,STR_CHARSET,STR_ALT_CONTENT_TYPE,STR_ALT_CHARSET,BOL_IS_CONFIDENTIAL,DAT_CREATION,ID_CUSTOMER_CREATION) values (#SEQ_VAL# * 50,'alert.panic.pay.text','Bill Payment Due','mobiliser@sybase.com','email','Your bill ${get.invoiceReference} (${get.invoiceAmount} ${get.invoiceCurrency}) is due on ${get.invoiceDueDate}.','text/plain','us-ascii',null,null,'N',#CURRENT_TIMESTAMP#,0);
INSERT INTO MSG_TEMPLATES(ID_TEMPLATE,STR_NAME,STR_SUBJECT,STR_SENDER,STR_TEMPLATE_TYPE,STR_CONTENT,STR_CONTENT_TYPE,STR_CHARSET,STR_ALT_CONTENT_TYPE,STR_ALT_CHARSET,BOL_IS_CONFIDENTIAL,DAT_CREATION,ID_CUSTOMER_CREATION) values (#SEQ_VAL# * 50,'alert.panic.pay.conv','Bill Payment Due','mobiliser@sybase.com','email','Your bill ${get.invoiceReference} (${get.invoiceAmount} ${get.invoiceCurrency}) is due on ${get.invoiceDueDate}. Do you want to pay the bill now?','text/plain','us-ascii',null,null,'N',#CURRENT_TIMESTAMP#,0);
INSERT INTO MSG_TEMPLATES(ID_TEMPLATE,STR_NAME,STR_SUBJECT,STR_SENDER,STR_TEMPLATE_TYPE,STR_CONTENT,STR_CONTENT_TYPE,STR_CHARSET,STR_ALT_CONTENT_TYPE,STR_ALT_CHARSET,BOL_IS_CONFIDENTIAL,DAT_CREATION,ID_CUSTOMER_CREATION) values (#SEQ_VAL# * 50,'alert.unread.bank.message',null,'625477','sms','You have unread messages from bank ${get.bank}.','text/plain','us-ascii',null,null,'N',#CURRENT_TIMESTAMP#,0);
INSERT INTO MSG_TEMPLATES(ID_TEMPLATE,STR_NAME,STR_SUBJECT,STR_SENDER,STR_TEMPLATE_TYPE,STR_CONTENT,STR_CONTENT_TYPE,STR_CHARSET,STR_ALT_CONTENT_TYPE,STR_ALT_CHARSET,BOL_IS_CONFIDENTIAL,DAT_CREATION,ID_CUSTOMER_CREATION) values (#SEQ_VAL# * 50,'alert.unread.bank.message','Unread Bank Message','mobiliser@sybase.com','email','You have unread messages from bank ${get.bank}.','text/plain','us-ascii',null,null,'N',#CURRENT_TIMESTAMP#,0);
INSERT INTO MSG_TEMPLATES(ID_TEMPLATE,STR_NAME,STR_SUBJECT,STR_SENDER,STR_TEMPLATE_TYPE,STR_CONTENT,STR_CONTENT_TYPE,STR_CHARSET,STR_ALT_CONTENT_TYPE,STR_ALT_CHARSET,BOL_IS_CONFIDENTIAL,DAT_CREATION,ID_CUSTOMER_CREATION) values (#SEQ_VAL# * 50,'alert.bank.inquiry.response',null,'625477','sms','You have a response from bank ${get.bank} to your inquiry ${get.inquiry}.','text/plain','us-ascii',null,null,'N',#CURRENT_TIMESTAMP#,0);
INSERT INTO MSG_TEMPLATES(ID_TEMPLATE,STR_NAME,STR_SUBJECT,STR_SENDER,STR_TEMPLATE_TYPE,STR_CONTENT,STR_CONTENT_TYPE,STR_CHARSET,STR_ALT_CONTENT_TYPE,STR_ALT_CHARSET,BOL_IS_CONFIDENTIAL,DAT_CREATION,ID_CUSTOMER_CREATION) values (#SEQ_VAL# * 50,'alert.bank.inquiry.response','Bank Inquiry Response','mobiliser@sybase.com','email','You have a response from bank ${get.bank} to your inquiry ${get.inquiry}.','text/plain','us-ascii',null,null,'N',#CURRENT_TIMESTAMP#,0);

-- SMS Templates for Bank Transaction Service -- Success,fails
INSERT INTO MSG_TEMPLATES(ID_TEMPLATE,STR_NAME,STR_SENDER,STR_TEMPLATE_TYPE,STR_CONTENT,STR_CONTENT_TYPE,STR_CHARSET,STR_ALT_CONTENT_TYPE,STR_ALT_CHARSET,BOL_IS_CONFIDENTIAL) values (#SEQ_VAL# * 50,'TEMPLATE_FOR_480_FAILS','625477','sms','Stop request for your Check#: ${get.chequeNo} for bankId: ${get.bankId} failed\. Please contact us ${get.supportNo}.','text/plain','us-ascii',null,null,'N');
INSERT INTO MSG_TEMPLATES(ID_TEMPLATE,STR_NAME,STR_SENDER,STR_TEMPLATE_TYPE,STR_CONTENT,STR_CONTENT_TYPE,STR_CHARSET,STR_ALT_CONTENT_TYPE,STR_ALT_CHARSET,BOL_IS_CONFIDENTIAL) values (#SEQ_VAL# * 50,'TEMPLATE_FOR_480_SUCCESS','625477','sms','Stop request for your Check#: ${get.chequeNo} for bankId: ${get.bankId} was successful. ','text/plain','us-ascii',null,null,'N');

INSERT INTO MSG_TEMPLATES(ID_TEMPLATE,STR_NAME,STR_SENDER,STR_TEMPLATE_TYPE,STR_CONTENT,STR_CONTENT_TYPE,STR_CHARSET,STR_ALT_CONTENT_TYPE,STR_ALT_CHARSET,BOL_IS_CONFIDENTIAL) values (#SEQ_VAL# * 50,'TEMPLATE_FOR_470_FAILS','625477','sms','${get.noOfChequeBook} Cheque Book request(s) for bankId: ${get.bankId} failed\. Please contact us ${get.supportNo}. ','text/plain','us-ascii',null,null,'N');
INSERT INTO MSG_TEMPLATES(ID_TEMPLATE,STR_NAME,STR_SENDER,STR_TEMPLATE_TYPE,STR_CONTENT,STR_CONTENT_TYPE,STR_CHARSET,STR_ALT_CONTENT_TYPE,STR_ALT_CHARSET,BOL_IS_CONFIDENTIAL) values (#SEQ_VAL# * 50,'TEMPLATE_FOR_470_SUCCESS','625477','sms','${get.noOfChequeBook} Cheque Book request(s) for bankId: ${get.bankId} was successful. Support#: ${get.supportNo}. ','text/plain','us-ascii',null,null,'N');

INSERT INTO MSG_TEMPLATES(ID_TEMPLATE,STR_NAME,STR_SENDER,STR_TEMPLATE_TYPE,STR_CONTENT,STR_CONTENT_TYPE,STR_CHARSET,STR_ALT_CONTENT_TYPE,STR_ALT_CHARSET,BOL_IS_CONFIDENTIAL) values (#SEQ_VAL# * 50,'TEMPLATE_FOR_380_FAILS','625477','sms','Fund Transfer - Amount: ${get.amount} for bankId: ${get.bankId} failed\. Please contact us ${get.supportNo}.','text/plain','us-ascii',null,null,'N');
INSERT INTO MSG_TEMPLATES(ID_TEMPLATE,STR_NAME,STR_SENDER,STR_TEMPLATE_TYPE,STR_CONTENT,STR_CONTENT_TYPE,STR_CHARSET,STR_ALT_CONTENT_TYPE,STR_ALT_CHARSET,BOL_IS_CONFIDENTIAL) values (#SEQ_VAL# * 50,'TEMPLATE_FOR_380_SUCCESS','625477','sms','Fund Transfer - Amount: ${get.amount} for bankId: ${get.bankId} was successful. ','text/plain','us-ascii',null,null,'N');

INSERT INTO MSG_TEMPLATES(ID_TEMPLATE,STR_NAME,STR_SENDER,STR_TEMPLATE_TYPE,STR_CONTENT,STR_CONTENT_TYPE,STR_CHARSET,STR_ALT_CONTENT_TYPE,STR_ALT_CHARSET,BOL_IS_CONFIDENTIAL) values (#SEQ_VAL# * 50,'TEMPLATE_FOR_390_FAILS','625477','sms','Fund Transfer - Registered Same bank - Amount: ${get.amount} for bankId: ${get.bankId} failed.  please contact us ${get.supportNo}. ','text/plain','us-ascii',null,null,'N');
INSERT INTO MSG_TEMPLATES(ID_TEMPLATE,STR_NAME,STR_SENDER,STR_TEMPLATE_TYPE,STR_CONTENT,STR_CONTENT_TYPE,STR_CHARSET,STR_ALT_CONTENT_TYPE,STR_ALT_CHARSET,BOL_IS_CONFIDENTIAL) values (#SEQ_VAL# * 50,'TEMPLATE_FOR_390_SUCCESS','625477','sms','Fund Transfer - Registered Same bank - Amount: ${get.amount} for bankId: ${get.bankId} was successful. Support#: ${get.supportNo}. ','text/plain','us-ascii',null,null,'N');

INSERT INTO MSG_TEMPLATES(ID_TEMPLATE,STR_NAME,STR_SENDER,STR_TEMPLATE_TYPE,STR_CONTENT,STR_CONTENT_TYPE,STR_CHARSET,STR_ALT_CONTENT_TYPE,STR_ALT_CHARSET,BOL_IS_CONFIDENTIAL) values (#SEQ_VAL# * 50,'TEMPLATE_FOR_400_FAILS','625477','sms','Fund Transfer - Registered Other bank - Amount: ${get.amount} for bankId: ${get.bankId} failed\. Please contact us ${get.supportNo}. ','text/plain','us-ascii',null,null,'N');
INSERT INTO MSG_TEMPLATES(ID_TEMPLATE,STR_NAME,STR_SENDER,STR_TEMPLATE_TYPE,STR_CONTENT,STR_CONTENT_TYPE,STR_CHARSET,STR_ALT_CONTENT_TYPE,STR_ALT_CHARSET,BOL_IS_CONFIDENTIAL) values (#SEQ_VAL# * 50,'TEMPLATE_FOR_400_SUCCESS','625477','sms','Fund Transfer - Registered Other bank - Amount: ${get.amount} for bankId: ${get.bankId} was successful. ','text/plain','us-ascii',null,null,'N');

INSERT INTO MSG_TEMPLATES(ID_TEMPLATE,STR_NAME,STR_SENDER,STR_TEMPLATE_TYPE,STR_CONTENT,STR_CONTENT_TYPE,STR_CHARSET,STR_ALT_CONTENT_TYPE,STR_ALT_CHARSET,BOL_IS_CONFIDENTIAL) values (#SEQ_VAL# * 50,'TEMPLATE_FOR_410_FAILS','625477','sms','Mobile-to-Mobile Transfer request,Sender :${get.senderMobNo} sending amount: ${get.amount} failed.  please contact us ${get.supportNo}. ','text/plain','us-ascii',null,null,'N');
INSERT INTO MSG_TEMPLATES(ID_TEMPLATE,STR_NAME,STR_SENDER,STR_TEMPLATE_TYPE,STR_CONTENT,STR_CONTENT_TYPE,STR_CHARSET,STR_ALT_CONTENT_TYPE,STR_ALT_CHARSET,BOL_IS_CONFIDENTIAL) values (#SEQ_VAL# * 50,'TEMPLATE_FOR_410_SUCCESS','625477','sms','Mobile-to-Mobile Transfer request,Sender :${get.senderMobNo} sending amount: ${get.amount} was successful.  Authentication Code: ${get.authCode}. ','text/plain','us-ascii',null,null,'N');

INSERT INTO MSG_TEMPLATES(ID_TEMPLATE,STR_NAME,STR_SENDER,STR_TEMPLATE_TYPE,STR_CONTENT,STR_CONTENT_TYPE,STR_CHARSET,STR_ALT_CONTENT_TYPE,STR_ALT_CHARSET,BOL_IS_CONFIDENTIAL) values (#SEQ_VAL# * 50,'TEMPLATE_FOR_420_FAILS','625477','sms','Mobile-to-Mobile Intra Bank Transfer request,Sender :${get.senderMobNo} for bankId: ${get.bankId} sending amount: ${get.amount} failed\. Please contact us ${get.supportNo}.','text/plain','us-ascii',null,null,'N');
INSERT INTO MSG_TEMPLATES(ID_TEMPLATE,STR_NAME,STR_SENDER,STR_TEMPLATE_TYPE,STR_CONTENT,STR_CONTENT_TYPE,STR_CHARSET,STR_ALT_CONTENT_TYPE,STR_ALT_CHARSET,BOL_IS_CONFIDENTIAL) values (#SEQ_VAL# * 50,'TEMPLATE_FOR_420_SUCCESS','625477','sms','Mobile-to-Mobile Intra Bank Transfer request,Sender :${get.senderMobNo} for bankId: ${get.bankId} sending amount: ${get.amount} was successful. ','text/plain','us-ascii',null,null,'N');

INSERT INTO MSG_TEMPLATES(ID_TEMPLATE,STR_NAME,STR_SENDER,STR_TEMPLATE_TYPE,STR_CONTENT,STR_CONTENT_TYPE,STR_CHARSET,STR_ALT_CONTENT_TYPE,STR_ALT_CHARSET,BOL_IS_CONFIDENTIAL) values (#SEQ_VAL# * 50,'TEMPLATE_FOR_430_FAILS','625477','sms','Mobile-to-Mobile Inter Bank Transfer request,Sender :${get.senderMobNo} for bankId: ${get.bankId} sending amount: ${get.amount} failed. ','text/plain','us-ascii',null,null,'N');
INSERT INTO MSG_TEMPLATES(ID_TEMPLATE,STR_NAME,STR_SENDER,STR_TEMPLATE_TYPE,STR_CONTENT,STR_CONTENT_TYPE,STR_CHARSET,STR_ALT_CONTENT_TYPE,STR_ALT_CHARSET,BOL_IS_CONFIDENTIAL) values (#SEQ_VAL# * 50,'TEMPLATE_FOR_430_SUCCESS','625477','sms','Mobile-to-Mobile Inter Bank Transfer request,Sender :${get.senderMobNo} for bankId: ${get.bankId} sending amount: ${get.amount} was successful. Support#: ${get.supportNo}. ','text/plain','us-ascii',null,null,'N');

INSERT INTO MSG_TEMPLATES(ID_TEMPLATE,STR_NAME,STR_SENDER,STR_TEMPLATE_TYPE,STR_CONTENT,STR_CONTENT_TYPE,STR_CHARSET,STR_ALT_CONTENT_TYPE,STR_ALT_CHARSET,BOL_IS_CONFIDENTIAL) values (#SEQ_VAL# * 50,'TEMPLATE_FOR_440_FAILS','625477','sms','Bill Payment to Biller: ${get.billerName} for bankId: ${get.bankId} failed\. Please contact us ${get.supportNo}','text/plain','us-ascii',null,null,'N');
INSERT INTO MSG_TEMPLATES(ID_TEMPLATE,STR_NAME,STR_SENDER,STR_TEMPLATE_TYPE,STR_CONTENT,STR_CONTENT_TYPE,STR_CHARSET,STR_ALT_CONTENT_TYPE,STR_ALT_CHARSET,BOL_IS_CONFIDENTIAL) values (#SEQ_VAL# * 50,'TEMPLATE_FOR_440_SUCCESS','625477','sms','Bill Payment to Biller: ${get.billerName} for bankId: ${get.bankId} was successful. ','text/plain','us-ascii',null,null,'N');

INSERT INTO MSG_TEMPLATES(ID_TEMPLATE,STR_NAME,STR_SENDER,STR_TEMPLATE_TYPE,STR_CONTENT,STR_CONTENT_TYPE,STR_CHARSET,STR_ALT_CONTENT_TYPE,STR_ALT_CHARSET,BOL_IS_CONFIDENTIAL) values (#SEQ_VAL# * 50,'TEMPLATE_FOR_450_FAILS','625477','sms','Mobile reload request - amount: ${get.amount} of ${get.reloadMobNo} failed.  please contact us ${get.supportNo}. ','text/plain','us-ascii',null,null,'N');
INSERT INTO MSG_TEMPLATES(ID_TEMPLATE,STR_NAME,STR_SENDER,STR_TEMPLATE_TYPE,STR_CONTENT,STR_CONTENT_TYPE,STR_CHARSET,STR_ALT_CONTENT_TYPE,STR_ALT_CHARSET,BOL_IS_CONFIDENTIAL) values (#SEQ_VAL# * 50,'TEMPLATE_FOR_450_SUCCESS','625477','sms','Mobile reload request - amount: ${get.amount} of ${get.reloadMobNo} was successful. Support#: ${get.supportNo}. ','text/plain','us-ascii',null,null,'N');

INSERT INTO MSG_TEMPLATES(ID_TEMPLATE,STR_NAME,STR_SENDER,STR_TEMPLATE_TYPE,STR_CONTENT,STR_CONTENT_TYPE,STR_CHARSET,STR_ALT_CONTENT_TYPE,STR_ALT_CHARSET,BOL_IS_CONFIDENTIAL) values (#SEQ_VAL# * 50,'TEMPLATE_FOR_370_FAILS','625477','sms','Fund Transfer -credit card- Amount: ${get.amount} for bankId: ${get.bankId} failed\. Please contact us ${get.supportNo}.','text/plain','us-ascii',null,null,'N');
INSERT INTO MSG_TEMPLATES(ID_TEMPLATE,STR_NAME,STR_SENDER,STR_TEMPLATE_TYPE,STR_CONTENT,STR_CONTENT_TYPE,STR_CHARSET,STR_ALT_CONTENT_TYPE,STR_ALT_CHARSET,BOL_IS_CONFIDENTIAL) values (#SEQ_VAL# * 50,'TEMPLATE_FOR_370_SUCCESS','625477','sms','Fund Transfer -credit card- Amount: ${get.amount} for bankId: ${get.bankId} was successful. ','text/plain','us-ascii',null,null,'N');


---TODO:Cleanup and fill with decent content

INSERT INTO MSG_TEMPLATES(ID_TEMPLATE,STR_NAME,STR_SENDER,STR_TEMPLATE_TYPE,STR_CONTENT,STR_CONTENT_TYPE,STR_CHARSET,STR_ALT_CONTENT_TYPE,STR_ALT_CHARSET,BOL_IS_CONFIDENTIAL) values (#SEQ_VAL# * 50,'TEMPLATE_FOR_210_FAILS','625477','sms',' Registration failed,Please contact us ${get.supportNo}.','text/plain','us-ascii',null,null,'N');
INSERT INTO MSG_TEMPLATES(ID_TEMPLATE,STR_NAME,STR_SENDER,STR_TEMPLATE_TYPE,STR_CONTENT,STR_CONTENT_TYPE,STR_CHARSET,STR_ALT_CONTENT_TYPE,STR_ALT_CHARSET,BOL_IS_CONFIDENTIAL) values (#SEQ_VAL# * 50,'TEMPLATE_FOR_210_SUCCESS','625477','sms','Registration successful','text/plain','us-ascii',null,null,'N');

INSERT INTO MSG_TEMPLATES(ID_TEMPLATE,STR_NAME,STR_SENDER,STR_TEMPLATE_TYPE,STR_CONTENT,STR_CONTENT_TYPE,STR_CHARSET,STR_ALT_CONTENT_TYPE,STR_ALT_CHARSET,BOL_IS_CONFIDENTIAL) values (#SEQ_VAL# * 50,'TEMPLATE_FOR_220_FAILS','625477','sms',' Duplicate Registration failed','text/plain','us-ascii',null,null,'N');
INSERT INTO MSG_TEMPLATES(ID_TEMPLATE,STR_NAME,STR_SENDER,STR_TEMPLATE_TYPE,STR_CONTENT,STR_CONTENT_TYPE,STR_CHARSET,STR_ALT_CONTENT_TYPE,STR_ALT_CHARSET,BOL_IS_CONFIDENTIAL) values (#SEQ_VAL# * 50,'TEMPLATE_FOR_220_SUCCESS','625477','sms','Duplicate Registration','text/plain','us-ascii',null,null,'N');

INSERT INTO MSG_TEMPLATES(ID_TEMPLATE,STR_NAME,STR_SENDER,STR_TEMPLATE_TYPE,STR_CONTENT,STR_CONTENT_TYPE,STR_CHARSET,STR_ALT_CONTENT_TYPE,STR_ALT_CHARSET,BOL_IS_CONFIDENTIAL) values (#SEQ_VAL# * 50,'TEMPLATE_FOR_230_FAILS','625477','sms',' Customer inactive fail','text/plain','us-ascii',null,null,'N');
INSERT INTO MSG_TEMPLATES(ID_TEMPLATE,STR_NAME,STR_SENDER,STR_TEMPLATE_TYPE,STR_CONTENT,STR_CONTENT_TYPE,STR_CHARSET,STR_ALT_CONTENT_TYPE,STR_ALT_CHARSET,BOL_IS_CONFIDENTIAL) values (#SEQ_VAL# * 50,'TEMPLATE_FOR_230_SUCCESS','625477','sms','Customer inactivity','text/plain','us-ascii',null,null,'N');

INSERT INTO MSG_TEMPLATES(ID_TEMPLATE,STR_NAME,STR_SENDER,STR_TEMPLATE_TYPE,STR_CONTENT,STR_CONTENT_TYPE,STR_CHARSET,STR_ALT_CONTENT_TYPE,STR_ALT_CHARSET,BOL_IS_CONFIDENTIAL) values (#SEQ_VAL# * 50,'TEMPLATE_FOR_310_FAILS','625477','sms',' AccountInfo Fail','text/plain','us-ascii',null,null,'N');
INSERT INTO MSG_TEMPLATES(ID_TEMPLATE,STR_NAME,STR_SENDER,STR_TEMPLATE_TYPE,STR_CONTENT,STR_CONTENT_TYPE,STR_CHARSET,STR_ALT_CONTENT_TYPE,STR_ALT_CHARSET,BOL_IS_CONFIDENTIAL) values (#SEQ_VAL# * 50,'TEMPLATE_FOR_310_SUCCESS','625477','sms','AccountInfo ok','text/plain','us-ascii',null,null,'N');

INSERT INTO MSG_TEMPLATES(ID_TEMPLATE,STR_NAME,STR_SENDER,STR_TEMPLATE_TYPE,STR_CONTENT,STR_CONTENT_TYPE,STR_CHARSET,STR_ALT_CONTENT_TYPE,STR_ALT_CHARSET,BOL_IS_CONFIDENTIAL) values (#SEQ_VAL# * 50,'TEMPLATE_FOR_320_FAILS','625477','sms',' Txn Overview fails','text/plain','us-ascii',null,null,'N');
INSERT INTO MSG_TEMPLATES(ID_TEMPLATE,STR_NAME,STR_SENDER,STR_TEMPLATE_TYPE,STR_CONTENT,STR_CONTENT_TYPE,STR_CHARSET,STR_ALT_CONTENT_TYPE,STR_ALT_CHARSET,BOL_IS_CONFIDENTIAL) values (#SEQ_VAL# * 50,'TEMPLATE_FOR_320_SUCCESS','625477','sms','Txn Overview ok','text/plain','us-ascii',null,null,'N');

INSERT INTO MSG_TEMPLATES(ID_TEMPLATE,STR_NAME,STR_SENDER,STR_TEMPLATE_TYPE,STR_CONTENT,STR_CONTENT_TYPE,STR_CHARSET,STR_ALT_CONTENT_TYPE,STR_ALT_CHARSET,BOL_IS_CONFIDENTIAL) values (#SEQ_VAL# * 50,'TEMPLATE_FOR_330_FAILS','625477','sms',' Txn Overview fails','text/plain','us-ascii',null,null,'N');
INSERT INTO MSG_TEMPLATES(ID_TEMPLATE,STR_NAME,STR_SENDER,STR_TEMPLATE_TYPE,STR_CONTENT,STR_CONTENT_TYPE,STR_CHARSET,STR_ALT_CONTENT_TYPE,STR_ALT_CHARSET,BOL_IS_CONFIDENTIAL) values (#SEQ_VAL# * 50,'TEMPLATE_FOR_330_SUCCESS','625477','sms','Txn Overview ok','text/plain','us-ascii',null,null,'N');

INSERT INTO MSG_TEMPLATES(ID_TEMPLATE,STR_NAME,STR_SENDER,STR_TEMPLATE_TYPE,STR_CONTENT,STR_CONTENT_TYPE,STR_CHARSET,STR_ALT_CONTENT_TYPE,STR_ALT_CHARSET,BOL_IS_CONFIDENTIAL) values (#SEQ_VAL# * 50,'TEMPLATE_FOR_340_FAILS','625477','sms',' Txn Overview fails','text/plain','us-ascii',null,null,'N');
INSERT INTO MSG_TEMPLATES(ID_TEMPLATE,STR_NAME,STR_SENDER,STR_TEMPLATE_TYPE,STR_CONTENT,STR_CONTENT_TYPE,STR_CHARSET,STR_ALT_CONTENT_TYPE,STR_ALT_CHARSET,BOL_IS_CONFIDENTIAL) values (#SEQ_VAL# * 50,'TEMPLATE_FOR_340_SUCCESS','625477','sms','Txn Overview ok','text/plain','us-ascii',null,null,'N');

INSERT INTO MSG_TEMPLATES(ID_TEMPLATE,STR_NAME,STR_SENDER,STR_TEMPLATE_TYPE,STR_CONTENT,STR_CONTENT_TYPE,STR_CHARSET,STR_ALT_CONTENT_TYPE,STR_ALT_CHARSET,BOL_IS_CONFIDENTIAL) values (#SEQ_VAL# * 50,'TEMPLATE_FOR_350_FAILS','625477','sms',' Txn Overview fails','text/plain','us-ascii',null,null,'N');
INSERT INTO MSG_TEMPLATES(ID_TEMPLATE,STR_NAME,STR_SENDER,STR_TEMPLATE_TYPE,STR_CONTENT,STR_CONTENT_TYPE,STR_CHARSET,STR_ALT_CONTENT_TYPE,STR_ALT_CHARSET,BOL_IS_CONFIDENTIAL) values (#SEQ_VAL# * 50,'TEMPLATE_FOR_350_SUCCESS','625477','sms','Txn Overview ok','text/plain','us-ascii',null,null,'N');

INSERT INTO MSG_TEMPLATES(ID_TEMPLATE,STR_NAME,STR_SENDER,STR_TEMPLATE_TYPE,STR_CONTENT,STR_CONTENT_TYPE,STR_CHARSET,STR_ALT_CONTENT_TYPE,STR_ALT_CHARSET,BOL_IS_CONFIDENTIAL) values (#SEQ_VAL# * 50,'TEMPLATE_FOR_360_FAILS','625477','sms',' Txn Overview fails','text/plain','us-ascii',null,null,'N');
INSERT INTO MSG_TEMPLATES(ID_TEMPLATE,STR_NAME,STR_SENDER,STR_TEMPLATE_TYPE,STR_CONTENT,STR_CONTENT_TYPE,STR_CHARSET,STR_ALT_CONTENT_TYPE,STR_ALT_CHARSET,BOL_IS_CONFIDENTIAL) values (#SEQ_VAL# * 50,'TEMPLATE_FOR_360_SUCCESS','625477','sms','Txn Overview ok','text/plain','us-ascii',null,null,'N');


INSERT INTO MSG_TEMPLATES(ID_TEMPLATE,STR_NAME,STR_SENDER,STR_TEMPLATE_TYPE,STR_CONTENT,STR_CONTENT_TYPE,STR_CHARSET,STR_ALT_CONTENT_TYPE,STR_ALT_CHARSET,BOL_IS_CONFIDENTIAL) values (#SEQ_VAL# * 50,'txnDetailsAsSms','625477','sms',' TXNID:${get.txnId},AUTHCODE:${get.authCode},AMOUNT:${get.amount} ${get.currency},PAYER:${get.payerIdent},PAYEE:${get.payeeIdent},ERRORCODE:${get.errorCode}.','text/plain','us-ascii',null,null,'N');
INSERT INTO MSG_TEMPLATES(ID_TEMPLATE,STR_NAME,STR_SENDER,STR_TEMPLATE_TYPE,STR_CONTENT,STR_CONTENT_TYPE,STR_CHARSET,BOL_IS_CONFIDENTIAL) VALUES (#SEQ_VAL# * 50,'tcs_updated','625477','sms','T&Cs were reset...you will be asked to confirm the new t&cs at the next login.','text/plain','us-ascii','N');

INSERT INTO MSG_TEMPLATES(ID_TEMPLATE,STR_NAME,STR_SENDER,STR_TEMPLATE_TYPE,STR_CONTENT,STR_CONTENT_TYPE,STR_CHARSET,STR_ALT_CONTENT_TYPE,STR_ALT_CHARSET,BOL_IS_CONFIDENTIAL) values (#SEQ_VAL# * 50,'tcs_expired','625477','sms','Due to not accepting the Terms And Conditions: ${get.tcs},The services are no longer working. ','text/plain','us-ascii',null,null,'N');

-- INSERTING into ALR_TYPES
Insert into ALR_TYPE (ID_ALERT_TYPE,STR_NAME,STR_DESCRIPTION,BOL_IS_ACTIVE,DAT_CREATION,ID_CUSTOMER_CREATION) values (3,'BankInquiryResponseAlert','Notifies user if the bank has responded to a user inquiry.','Y',#CURRENT_TIMESTAMP#,0);
Insert into ALR_TYPE (ID_ALERT_TYPE,STR_NAME,STR_DESCRIPTION,BOL_IS_ACTIVE,DAT_CREATION,ID_CUSTOMER_CREATION) values (5,'InsufficientFundsAlert','Transaction failure notification due to insufficient funds in the account.','Y',#CURRENT_TIMESTAMP#,0);
Insert into ALR_TYPE (ID_ALERT_TYPE,STR_NAME,STR_DESCRIPTION,BOL_IS_ACTIVE,DAT_CREATION,ID_CUSTOMER_CREATION) values (7,'PanicPayAlert','Notifies user of upcoming bill pending payment.','Y',#CURRENT_TIMESTAMP#,0);
Insert into ALR_TYPE (ID_ALERT_TYPE,STR_NAME,STR_DESCRIPTION,BOL_IS_ACTIVE,DAT_CREATION,ID_CUSTOMER_CREATION) values (10,'UnreadBankMessageAlert','Notifies user of unread message from the bank.','Y',#CURRENT_TIMESTAMP#,0);

-- INSERTING into ALR_METADATA
Insert into ALR_METADATA (ID_ALERT_METADATA,ID_ALERT_TYPE,STR_KEY,STR_TYPE,DAT_CREATION,ID_CUSTOMER_CREATION) values(#SEQ_VAL# * 50,5,'accountPiId','String',#CURRENT_TIMESTAMP#,0);
Insert into ALR_METADATA (ID_ALERT_METADATA,ID_ALERT_TYPE,STR_KEY,STR_TYPE,DAT_CREATION,ID_CUSTOMER_CREATION) values(#SEQ_VAL# * 50,5,'customerPiId','String',#CURRENT_TIMESTAMP#,0);

-- INSERTING into ALR_NOTIF_MSG
Insert into ALR_NOTIF_MSG (ID_ALERT_NOTIF_MSG,ID_ALERT_TYPE,ID_ALERT_NOTIF_MSG_TYPE,STR_NAME,BOL_IS_ACTIVE,DAT_CREATION,ID_CUSTOMER_CREATION) values (#SEQ_VAL# * 50,3,1,'alert.bank.inquiry.response','Y',#CURRENT_TIMESTAMP#,0);
Insert into ALR_NOTIF_MSG (ID_ALERT_NOTIF_MSG,ID_ALERT_TYPE,ID_ALERT_NOTIF_MSG_TYPE,STR_NAME,BOL_IS_ACTIVE,DAT_CREATION,ID_CUSTOMER_CREATION) values (#SEQ_VAL# * 50,5,1,'alert.insufficient.funds.text','Y',#CURRENT_TIMESTAMP#,0);
Insert into ALR_NOTIF_MSG (ID_ALERT_NOTIF_MSG,ID_ALERT_TYPE,ID_ALERT_NOTIF_MSG_TYPE,STR_NAME,BOL_IS_ACTIVE,DAT_CREATION,ID_CUSTOMER_CREATION) values (#SEQ_VAL# * 50,5,2,'alert.insufficient.funds.conv','Y',#CURRENT_TIMESTAMP#,0);
Insert into ALR_NOTIF_MSG (ID_ALERT_NOTIF_MSG,ID_ALERT_TYPE,ID_ALERT_NOTIF_MSG_TYPE,STR_NAME,BOL_IS_ACTIVE,DAT_CREATION,ID_CUSTOMER_CREATION) values (#SEQ_VAL# * 50,7,1,'alert.panic.pay.text','Y',#CURRENT_TIMESTAMP#,0);
Insert into ALR_NOTIF_MSG (ID_ALERT_NOTIF_MSG,ID_ALERT_TYPE,ID_ALERT_NOTIF_MSG_TYPE,STR_NAME,BOL_IS_ACTIVE,DAT_CREATION,ID_CUSTOMER_CREATION) values (#SEQ_VAL# * 50,7,2,'alert.panic.pay.conv','Y',#CURRENT_TIMESTAMP#,0);
Insert into ALR_NOTIF_MSG (ID_ALERT_NOTIF_MSG,ID_ALERT_TYPE,ID_ALERT_NOTIF_MSG_TYPE,STR_NAME,BOL_IS_ACTIVE,DAT_CREATION,ID_CUSTOMER_CREATION) values (#SEQ_VAL# * 50,10,1,'alert.unread.bank.message','Y',#CURRENT_TIMESTAMP#,0);

-- INSERTING into MOB_JOBS
Insert into MOB_JOBS (ID_JOB,STR_HANDLER_NAME,STR_SCHEDULE,ID_IMPLEMENTATION_TYPE,URL_IMPLEMENTATION,BOL_IS_ACTIVE,INT_MAX_DELAY,INT_MAX_DURATION,STR_JOB,STR_PARAMETER,DAT_CREATION,ID_CUSTOMER_CREATION) VALUES (150,'MOBILISER','0 0 23 ? * * *',2,'com.sybase365.mobiliser.mbanking.jobs.cronjobs.panicpay','Y',5,20,'Sends Panic Pay alerts','classFilter=4,typeFilter=40',#CURRENT_TIMESTAMP#,0);
Insert into MOB_JOBS (ID_JOB,STR_HANDLER_NAME,STR_SCHEDULE,ID_IMPLEMENTATION_TYPE,URL_IMPLEMENTATION,BOL_IS_ACTIVE,INT_MAX_DELAY,INT_MAX_DURATION,STR_JOB,STR_PARAMETER,DAT_CREATION,ID_CUSTOMER_CREATION) VALUES (151,'MOBILISER','0 0 23 ? * * *',2,'com.sybase365.mobiliser.mbanking.jobs.cronjobs.insufficientfunds','Y',5,20,'Send Insufficient Funds alerts','classFilter=4,typeFilter=40',#CURRENT_TIMESTAMP#,0);

INSERT INTO MBA_TOPUP_OPERATORS (ID_OPERATOR,STR_NAME,STR_CODE,DAT_CREATION,ID_CUSTOMER_CREATION) VALUES ('1000','MyOp','1000',#CURRENT_TIMESTAMP#,0);

INSERT INTO MBA_TOPUP_PRODUCTS (ID_PRODUCT,ID_ORGUNIT,STR_CODE,STR_SUB_CODE,STR_DESCRIPTION,AMNT_AMOUNT,ID_PROVIDER,BOL_IS_ENABLED,BOL_IS_ACTIVE,DAT_CREATION,ID_CUSTOMER_CREATION) VALUES (1000,'0000','CODE','SUBCODE','DESCRIPTION OF PRODUCT',100,100,'Y','Y',#CURRENT_TIMESTAMP#,0);
INSERT INTO MBA_TOPUP_PRODUCTS (ID_PRODUCT,ID_ORGUNIT,STR_CODE,STR_SUB_CODE,STR_DESCRIPTION,AMNT_AMOUNT,ID_PROVIDER,BOL_IS_ENABLED,BOL_IS_ACTIVE,DAT_CREATION,ID_CUSTOMER_CREATION) VALUES (1001,'0000','CODE 1','SUBCODE 2','DESCRIPTION OF PRODUCT',200,20001,'Y','Y',#CURRENT_TIMESTAMP#,0);
INSERT INTO MBA_TOPUP_PRODUCTS (ID_PRODUCT,ID_ORGUNIT,STR_CODE,STR_SUB_CODE,STR_DESCRIPTION,AMNT_AMOUNT,ID_PROVIDER,BOL_IS_ENABLED,BOL_IS_ACTIVE,DAT_CREATION,ID_CUSTOMER_CREATION) VALUES (1002,'0000','CODE 2','SUBCODE 3','DESCRIPTION OF PRODUCT',300,20001,'Y','Y',#CURRENT_TIMESTAMP#,0);
INSERT INTO MBA_TOPUP_PRODUCTS (ID_PRODUCT,ID_ORGUNIT,STR_CODE,STR_SUB_CODE,STR_DESCRIPTION,AMNT_AMOUNT,ID_PROVIDER,BOL_IS_ENABLED,BOL_IS_ACTIVE,DAT_CREATION,ID_CUSTOMER_CREATION) VALUES (1003,'0000','CODE 3','SUBCODE 4','DESCRIPTION OF PRODUCT',400,20003,'Y','Y',#CURRENT_TIMESTAMP#,0);
INSERT INTO MBA_TOPUP_PRODUCTS (ID_PRODUCT,ID_ORGUNIT,STR_CODE,STR_SUB_CODE,STR_DESCRIPTION,AMNT_AMOUNT,ID_PROVIDER,BOL_IS_ENABLED,BOL_IS_ACTIVE,DAT_CREATION,ID_CUSTOMER_CREATION) VALUES (1004,'0000','CODE 4','SUBCODE 5','DESCRIPTION OF PRODUCT',500,20003,'Y','Y',#CURRENT_TIMESTAMP#,0);

