-- Constants used by POS Mobiliser Module
-- new transaction authentication method POS AOC
INSERT INTO MOB_AUTH_METHODS (ID_AUTHENTICATION_METHOD, STR_AUTHENTICATION_METHOD, DAT_CREATION, ID_CUSTOMER_CREATION) VALUES (100,'POS AoC',#CURRENT_TIMESTAMP#,0);
INSERT INTO MOB_AUTH_METHODS (ID_AUTHENTICATION_METHOD, STR_AUTHENTICATION_METHOD, DAT_CREATION, ID_CUSTOMER_CREATION) VALUES (101,'POS PIN',#CURRENT_TIMESTAMP#,0);
INSERT INTO MOB_AUTH_METHODS (ID_AUTHENTICATION_METHOD, STR_AUTHENTICATION_METHOD, DAT_CREATION, ID_CUSTOMER_CREATION) VALUES (102,'POS NoP',#CURRENT_TIMESTAMP#,0);


INSERT INTO MOB_AUTH_METHOD_RULES(ID_AUTHENTICATION_METHOD_RULE, STR_AUTHENTICATION_METHOD_RULE, DAT_CREATION, ID_CUSTOMER_CREATION) VALUES (10, 'POS Payment', #CURRENT_TIMESTAMP#, 0);
INSERT INTO MOB_AUTH_METHOD_RULES(ID_AUTHENTICATION_METHOD_RULE, STR_AUTHENTICATION_METHOD_RULE, DAT_CREATION, ID_CUSTOMER_CREATION) VALUES (11, 'POS Refund', #CURRENT_TIMESTAMP#, 0);

INSERT INTO MOB_AUTH_METHOD_RULE_STEPS(ID_AUTHENTICATION_METHOD_RULE, INT_ORDER, ID_CURRENCY, AMNT_MAX_AMOUNT_ALLOWED,ID_AUTHENTICATION_METHOD, DAT_CREATION, ID_CUSTOMER_CREATION) VALUES (10, 1, 'EUR',  500, 102, #CURRENT_TIMESTAMP#, 0);
INSERT INTO MOB_AUTH_METHOD_RULE_STEPS(ID_AUTHENTICATION_METHOD_RULE, INT_ORDER, ID_CURRENCY, AMNT_MAX_AMOUNT_ALLOWED,ID_AUTHENTICATION_METHOD, DAT_CREATION, ID_CUSTOMER_CREATION) VALUES (10, 2, 'EUR', 1000, 100, #CURRENT_TIMESTAMP#, 0);
INSERT INTO MOB_AUTH_METHOD_RULE_STEPS(ID_AUTHENTICATION_METHOD_RULE, INT_ORDER, ID_CURRENCY, AMNT_MAX_AMOUNT_ALLOWED,ID_AUTHENTICATION_METHOD, DAT_CREATION, ID_CUSTOMER_CREATION) VALUES (10, 3, 'EUR', null, 101, #CURRENT_TIMESTAMP#, 0);
INSERT INTO MOB_AUTH_METHOD_RULE_STEPS(ID_AUTHENTICATION_METHOD_RULE, INT_ORDER, ID_CURRENCY, AMNT_MAX_AMOUNT_ALLOWED,ID_AUTHENTICATION_METHOD, DAT_CREATION, ID_CUSTOMER_CREATION) VALUES (11, 1, 'EUR', null, 102, #CURRENT_TIMESTAMP#, 0);


-- INSERTING into MOB_USE_CASES
INSERT INTO MOB_USE_CASES (ID_USE_CASE,STR_USE_CASE,BOL_IS_ACTOR_PAYEE,BOL_DISABLE_LIMITS,BOL_IS_PUBLIC,BOL_ALLOW_DIFFERING_AMOUNT,BOL_ALLOW_IDENTCL_PAYER_PAYEE,ID_CUSTOMER_CREATION,BOL_ALLOW_ANON_PARTICIPANT,BOL_COPY_EX_RATE_FROM_AUTH,INT_AUTO_CANCEL_AFTER_MINUTES,BOL_AUTO_CAPTURE_REQUIRED,BOL_AUTO_CAPTURE_FORBIDDEN,BOL_IGNORE_PAYER_PI_STATUS,BOL_IGNORE_PAYEE_PI_STATUS,DAT_CREATION) VALUES (700,'POS_REFUND','N','N','Y','Y','N',0,'N','Y',null,'N','N','N','N',#CURRENT_TIMESTAMP#);
INSERT INTO MOB_USE_CASES (ID_USE_CASE,STR_USE_CASE,BOL_IS_ACTOR_PAYEE,BOL_DISABLE_LIMITS,BOL_IS_PUBLIC,BOL_ALLOW_DIFFERING_AMOUNT,BOL_ALLOW_IDENTCL_PAYER_PAYEE,ID_CUSTOMER_CREATION,BOL_ALLOW_ANON_PARTICIPANT,BOL_COPY_EX_RATE_FROM_AUTH,INT_AUTO_CANCEL_AFTER_MINUTES,BOL_AUTO_CAPTURE_REQUIRED,BOL_AUTO_CAPTURE_FORBIDDEN,BOL_IGNORE_PAYER_PI_STATUS,BOL_IGNORE_PAYEE_PI_STATUS,DAT_CREATION) VALUES (701,'POS_PAYMENT','Y','N','Y','Y','N',0,'N','Y',null,'N','N','N','N',#CURRENT_TIMESTAMP#);
INSERT INTO MOB_USE_CASES (ID_USE_CASE,STR_USE_CASE,BOL_IS_ACTOR_PAYEE,BOL_DISABLE_LIMITS,BOL_IS_PUBLIC,BOL_ALLOW_DIFFERING_AMOUNT,BOL_ALLOW_IDENTCL_PAYER_PAYEE,ID_CUSTOMER_CREATION,BOL_ALLOW_ANON_PARTICIPANT,BOL_COPY_EX_RATE_FROM_AUTH,INT_AUTO_CANCEL_AFTER_MINUTES,BOL_AUTO_CAPTURE_REQUIRED,BOL_AUTO_CAPTURE_FORBIDDEN,BOL_IGNORE_PAYER_PI_STATUS,BOL_IGNORE_PAYEE_PI_STATUS,DAT_CREATION) VALUES (702,'POS_PRE_AUTHORISE_LOAD','N','N','Y','Y','N',0,'N','Y',9,'N','Y','N','N',#CURRENT_TIMESTAMP#);
INSERT INTO MOB_USE_CASES (ID_USE_CASE,STR_USE_CASE,BOL_IS_ACTOR_PAYEE,BOL_DISABLE_LIMITS,BOL_IS_PUBLIC,BOL_ALLOW_DIFFERING_AMOUNT,BOL_ALLOW_IDENTCL_PAYER_PAYEE,ID_CUSTOMER_CREATION,BOL_ALLOW_ANON_PARTICIPANT,BOL_COPY_EX_RATE_FROM_AUTH,INT_AUTO_CANCEL_AFTER_MINUTES,BOL_AUTO_CAPTURE_REQUIRED,BOL_AUTO_CAPTURE_FORBIDDEN,BOL_IGNORE_PAYER_PI_STATUS,BOL_IGNORE_PAYEE_PI_STATUS,DAT_CREATION) VALUES (703,'POS_CASHOUT','Y','N','Y','Y','N',0,'N','Y',null,'Y','N','N','N',#CURRENT_TIMESTAMP#);


INSERT INTO MOB_USE_CASE_PI_TYPES(ID_ENTITY, ID_USE_CASE, BOL_PAYEE, ID_PI_TYPE, DAT_CREATION, ID_CUSTOMER_CREATION) VALUES (1, 702, 'N', 0, #CURRENT_TIMESTAMP#, 0);

INSERT INTO MOB_UMGR_PRIVILEGES (ID_PRIVILEGE,STR_PRIVILEGE,DAT_CREATION,ID_CUSTOMER_CREATION) VALUES ('UC_700_PAYER_PRIVILEGE','Payer priv for UC 700',#CURRENT_TIMESTAMP#,0);
INSERT INTO MOB_UMGR_PRIVILEGES (ID_PRIVILEGE,STR_PRIVILEGE,DAT_CREATION,ID_CUSTOMER_CREATION) VALUES ('UC_701_PAYER_PRIVILEGE','Payer priv for UC 701',#CURRENT_TIMESTAMP#,0);
INSERT INTO MOB_UMGR_PRIVILEGES (ID_PRIVILEGE,STR_PRIVILEGE,DAT_CREATION,ID_CUSTOMER_CREATION) VALUES ('UC_702_PAYER_PRIVILEGE','Payer priv for UC 702',#CURRENT_TIMESTAMP#,0);
INSERT INTO MOB_UMGR_PRIVILEGES (ID_PRIVILEGE,STR_PRIVILEGE,DAT_CREATION,ID_CUSTOMER_CREATION) VALUES ('UC_703_PAYER_PRIVILEGE','Payer priv for UC 703',#CURRENT_TIMESTAMP#,0);

INSERT INTO MOB_UMGR_PRIVILEGES (ID_PRIVILEGE,STR_PRIVILEGE,DAT_CREATION,ID_CUSTOMER_CREATION) VALUES ('UC_700_PAYEE_PRIVILEGE','Payee priv for UC 700',#CURRENT_TIMESTAMP#,0);
INSERT INTO MOB_UMGR_PRIVILEGES (ID_PRIVILEGE,STR_PRIVILEGE,DAT_CREATION,ID_CUSTOMER_CREATION) VALUES ('UC_701_PAYEE_PRIVILEGE','Payee priv for UC 701',#CURRENT_TIMESTAMP#,0);
INSERT INTO MOB_UMGR_PRIVILEGES (ID_PRIVILEGE,STR_PRIVILEGE,DAT_CREATION,ID_CUSTOMER_CREATION) VALUES ('UC_702_PAYEE_PRIVILEGE','Payee priv for UC 702',#CURRENT_TIMESTAMP#,0);
INSERT INTO MOB_UMGR_PRIVILEGES (ID_PRIVILEGE,STR_PRIVILEGE,DAT_CREATION,ID_CUSTOMER_CREATION) VALUES ('UC_703_PAYEE_PRIVILEGE','Payee priv for UC 703',#CURRENT_TIMESTAMP#,0);

INSERT INTO MOB_UMGR_PRIVILEGES (ID_PRIVILEGE,STR_PRIVILEGE,DAT_CREATION,ID_CUSTOMER_CREATION) VALUES ('UC_700_CALLER_PRIVILEGE','Caller priv for UC 700',#CURRENT_TIMESTAMP#,0);
INSERT INTO MOB_UMGR_PRIVILEGES (ID_PRIVILEGE,STR_PRIVILEGE,DAT_CREATION,ID_CUSTOMER_CREATION) VALUES ('UC_701_CALLER_PRIVILEGE','Caller priv for UC 701',#CURRENT_TIMESTAMP#,0);
INSERT INTO MOB_UMGR_PRIVILEGES (ID_PRIVILEGE,STR_PRIVILEGE,DAT_CREATION,ID_CUSTOMER_CREATION) VALUES ('UC_702_CALLER_PRIVILEGE','Caller priv for UC 702',#CURRENT_TIMESTAMP#,0);
INSERT INTO MOB_UMGR_PRIVILEGES (ID_PRIVILEGE,STR_PRIVILEGE,DAT_CREATION,ID_CUSTOMER_CREATION) VALUES ('UC_703_CALLER_PRIVILEGE','Caller priv for UC 703',#CURRENT_TIMESTAMP#,0);

INSERT INTO MOB_UMGR_PRIVILEGES (ID_PRIVILEGE,STR_PRIVILEGE,DAT_CREATION,ID_CUSTOMER_CREATION) VALUES ('UC_700_CALLER_PARENT_PRIVILEGE','Caller parent priv for UC 700',#CURRENT_TIMESTAMP#,0);
INSERT INTO MOB_UMGR_PRIVILEGES (ID_PRIVILEGE,STR_PRIVILEGE,DAT_CREATION,ID_CUSTOMER_CREATION) VALUES ('UC_701_CALLER_PARENT_PRIVILEGE','Caller parent priv for UC 701',#CURRENT_TIMESTAMP#,0);
INSERT INTO MOB_UMGR_PRIVILEGES (ID_PRIVILEGE,STR_PRIVILEGE,DAT_CREATION,ID_CUSTOMER_CREATION) VALUES ('UC_702_CALLER_PARENT_PRIVILEGE','Caller parent priv for UC 702',#CURRENT_TIMESTAMP#,0);
INSERT INTO MOB_UMGR_PRIVILEGES (ID_PRIVILEGE,STR_PRIVILEGE,DAT_CREATION,ID_CUSTOMER_CREATION) VALUES ('UC_703_CALLER_PARENT_PRIVILEGE','Caller parent priv for UC 703',#CURRENT_TIMESTAMP#,0);

INSERT INTO MOB_UMGR_PRIVILEGES (ID_PRIVILEGE,STR_PRIVILEGE,DAT_CREATION,ID_CUSTOMER_CREATION) VALUES ('UC_700_CALLER_SELF_PRIVILEGE','Caller self priv for UC 700',#CURRENT_TIMESTAMP#,0);
INSERT INTO MOB_UMGR_PRIVILEGES (ID_PRIVILEGE,STR_PRIVILEGE,DAT_CREATION,ID_CUSTOMER_CREATION) VALUES ('UC_701_CALLER_SELF_PRIVILEGE','Caller self priv for UC 701',#CURRENT_TIMESTAMP#,0);
INSERT INTO MOB_UMGR_PRIVILEGES (ID_PRIVILEGE,STR_PRIVILEGE,DAT_CREATION,ID_CUSTOMER_CREATION) VALUES ('UC_702_CALLER_SELF_PRIVILEGE','Caller self priv for UC 702',#CURRENT_TIMESTAMP#,0);
INSERT INTO MOB_UMGR_PRIVILEGES (ID_PRIVILEGE,STR_PRIVILEGE,DAT_CREATION,ID_CUSTOMER_CREATION) VALUES ('UC_703_CALLER_SELF_PRIVILEGE','Caller self priv for UC 703',#CURRENT_TIMESTAMP#,0);

INSERT INTO MOB_UMGR_PRIVILEGES (ID_PRIVILEGE,STR_PRIVILEGE,DAT_CREATION,ID_CUSTOMER_CREATION) VALUES ('UC_700_MAKER_PRIVILEGE','Maker priv for UC 700',#CURRENT_TIMESTAMP#,0);
INSERT INTO MOB_UMGR_PRIVILEGES (ID_PRIVILEGE,STR_PRIVILEGE,DAT_CREATION,ID_CUSTOMER_CREATION) VALUES ('UC_701_MAKER_PRIVILEGE','Maker priv for UC 701',#CURRENT_TIMESTAMP#,0);
INSERT INTO MOB_UMGR_PRIVILEGES (ID_PRIVILEGE,STR_PRIVILEGE,DAT_CREATION,ID_CUSTOMER_CREATION) VALUES ('UC_702_MAKER_PRIVILEGE','Maker priv for UC 702',#CURRENT_TIMESTAMP#,0);
INSERT INTO MOB_UMGR_PRIVILEGES (ID_PRIVILEGE,STR_PRIVILEGE,DAT_CREATION,ID_CUSTOMER_CREATION) VALUES ('UC_703_MAKER_PRIVILEGE','Maker priv for UC 703',#CURRENT_TIMESTAMP#,0);

INSERT INTO MOB_UMGR_PRIVILEGES (ID_PRIVILEGE,STR_PRIVILEGE,DAT_CREATION,ID_CUSTOMER_CREATION) VALUES ('UC_700_CHECKER_PRIVILEGE','Checker priv for UC 700',#CURRENT_TIMESTAMP#,0);
INSERT INTO MOB_UMGR_PRIVILEGES (ID_PRIVILEGE,STR_PRIVILEGE,DAT_CREATION,ID_CUSTOMER_CREATION) VALUES ('UC_701_CHECKER_PRIVILEGE','Checker priv for UC 701',#CURRENT_TIMESTAMP#,0);
INSERT INTO MOB_UMGR_PRIVILEGES (ID_PRIVILEGE,STR_PRIVILEGE,DAT_CREATION,ID_CUSTOMER_CREATION) VALUES ('UC_702_CHECKER_PRIVILEGE','Checker priv for UC 702',#CURRENT_TIMESTAMP#,0);
INSERT INTO MOB_UMGR_PRIVILEGES (ID_PRIVILEGE,STR_PRIVILEGE,DAT_CREATION,ID_CUSTOMER_CREATION) VALUES ('UC_703_CHECKER_PRIVILEGE','Checker priv for UC 703',#CURRENT_TIMESTAMP#,0);

INSERT INTO MOB_UMGR_PRIVILEGES (ID_PRIVILEGE,STR_PRIVILEGE,DAT_CREATION,ID_CUSTOMER_CREATION) VALUES ('UC_700_EXECUTE_PRIVILEGE','Exec priv for UC 700',#CURRENT_TIMESTAMP#,0);
INSERT INTO MOB_UMGR_PRIVILEGES (ID_PRIVILEGE,STR_PRIVILEGE,DAT_CREATION,ID_CUSTOMER_CREATION) VALUES ('UC_701_EXECUTE_PRIVILEGE','Exec priv for UC 701',#CURRENT_TIMESTAMP#,0);
INSERT INTO MOB_UMGR_PRIVILEGES (ID_PRIVILEGE,STR_PRIVILEGE,DAT_CREATION,ID_CUSTOMER_CREATION) VALUES ('UC_702_EXECUTE_PRIVILEGE','Exec priv for UC 702',#CURRENT_TIMESTAMP#,0);
INSERT INTO MOB_UMGR_PRIVILEGES (ID_PRIVILEGE,STR_PRIVILEGE,DAT_CREATION,ID_CUSTOMER_CREATION) VALUES ('UC_703_EXECUTE_PRIVILEGE','Exec priv for UC 703',#CURRENT_TIMESTAMP#,0);


INSERT INTO MOB_AUTH_MATRIX (ID_ENTITY,ID_USE_CASE,BOL_IS_PAYER,ID_AUTHENTICATION_METHOD_RULE,DAT_CREATION,ID_CUSTOMER_CREATION)VALUES (#SEQ_VAL# * 50,700,'Y',11,#CURRENT_TIMESTAMP#,0);
INSERT INTO MOB_AUTH_MATRIX (ID_ENTITY,ID_USE_CASE,BOL_IS_PAYER,ID_AUTHENTICATION_METHOD_RULE,DAT_CREATION,ID_CUSTOMER_CREATION)VALUES (#SEQ_VAL# * 50,701,'Y',10,#CURRENT_TIMESTAMP#,0);
INSERT INTO MOB_AUTH_MATRIX (ID_ENTITY,ID_USE_CASE,BOL_IS_PAYER,ID_AUTHENTICATION_METHOD_RULE,DAT_CREATION,ID_CUSTOMER_CREATION)VALUES (#SEQ_VAL# * 50,702,'Y',11,#CURRENT_TIMESTAMP#,0);
INSERT INTO MOB_AUTH_MATRIX (ID_ENTITY,ID_USE_CASE,BOL_IS_PAYER,ID_AUTHENTICATION_METHOD_RULE,DAT_CREATION,ID_CUSTOMER_CREATION)VALUES (#SEQ_VAL# * 50,703,'Y',10,#CURRENT_TIMESTAMP#,0);

INSERT INTO MOB_USE_CASE_PRIVILEGES(ID_USE_CASE, ID_PAYER_PRIVILEGE, ID_PAYEE_PRIVILEGE, ID_CALLER_PRIVILEGE, ID_CALLER_PARENT_PRIVILEGE, ID_CALLER_SELF_PRIVILEGE, ID_MAKER_PRIVILEGE, ID_CHECKER_PRIVILEGE, ID_EXECUTE_PRIVILEGE, DAT_CREATION, ID_CUSTOMER_CREATION) VALUES (700, 'UC_700_PAYER_PRIVILEGE' , 'UC_700_PAYEE_PRIVILEGE', 'UC_700_CALLER_PRIVILEGE','UC_700_CALLER_PARENT_PRIVILEGE', 'UC_700_CALLER_SELF_PRIVILEGE', 'UC_700_MAKER_PRIVILEGE', 'UC_700_CHECKER_PRIVILEGE', 'UC_700_EXECUTE_PRIVILEGE', #CURRENT_TIMESTAMP#, 0);
INSERT INTO MOB_USE_CASE_PRIVILEGES(ID_USE_CASE, ID_PAYER_PRIVILEGE, ID_PAYEE_PRIVILEGE, ID_CALLER_PRIVILEGE, ID_CALLER_PARENT_PRIVILEGE, ID_CALLER_SELF_PRIVILEGE, ID_MAKER_PRIVILEGE, ID_CHECKER_PRIVILEGE, ID_EXECUTE_PRIVILEGE, DAT_CREATION, ID_CUSTOMER_CREATION) VALUES (701, 'UC_701_PAYER_PRIVILEGE' , 'UC_701_PAYEE_PRIVILEGE', 'UC_701_CALLER_PRIVILEGE','UC_701_CALLER_PARENT_PRIVILEGE', 'UC_701_CALLER_SELF_PRIVILEGE', 'UC_701_MAKER_PRIVILEGE', 'UC_701_CHECKER_PRIVILEGE', 'UC_701_EXECUTE_PRIVILEGE', #CURRENT_TIMESTAMP#, 0);
INSERT INTO MOB_USE_CASE_PRIVILEGES(ID_USE_CASE, ID_PAYER_PRIVILEGE, ID_PAYEE_PRIVILEGE, ID_CALLER_PRIVILEGE, ID_CALLER_PARENT_PRIVILEGE, ID_CALLER_SELF_PRIVILEGE, ID_MAKER_PRIVILEGE, ID_CHECKER_PRIVILEGE, ID_EXECUTE_PRIVILEGE, DAT_CREATION, ID_CUSTOMER_CREATION) VALUES (702, 'UC_702_PAYER_PRIVILEGE' , 'UC_702_PAYEE_PRIVILEGE', 'UC_702_CALLER_PRIVILEGE','UC_702_CALLER_PARENT_PRIVILEGE', 'UC_702_CALLER_SELF_PRIVILEGE', 'UC_702_MAKER_PRIVILEGE', 'UC_702_CHECKER_PRIVILEGE', 'UC_702_EXECUTE_PRIVILEGE', #CURRENT_TIMESTAMP#, 0);
INSERT INTO MOB_USE_CASE_PRIVILEGES(ID_USE_CASE, ID_PAYER_PRIVILEGE, ID_PAYEE_PRIVILEGE, ID_CALLER_PRIVILEGE, ID_CALLER_PARENT_PRIVILEGE, ID_CALLER_SELF_PRIVILEGE, ID_MAKER_PRIVILEGE, ID_CHECKER_PRIVILEGE, ID_EXECUTE_PRIVILEGE, DAT_CREATION, ID_CUSTOMER_CREATION) VALUES (703, 'UC_703_PAYER_PRIVILEGE' , 'UC_703_PAYEE_PRIVILEGE', 'UC_703_CALLER_PRIVILEGE','UC_703_CALLER_PARENT_PRIVILEGE', 'UC_703_CALLER_SELF_PRIVILEGE', 'UC_703_MAKER_PRIVILEGE', 'UC_703_CHECKER_PRIVILEGE', 'UC_703_EXECUTE_PRIVILEGE', #CURRENT_TIMESTAMP#, 0);

-- new customer attribute type to store the consumers photo url
INSERT INTO MOB_CUSTOMER_ATTRIBUTE_TYPES (ID_CUSTOMER_ATTRIBUTE_TYPE, STR_CUSTOMER_ATTRIBUTE_TYPE,DAT_CREATION,ID_CUSTOMER_CREATION) VALUES (100, 'Photo URL',#CURRENT_TIMESTAMP#,0);

-- attachment Type for pos attachments
INSERT INTO MOB_ATTACHMENT_TYPES (ID_ATTACHMENT_TYPE, STR_ATTACHMENT_TYPE, DAT_CREATION, ID_CUSTOMER_CREATION) VALUES (100, 'Pos Receipt Attachmnets', #CURRENT_TIMESTAMP#, 0);

-- new customer Roles
INSERT INTO MOB_UMGR_ROLES(ID_ROLE, STR_ROLE, DAT_CREATION, ID_CUSTOMER_CREATION) VALUES ('STANDARD_RETAILER', 'Default Pos Retailer', #CURRENT_TIMESTAMP#, 0);
INSERT INTO MOB_UMGR_ROLES(ID_ROLE, STR_ROLE, DAT_CREATION, ID_CUSTOMER_CREATION) VALUES ('STANDARD_STORE', 'Default Pos Store', #CURRENT_TIMESTAMP#, 0);
INSERT INTO MOB_UMGR_ROLES(ID_ROLE, STR_ROLE, DAT_CREATION, ID_CUSTOMER_CREATION) VALUES ('STANDARD_TERMINAL', 'Default Pos Terminal', #CURRENT_TIMESTAMP#, 0);

-- add Pos-Prifs to role 'STANDARD_TERMINAL'
INSERT INTO MOB_UMGR_ROLE_PRIVILEGES(ID_ROLE, ID_PRIVILEGE, DAT_CREATION, ID_CUSTOMER_CREATION) VALUES ('STANDARD_TERMINAL', 'WS_CLOSEPERIOD', #CURRENT_TIMESTAMP#, 0);
INSERT INTO MOB_UMGR_ROLE_PRIVILEGES(ID_ROLE, ID_PRIVILEGE, DAT_CREATION, ID_CUSTOMER_CREATION) VALUES ('STANDARD_TERMINAL', 'WS_GETPERIODSUMMARY', #CURRENT_TIMESTAMP#, 0);
INSERT INTO MOB_UMGR_ROLE_PRIVILEGES(ID_ROLE, ID_PRIVILEGE, DAT_CREATION, ID_CUSTOMER_CREATION) VALUES ('STANDARD_TERMINAL', 'WS_GETBALANCE', #CURRENT_TIMESTAMP#, 0);
INSERT INTO MOB_UMGR_ROLE_PRIVILEGES(ID_ROLE, ID_PRIVILEGE, DAT_CREATION, ID_CUSTOMER_CREATION) VALUES ('STANDARD_TERMINAL', 'WS_ABORTTRANSACTION', #CURRENT_TIMESTAMP#, 0);
INSERT INTO MOB_UMGR_ROLE_PRIVILEGES(ID_ROLE, ID_PRIVILEGE, DAT_CREATION, ID_CUSTOMER_CREATION) VALUES ('STANDARD_TERMINAL', 'WS_PAYMENT', #CURRENT_TIMESTAMP#, 0);
INSERT INTO MOB_UMGR_ROLE_PRIVILEGES(ID_ROLE, ID_PRIVILEGE, DAT_CREATION, ID_CUSTOMER_CREATION) VALUES ('STANDARD_TERMINAL', 'WS_PREAUTHORISEPAYMENT', #CURRENT_TIMESTAMP#, 0);
INSERT INTO MOB_UMGR_ROLE_PRIVILEGES(ID_ROLE, ID_PRIVILEGE, DAT_CREATION, ID_CUSTOMER_CREATION) VALUES ('STANDARD_TERMINAL', 'WS_COMPLETEPAYMENT', #CURRENT_TIMESTAMP#, 0);
INSERT INTO MOB_UMGR_ROLE_PRIVILEGES(ID_ROLE, ID_PRIVILEGE, DAT_CREATION, ID_CUSTOMER_CREATION) VALUES ('STANDARD_TERMINAL', 'WS_CANCELPREAUTHORISEDPAYMENT', #CURRENT_TIMESTAMP#, 0);
INSERT INTO MOB_UMGR_ROLE_PRIVILEGES(ID_ROLE, ID_PRIVILEGE, DAT_CREATION, ID_CUSTOMER_CREATION) VALUES ('STANDARD_TERMINAL', 'WS_REVERSEPAYMENT', #CURRENT_TIMESTAMP#, 0);
INSERT INTO MOB_UMGR_ROLE_PRIVILEGES(ID_ROLE, ID_PRIVILEGE, DAT_CREATION, ID_CUSTOMER_CREATION) VALUES ('STANDARD_TERMINAL', 'WS_REFUND', #CURRENT_TIMESTAMP#, 0);
INSERT INTO MOB_UMGR_ROLE_PRIVILEGES(ID_ROLE, ID_PRIVILEGE, DAT_CREATION, ID_CUSTOMER_CREATION) VALUES ('STANDARD_TERMINAL', 'WS_PREAUTHORISELOAD', #CURRENT_TIMESTAMP#, 0);
INSERT INTO MOB_UMGR_ROLE_PRIVILEGES(ID_ROLE, ID_PRIVILEGE, DAT_CREATION, ID_CUSTOMER_CREATION) VALUES ('STANDARD_TERMINAL', 'WS_COMPLETELOAD', #CURRENT_TIMESTAMP#, 0);
INSERT INTO MOB_UMGR_ROLE_PRIVILEGES(ID_ROLE, ID_PRIVILEGE, DAT_CREATION, ID_CUSTOMER_CREATION) VALUES ('STANDARD_TERMINAL', 'WS_CASHOUT', #CURRENT_TIMESTAMP#, 0);
INSERT INTO MOB_UMGR_ROLE_PRIVILEGES(ID_ROLE, ID_PRIVILEGE, DAT_CREATION, ID_CUSTOMER_CREATION) VALUES ('STANDARD_TERMINAL', 'WS_GETBASKET', #CURRENT_TIMESTAMP#, 0);
INSERT INTO MOB_UMGR_ROLE_PRIVILEGES(ID_ROLE, ID_PRIVILEGE, DAT_CREATION, ID_CUSTOMER_CREATION) VALUES ('STANDARD_TERMINAL', 'WS_GETSHOPPINGDATA', #CURRENT_TIMESTAMP#, 0);
INSERT INTO MOB_UMGR_ROLE_PRIVILEGES(ID_ROLE, ID_PRIVILEGE, DAT_CREATION, ID_CUSTOMER_CREATION) VALUES ('STANDARD_TERMINAL', 'WS_CLOSEBASKET', #CURRENT_TIMESTAMP#, 0);
INSERT INTO MOB_UMGR_ROLE_PRIVILEGES(ID_ROLE, ID_PRIVILEGE, DAT_CREATION, ID_CUSTOMER_CREATION) VALUES ('STANDARD_TERMINAL', 'WS_REDEEMCOUPONS', #CURRENT_TIMESTAMP#, 0);
INSERT INTO MOB_UMGR_ROLE_PRIVILEGES(ID_ROLE, ID_PRIVILEGE, DAT_CREATION, ID_CUSTOMER_CREATION) VALUES ('STANDARD_TERMINAL', 'WS_REACTIVATECOUPONS', #CURRENT_TIMESTAMP#, 0);
INSERT INTO MOB_UMGR_ROLE_PRIVILEGES(ID_ROLE, ID_PRIVILEGE, DAT_CREATION, ID_CUSTOMER_CREATION) VALUES ('STANDARD_TERMINAL', 'WS_ATTACHRECEIPT', #CURRENT_TIMESTAMP#, 0);
INSERT INTO MOB_UMGR_ROLE_PRIVILEGES(ID_ROLE, ID_PRIVILEGE, DAT_CREATION, ID_CUSTOMER_CREATION) VALUES ('STANDARD_TERMINAL', 'WS_ADDCOUPONS', #CURRENT_TIMESTAMP#, 0);
INSERT INTO MOB_UMGR_ROLE_PRIVILEGES(ID_ROLE, ID_PRIVILEGE, DAT_CREATION, ID_CUSTOMER_CREATION) VALUES ('STANDARD_TERMINAL', 'WS_LOYALTYAWARD', #CURRENT_TIMESTAMP#, 0);
INSERT INTO MOB_UMGR_ROLE_PRIVILEGES(ID_ROLE, ID_PRIVILEGE, DAT_CREATION, ID_CUSTOMER_CREATION) VALUES ('STANDARD_TERMINAL', 'WS_LOYALTYAWARDREFUND', #CURRENT_TIMESTAMP#, 0);
INSERT INTO MOB_UMGR_ROLE_PRIVILEGES(ID_ROLE, ID_PRIVILEGE, DAT_CREATION, ID_CUSTOMER_CREATION) VALUES ('STANDARD_TERMINAL', 'WS_LOYALTYAWARDREVERSAL', #CURRENT_TIMESTAMP#, 0);
INSERT INTO MOB_UMGR_ROLE_PRIVILEGES(ID_ROLE, ID_PRIVILEGE, DAT_CREATION, ID_CUSTOMER_CREATION) VALUES ('STANDARD_TERMINAL', 'WS_LOYALTYREDEMPTION', #CURRENT_TIMESTAMP#, 0);
INSERT INTO MOB_UMGR_ROLE_PRIVILEGES(ID_ROLE, ID_PRIVILEGE, DAT_CREATION, ID_CUSTOMER_CREATION) VALUES ('STANDARD_TERMINAL', 'WS_LOYALTYREDEMPTIONREVERSAL', #CURRENT_TIMESTAMP#, 0);
INSERT INTO MOB_UMGR_ROLE_PRIVILEGES(ID_ROLE, ID_PRIVILEGE, DAT_CREATION, ID_CUSTOMER_CREATION) VALUES ('STANDARD_TERMINAL', 'WS_LOYALTYREDEMPTIONREFUND', #CURRENT_TIMESTAMP#, 0);
INSERT INTO MOB_UMGR_ROLE_PRIVILEGES(ID_ROLE, ID_PRIVILEGE, DAT_CREATION, ID_CUSTOMER_CREATION) VALUES ('STANDARD_TERMINAL', 'WS_ADDLOYALTYPROGRAM', #CURRENT_TIMESTAMP#, 0);
INSERT INTO MOB_UMGR_ROLE_PRIVILEGES(ID_ROLE, ID_PRIVILEGE, DAT_CREATION, ID_CUSTOMER_CREATION) VALUES ('STANDARD_TERMINAL', 'WS_GETLOYALTYPROGRAMBALANCE', #CURRENT_TIMESTAMP#, 0);
INSERT INTO MOB_UMGR_ROLE_PRIVILEGES(ID_ROLE, ID_PRIVILEGE, DAT_CREATION, ID_CUSTOMER_CREATION) VALUES ('STANDARD_TERMINAL', 'WS_TRANSACTION', #CURRENT_TIMESTAMP#, 0);
INSERT INTO MOB_UMGR_ROLE_PRIVILEGES(ID_ROLE, ID_PRIVILEGE, DAT_CREATION, ID_CUSTOMER_CREATION) VALUES ('STANDARD_TERMINAL', 'MOBILISER_ACCESS', #CURRENT_TIMESTAMP#, 0);
INSERT INTO MOB_UMGR_ROLE_PRIVILEGES(ID_ROLE, ID_PRIVILEGE, DAT_CREATION, ID_CUSTOMER_CREATION) VALUES ('STANDARD_TERMINAL', 'UC_700_PAYER_PRIVILEGE', #CURRENT_TIMESTAMP#, 0);
INSERT INTO MOB_UMGR_ROLE_PRIVILEGES(ID_ROLE, ID_PRIVILEGE, DAT_CREATION, ID_CUSTOMER_CREATION) VALUES ('STANDARD_TERMINAL', 'UC_700_CALLER_SELF_PRIVILEGE', #CURRENT_TIMESTAMP#, 0);
INSERT INTO MOB_UMGR_ROLE_PRIVILEGES(ID_ROLE, ID_PRIVILEGE, DAT_CREATION, ID_CUSTOMER_CREATION) VALUES ('STANDARD_TERMINAL', 'UC_700_EXECUTE_PRIVILEGE', #CURRENT_TIMESTAMP#, 0);
INSERT INTO MOB_UMGR_ROLE_PRIVILEGES(ID_ROLE, ID_PRIVILEGE, DAT_CREATION, ID_CUSTOMER_CREATION) VALUES ('STANDARD_TERMINAL', 'UC_700_MAKER_PRIVILEGE', #CURRENT_TIMESTAMP#, 0);
INSERT INTO MOB_UMGR_ROLE_PRIVILEGES(ID_ROLE, ID_PRIVILEGE, DAT_CREATION, ID_CUSTOMER_CREATION) VALUES ('STANDARD_TERMINAL', 'UC_701_CALLER_SELF_PRIVILEGE', #CURRENT_TIMESTAMP#, 0);
INSERT INTO MOB_UMGR_ROLE_PRIVILEGES(ID_ROLE, ID_PRIVILEGE, DAT_CREATION, ID_CUSTOMER_CREATION) VALUES ('STANDARD_TERMINAL', 'UC_701_PAYEE_PRIVILEGE', #CURRENT_TIMESTAMP#, 0);
INSERT INTO MOB_UMGR_ROLE_PRIVILEGES(ID_ROLE, ID_PRIVILEGE, DAT_CREATION, ID_CUSTOMER_CREATION) VALUES ('STANDARD_TERMINAL', 'UC_701_EXECUTE_PRIVILEGE', #CURRENT_TIMESTAMP#, 0);
INSERT INTO MOB_UMGR_ROLE_PRIVILEGES(ID_ROLE, ID_PRIVILEGE, DAT_CREATION, ID_CUSTOMER_CREATION) VALUES ('STANDARD_TERMINAL', 'UC_701_MAKER_PRIVILEGE', #CURRENT_TIMESTAMP#, 0);
INSERT INTO MOB_UMGR_ROLE_PRIVILEGES(ID_ROLE, ID_PRIVILEGE, DAT_CREATION, ID_CUSTOMER_CREATION) VALUES ('STANDARD_TERMINAL', 'UC_702_PAYER_PRIVILEGE', #CURRENT_TIMESTAMP#, 0);
INSERT INTO MOB_UMGR_ROLE_PRIVILEGES(ID_ROLE, ID_PRIVILEGE, DAT_CREATION, ID_CUSTOMER_CREATION) VALUES ('STANDARD_TERMINAL', 'UC_702_CALLER_SELF_PRIVILEGE', #CURRENT_TIMESTAMP#, 0);
INSERT INTO MOB_UMGR_ROLE_PRIVILEGES(ID_ROLE, ID_PRIVILEGE, DAT_CREATION, ID_CUSTOMER_CREATION) VALUES ('STANDARD_TERMINAL', 'UC_702_EXECUTE_PRIVILEGE', #CURRENT_TIMESTAMP#, 0);
INSERT INTO MOB_UMGR_ROLE_PRIVILEGES(ID_ROLE, ID_PRIVILEGE, DAT_CREATION, ID_CUSTOMER_CREATION) VALUES ('STANDARD_TERMINAL', 'UC_702_MAKER_PRIVILEGE', #CURRENT_TIMESTAMP#, 0);
INSERT INTO MOB_UMGR_ROLE_PRIVILEGES(ID_ROLE, ID_PRIVILEGE, DAT_CREATION, ID_CUSTOMER_CREATION) VALUES ('STANDARD_TERMINAL', 'UC_703_CALLER_SELF_PRIVILEGE', #CURRENT_TIMESTAMP#, 0);
INSERT INTO MOB_UMGR_ROLE_PRIVILEGES(ID_ROLE, ID_PRIVILEGE, DAT_CREATION, ID_CUSTOMER_CREATION) VALUES ('STANDARD_TERMINAL', 'UC_703_PAYEE_PRIVILEGE', #CURRENT_TIMESTAMP#, 0);
INSERT INTO MOB_UMGR_ROLE_PRIVILEGES(ID_ROLE, ID_PRIVILEGE, DAT_CREATION, ID_CUSTOMER_CREATION) VALUES ('STANDARD_TERMINAL', 'UC_703_EXECUTE_PRIVILEGE', #CURRENT_TIMESTAMP#, 0);
INSERT INTO MOB_UMGR_ROLE_PRIVILEGES(ID_ROLE, ID_PRIVILEGE, DAT_CREATION, ID_CUSTOMER_CREATION) VALUES ('STANDARD_TERMINAL', 'UC_703_MAKER_PRIVILEGE', #CURRENT_TIMESTAMP#, 0);


INSERT INTO MOB_UMGR_ROLE_PRIVILEGES(ID_ROLE, ID_PRIVILEGE, DAT_CREATION, ID_CUSTOMER_CREATION) VALUES ('STANDARD_CONSUMER', 'UC_700_PAYEE_PRIVILEGE', #CURRENT_TIMESTAMP#, 0);
INSERT INTO MOB_UMGR_ROLE_PRIVILEGES(ID_ROLE, ID_PRIVILEGE, DAT_CREATION, ID_CUSTOMER_CREATION) VALUES ('SYSTEM', 'UC_700_CALLER_PRIVILEGE', #CURRENT_TIMESTAMP#, 0);
INSERT INTO MOB_UMGR_ROLE_PRIVILEGES(ID_ROLE, ID_PRIVILEGE, DAT_CREATION, ID_CUSTOMER_CREATION) VALUES ('SYSTEM', 'UC_700_EXECUTE_PRIVILEGE', #CURRENT_TIMESTAMP#, 0);

INSERT INTO MOB_UMGR_ROLE_PRIVILEGES(ID_ROLE, ID_PRIVILEGE, DAT_CREATION, ID_CUSTOMER_CREATION) VALUES ('STANDARD_CONSUMER', 'UC_701_PAYER_PRIVILEGE', #CURRENT_TIMESTAMP#, 0);
INSERT INTO MOB_UMGR_ROLE_PRIVILEGES(ID_ROLE, ID_PRIVILEGE, DAT_CREATION, ID_CUSTOMER_CREATION) VALUES ('SYSTEM', 'UC_701_CALLER_PRIVILEGE', #CURRENT_TIMESTAMP#, 0);
INSERT INTO MOB_UMGR_ROLE_PRIVILEGES(ID_ROLE, ID_PRIVILEGE, DAT_CREATION, ID_CUSTOMER_CREATION) VALUES ('SYSTEM', 'UC_701_EXECUTE_PRIVILEGE', #CURRENT_TIMESTAMP#, 0);

INSERT INTO MOB_UMGR_ROLE_PRIVILEGES(ID_ROLE, ID_PRIVILEGE, DAT_CREATION, ID_CUSTOMER_CREATION) VALUES ('STANDARD_CONSUMER', 'UC_702_PAYEE_PRIVILEGE', #CURRENT_TIMESTAMP#, 0);
INSERT INTO MOB_UMGR_ROLE_PRIVILEGES(ID_ROLE, ID_PRIVILEGE, DAT_CREATION, ID_CUSTOMER_CREATION) VALUES ('SYSTEM', 'UC_702_CALLER_PRIVILEGE', #CURRENT_TIMESTAMP#, 0);
INSERT INTO MOB_UMGR_ROLE_PRIVILEGES(ID_ROLE, ID_PRIVILEGE, DAT_CREATION, ID_CUSTOMER_CREATION) VALUES ('SYSTEM', 'UC_702_EXECUTE_PRIVILEGE', #CURRENT_TIMESTAMP#, 0);

INSERT INTO MOB_UMGR_ROLE_PRIVILEGES(ID_ROLE, ID_PRIVILEGE, DAT_CREATION, ID_CUSTOMER_CREATION) VALUES ('STANDARD_CONSUMER', 'UC_703_PAYER_PRIVILEGE', #CURRENT_TIMESTAMP#, 0);
INSERT INTO MOB_UMGR_ROLE_PRIVILEGES(ID_ROLE, ID_PRIVILEGE, DAT_CREATION, ID_CUSTOMER_CREATION) VALUES ('SYSTEM', 'UC_703_CALLER_PRIVILEGE', #CURRENT_TIMESTAMP#, 0);
INSERT INTO MOB_UMGR_ROLE_PRIVILEGES(ID_ROLE, ID_PRIVILEGE, DAT_CREATION, ID_CUSTOMER_CREATION) VALUES ('SYSTEM', 'UC_703_EXECUTE_PRIVILEGE', #CURRENT_TIMESTAMP#, 0);

-- new customer types
INSERT INTO MOB_CUSTOMER_TYPES(ID_CUSTOMER_TYPE, STR_CUSTOMER_TYPE, ID_UMGR_ROLE, ID_RISK_CATEGORY,ID_SESSION_POLICY, BOL_IS_INTERNAL, DAT_CREATION, ID_CUSTOMER_CREATION) VALUES (150, 'Retailer', 'STANDARD_RETAILER', 0, 1, 'N', #CURRENT_TIMESTAMP#, 0);
INSERT INTO MOB_CUSTOMER_TYPES(ID_CUSTOMER_TYPE, STR_CUSTOMER_TYPE, ID_UMGR_ROLE, ID_RISK_CATEGORY,ID_SESSION_POLICY, BOL_IS_INTERNAL, DAT_CREATION, ID_CUSTOMER_CREATION) VALUES (151, 'Store', 'STANDARD_STORE', 0, 1, 'N', #CURRENT_TIMESTAMP#, 0);
INSERT INTO MOB_CUSTOMER_TYPES(ID_CUSTOMER_TYPE, STR_CUSTOMER_TYPE, ID_UMGR_ROLE, ID_RISK_CATEGORY,ID_SESSION_POLICY, BOL_IS_INTERNAL, DAT_CREATION, ID_CUSTOMER_CREATION) VALUES (152, 'Terminal', 'STANDARD_TERMINAL', 0, 1, 'N', #CURRENT_TIMESTAMP#, 0);

INSERT INTO MOB_CUST_TYPES_CRED_POLICIES(ID_ENTITY, ID_CUSTOMER_TYPE, ID_CREDENTIAL_TYPE, ID_CREDENTIAL_POLICY, DAT_CREATION, ID_CUSTOMER_CREATION) VALUES (#SEQ_VAL# * 50, 150, 1, 2, #CURRENT_TIMESTAMP#, 0);
INSERT INTO MOB_CUST_TYPES_CRED_POLICIES(ID_ENTITY, ID_CUSTOMER_TYPE, ID_CREDENTIAL_TYPE, ID_CREDENTIAL_POLICY, DAT_CREATION, ID_CUSTOMER_CREATION) VALUES (#SEQ_VAL# * 50, 151, 1, 2, #CURRENT_TIMESTAMP#, 0);
INSERT INTO MOB_CUST_TYPES_CRED_POLICIES(ID_ENTITY, ID_CUSTOMER_TYPE, ID_CREDENTIAL_TYPE, ID_CREDENTIAL_POLICY, DAT_CREATION, ID_CUSTOMER_CREATION) VALUES (#SEQ_VAL# * 50, 152, 1, 2, #CURRENT_TIMESTAMP#, 0);

