

-- Generating merchant hierarchy
INSERT INTO MOB_CUSTOMERS (ID_CUSTOMER,ID_ORGUNIT,ID_BLACKLISTREASON,ID_PARENT,BOL_IS_ACTIVE,BOL_IS_TEST,STR_DISPLAY_NAME,ID_LANGUAGE,ID_COUNTRY,STR_SECURITY_QUESTION,STR_SECURITY_ANSWER,ID_TIME_ZONE,DAT_DATE_OF_BIRTH,ID_RISK_CATEGORY,ID_CUSTOMER_TYPE,ID_CANCELLATION_REASON,STR_REFERRAL_CODE,STR_TXN_TEXT,PRC_FEE_VAT,ID_FEE_SET,ID_LIMIT_SET,ID_NOTIFICATION_MODE,DAT_CREATION,ID_CUSTOMER_CREATION) VALUES (7001,'0000',0,null,'Y','N','SAP','en',null,null,null,null,null,null,150,0,null,null,null,null,null,0,#CURRENT_TIMESTAMP#,0);
INSERT INTO MOB_CUSTOMERS (ID_CUSTOMER,ID_ORGUNIT,ID_BLACKLISTREASON,ID_PARENT,BOL_IS_ACTIVE,BOL_IS_TEST,STR_DISPLAY_NAME,ID_LANGUAGE,ID_COUNTRY,STR_SECURITY_QUESTION,STR_SECURITY_ANSWER,ID_TIME_ZONE,DAT_DATE_OF_BIRTH,ID_RISK_CATEGORY,ID_CUSTOMER_TYPE,ID_CANCELLATION_REASON,STR_REFERRAL_CODE,STR_TXN_TEXT,PRC_FEE_VAT,ID_FEE_SET,ID_LIMIT_SET,ID_NOTIFICATION_MODE,DAT_CREATION,ID_CUSTOMER_CREATION) VALUES (7002,'0000',0,7001,'Y','N','SAP MWC Store','en',null,null,null,null,null,null,151,0,null,null,null,null,null,0,#CURRENT_TIMESTAMP#,0);
INSERT INTO MOB_CUSTOMERS (ID_CUSTOMER,ID_ORGUNIT,ID_BLACKLISTREASON,ID_PARENT,BOL_IS_ACTIVE,BOL_IS_TEST,STR_DISPLAY_NAME,ID_LANGUAGE,ID_COUNTRY,STR_SECURITY_QUESTION,STR_SECURITY_ANSWER,ID_TIME_ZONE,DAT_DATE_OF_BIRTH,ID_RISK_CATEGORY,ID_CUSTOMER_TYPE,ID_CANCELLATION_REASON,STR_REFERRAL_CODE,STR_TXN_TEXT,PRC_FEE_VAT,ID_FEE_SET,ID_LIMIT_SET,ID_NOTIFICATION_MODE,DAT_CREATION,ID_CUSTOMER_CREATION) VALUES (7004,'0000',0,7002,'Y','N','SAP Cola @ MWC','en',null,null,null,null,null,null,152,0,null,null,null,null,null,0,#CURRENT_TIMESTAMP#,0);
INSERT INTO MOB_CUSTOMERS (ID_CUSTOMER,ID_ORGUNIT,ID_BLACKLISTREASON,ID_PARENT,BOL_IS_ACTIVE,BOL_IS_TEST,STR_DISPLAY_NAME,ID_LANGUAGE,ID_COUNTRY,STR_SECURITY_QUESTION,STR_SECURITY_ANSWER,ID_TIME_ZONE,DAT_DATE_OF_BIRTH,ID_RISK_CATEGORY,ID_CUSTOMER_TYPE,ID_CANCELLATION_REASON,STR_REFERRAL_CODE,STR_TXN_TEXT,PRC_FEE_VAT,ID_FEE_SET,ID_LIMIT_SET,ID_NOTIFICATION_MODE,DAT_CREATION,ID_CUSTOMER_CREATION) VALUES (7003,'0000',0,7002,'Y','N','SAP Fund In @ MWC','en',null,null,null,null,null,null,152,0,null,null,null,null,null,0,#CURRENT_TIMESTAMP#,0);
INSERT INTO MOB_CUSTOMERS (ID_CUSTOMER,ID_ORGUNIT,ID_BLACKLISTREASON,ID_PARENT,BOL_IS_ACTIVE,BOL_IS_TEST,STR_DISPLAY_NAME,ID_LANGUAGE,ID_COUNTRY,STR_SECURITY_QUESTION,STR_SECURITY_ANSWER,ID_TIME_ZONE,DAT_DATE_OF_BIRTH,ID_RISK_CATEGORY,ID_CUSTOMER_TYPE,ID_CANCELLATION_REASON,STR_REFERRAL_CODE,STR_TXN_TEXT,PRC_FEE_VAT,ID_FEE_SET,ID_LIMIT_SET,ID_NOTIFICATION_MODE,DAT_CREATION,ID_CUSTOMER_CREATION) VALUES (7005,'0000',0,7002,'Y','N','SAP Agent @ MWC','en',null,null,null,null,null,null,3,0,null,null,null,null,null,0,#CURRENT_TIMESTAMP#,0);

-- INSERTING into MOB_ADDRESSES
-- new poi type: SAP Offices
INSERT INTO MOB_LOCATION_TYPES (ID_TYPE,STR_TYPE,DAT_CREATION,ID_CUSTOMER_CREATION) VALUES (102,'SAP Cola Outlets',#CURRENT_TIMESTAMP#,0);
INSERT INTO MOB_ADDRESSES (ID_ADDRESS,ID_CUSTOMER,ID_ADDRESS_TYPE,ID_ADDRESS_STATUS,ID_GENDER,STR_FIRST_NAME,STR_MIDDLE_NAME,STR_LAST_NAME,STR_TITLE,STR_COMPANY1,STR_COMPANY2,STR_COMPANY_SHORTNAME,STR_POSITION,STR_STREET1,STR_STREET2,STR_HOUSE_NUMBER,STR_ZIP,STR_CITY,STR_STATE,ID_COUNTRY,STR_PHONE1,STR_PHONE2,STR_FAX,STR_EMAIL,STR_URL,DAT_ADDRESS_SINCE,STR_NAME_ADDRESS,ID_LOCATION_TYPE,GEO_LATITUDE,GEO_LONGITUDE,INT_ACCURACY,DAT_CREATION,ID_CUSTOMER_CREATION) VALUES (#SEQ_VAL# * 50,7001,10,0,null,null,null,null,null,'SAP AG','FRA50',null,null,'Mainzer Landstrasse',null,'15','60329','Frankfurt am Main',null,'DE',null,null,null,null,null,null,null,102,50.1118247,8.66723,null,#CURRENT_TIMESTAMP#,0);
INSERT INTO MOB_ADDRESSES (ID_ADDRESS,ID_CUSTOMER,ID_ADDRESS_TYPE,ID_ADDRESS_STATUS,ID_GENDER,STR_FIRST_NAME,STR_MIDDLE_NAME,STR_LAST_NAME,STR_TITLE,STR_COMPANY1,STR_COMPANY2,STR_COMPANY_SHORTNAME,STR_POSITION,STR_STREET1,STR_STREET2,STR_HOUSE_NUMBER,STR_ZIP,STR_CITY,STR_STATE,ID_COUNTRY,STR_PHONE1,STR_PHONE2,STR_FAX,STR_EMAIL,STR_URL,DAT_ADDRESS_SINCE,STR_NAME_ADDRESS,ID_LOCATION_TYPE,GEO_LATITUDE,GEO_LONGITUDE,INT_ACCURACY,DAT_CREATION,ID_CUSTOMER_CREATION) VALUES (#SEQ_VAL# * 50,7001,10,0,null,null,null,null,null,'SAP AG','FRA51',null,null,'Am Prime Parc',null,'13','65479','Raunheim',null,'DE',null,null,null,null,null,null,null,102,50.0157809,8.46109,null,#CURRENT_TIMESTAMP#,0);
INSERT INTO MOB_ADDRESSES (ID_ADDRESS,ID_CUSTOMER,ID_ADDRESS_TYPE,ID_ADDRESS_STATUS,ID_GENDER,STR_FIRST_NAME,STR_MIDDLE_NAME,STR_LAST_NAME,STR_TITLE,STR_COMPANY1,STR_COMPANY2,STR_COMPANY_SHORTNAME,STR_POSITION,STR_STREET1,STR_STREET2,STR_HOUSE_NUMBER,STR_ZIP,STR_CITY,STR_STATE,ID_COUNTRY,STR_PHONE1,STR_PHONE2,STR_FAX,STR_EMAIL,STR_URL,DAT_ADDRESS_SINCE,STR_NAME_ADDRESS,ID_LOCATION_TYPE,GEO_LATITUDE,GEO_LONGITUDE,INT_ACCURACY,DAT_CREATION,ID_CUSTOMER_CREATION) VALUES (#SEQ_VAL# * 50,7001,10,0,null,null,null,null,null,'Sybase Inc.','DUB50',null,null,'Sybase Drive',null,'1','94568','Dublin CA',null,'US',null,null,null,null,null,null,null,102,37.70687,-121.890136,null,#CURRENT_TIMESTAMP#,0);
INSERT INTO MOB_ADDRESSES (ID_ADDRESS,ID_CUSTOMER,ID_ADDRESS_TYPE,ID_ADDRESS_STATUS,ID_GENDER,STR_FIRST_NAME,STR_MIDDLE_NAME,STR_LAST_NAME,STR_TITLE,STR_COMPANY1,STR_COMPANY2,STR_COMPANY_SHORTNAME,STR_POSITION,STR_STREET1,STR_STREET2,STR_HOUSE_NUMBER,STR_ZIP,STR_CITY,STR_STATE,ID_COUNTRY,STR_PHONE1,STR_PHONE2,STR_FAX,STR_EMAIL,STR_URL,DAT_ADDRESS_SINCE,STR_NAME_ADDRESS,ID_LOCATION_TYPE,GEO_LATITUDE,GEO_LONGITUDE,INT_ACCURACY,DAT_CREATION,ID_CUSTOMER_CREATION) VALUES (#SEQ_VAL# * 50,7001,10,0,null,null,null,null,null,'SAP AG','WDF01',null,null,'Dietmar-Hopp-Allee',null,'16','69190','Walldorf',null,'DE',null,null,null,null,null,null,null,102,49.293344,8.4619648,null,#CURRENT_TIMESTAMP#,0);
INSERT INTO MOB_ADDRESSES (ID_ADDRESS,ID_CUSTOMER,ID_ADDRESS_TYPE,ID_ADDRESS_STATUS,ID_GENDER,STR_FIRST_NAME,STR_MIDDLE_NAME,STR_LAST_NAME,STR_TITLE,STR_COMPANY1,STR_COMPANY2,STR_COMPANY_SHORTNAME,STR_POSITION,STR_STREET1,STR_STREET2,STR_HOUSE_NUMBER,STR_ZIP,STR_CITY,STR_STATE,ID_COUNTRY,STR_PHONE1,STR_PHONE2,STR_FAX,STR_EMAIL,STR_URL,DAT_ADDRESS_SINCE,STR_NAME_ADDRESS,ID_LOCATION_TYPE,GEO_LATITUDE,GEO_LONGITUDE,INT_ACCURACY,DAT_CREATION,ID_CUSTOMER_CREATION) VALUES (#SEQ_VAL# * 50,7001,10,0,null,null,null,null,null,'SAP Asia','SIN05',null,null,'Mapletree Business City','Pasir Panjang','30','117440','Singapore',null,'SG',null,null,null,null,null,null,null,102,1.275014,103.798165,null,#CURRENT_TIMESTAMP#,0);

INSERT INTO MOB_CUSTOMERS_IDENTIFICATIONS (ID_CUSTOMER_IDENTIFICATION,ID_CUSTOMER,ID_IDENTIFICATION_TYPE,STR_IDENTIFICATION,BOL_IS_ACTIVE,ID_PROVIDER,ID_IDENTIFICATION_STATUS,ID_ORGUNIT) VALUES (#SEQ_VAL# * 50,7001,1,'7001','Y',null,0,null);
INSERT INTO MOB_CUSTOMERS_IDENTIFICATIONS (ID_CUSTOMER_IDENTIFICATION,ID_CUSTOMER,ID_IDENTIFICATION_TYPE,STR_IDENTIFICATION,BOL_IS_ACTIVE,ID_PROVIDER,ID_IDENTIFICATION_STATUS,ID_ORGUNIT) VALUES (#SEQ_VAL# * 50,7002,1,'7002','Y',null,0,null);
INSERT INTO MOB_CUSTOMERS_IDENTIFICATIONS (ID_CUSTOMER_IDENTIFICATION,ID_CUSTOMER,ID_IDENTIFICATION_TYPE,STR_IDENTIFICATION,BOL_IS_ACTIVE,ID_PROVIDER,ID_IDENTIFICATION_STATUS,ID_ORGUNIT) VALUES (#SEQ_VAL# * 50,7003,1,'7003','Y',null,0,null);
INSERT INTO MOB_CUSTOMERS_IDENTIFICATIONS (ID_CUSTOMER_IDENTIFICATION,ID_CUSTOMER,ID_IDENTIFICATION_TYPE,STR_IDENTIFICATION,BOL_IS_ACTIVE,ID_PROVIDER,ID_IDENTIFICATION_STATUS,ID_ORGUNIT) VALUES (#SEQ_VAL# * 50,7004,1,'7004','Y',null,0,null);
INSERT INTO MOB_CUSTOMERS_IDENTIFICATIONS (ID_CUSTOMER_IDENTIFICATION,ID_CUSTOMER,ID_IDENTIFICATION_TYPE,STR_IDENTIFICATION,BOL_IS_ACTIVE,ID_PROVIDER,ID_IDENTIFICATION_STATUS,ID_ORGUNIT) VALUES (#SEQ_VAL# * 50,7005,1,'7005','Y',null,0,null);
INSERT INTO MOB_CUSTOMERS_IDENTIFICATIONS (ID_CUSTOMER_IDENTIFICATION,ID_CUSTOMER,ID_IDENTIFICATION_TYPE,STR_IDENTIFICATION,BOL_IS_ACTIVE,ID_PROVIDER,ID_IDENTIFICATION_STATUS,ID_ORGUNIT) VALUES (#SEQ_VAL# * 50,7002,5,'sapshop','Y',null,0,null);
INSERT INTO MOB_CUSTOMERS_IDENTIFICATIONS (ID_CUSTOMER_IDENTIFICATION,ID_CUSTOMER,ID_IDENTIFICATION_TYPE,STR_IDENTIFICATION,BOL_IS_ACTIVE,ID_PROVIDER,ID_IDENTIFICATION_STATUS,ID_ORGUNIT) VALUES (#SEQ_VAL# * 50,7003,5,'saptopup','Y',null,0,null);
INSERT INTO MOB_CUSTOMERS_IDENTIFICATIONS (ID_CUSTOMER_IDENTIFICATION,ID_CUSTOMER,ID_IDENTIFICATION_TYPE,STR_IDENTIFICATION,BOL_IS_ACTIVE,ID_PROVIDER,ID_IDENTIFICATION_STATUS,ID_ORGUNIT) VALUES (#SEQ_VAL# * 50,7004,5,'sapvending','Y',null,0,null);
INSERT INTO MOB_CUSTOMERS_IDENTIFICATIONS (ID_CUSTOMER_IDENTIFICATION,ID_CUSTOMER,ID_IDENTIFICATION_TYPE,STR_IDENTIFICATION,BOL_IS_ACTIVE,ID_PROVIDER,ID_IDENTIFICATION_STATUS,ID_ORGUNIT) VALUES (#SEQ_VAL# * 50,7005,5,'sapagent','Y',null,0,null);

-- Credentials
-- sapvending/secret
INSERT INTO MOB_CUSTOMERS_CREDENTIALS (ID_CUSTOMER_CREDENTIAL,ID_CUSTOMER,ID_CREDENTIAL_TYPE,STR_CREDENTIAL,BOL_IS_ACTIVE,ID_CREDENTIAL_STATUS,INT_WRONG_CREDENTIALS,DAT_BLOCKED_UNTIL,DAT_CREATION,ID_CUSTOMER_CREATION) VALUES (#SEQ_VAL# * 50,7004,1,'{BCRYPT:10}$2a$10$Vm4WpbEgKlyJwRX7kn3Bh.BUpg/C4SIbqAVFI6CHBYMln6db5bouC','Y',0,0,null,#CURRENT_TIMESTAMP_CREDENTIAL#,0);
-- saptopup/secret
INSERT INTO MOB_CUSTOMERS_CREDENTIALS (ID_CUSTOMER_CREDENTIAL,ID_CUSTOMER,ID_CREDENTIAL_TYPE,STR_CREDENTIAL,BOL_IS_ACTIVE,ID_CREDENTIAL_STATUS,INT_WRONG_CREDENTIALS,DAT_BLOCKED_UNTIL,DAT_CREATION,ID_CUSTOMER_CREATION) VALUES (#SEQ_VAL# * 50,7003,1,'{BCRYPT:10}$2a$10$ExWHYNxjZCL/yPHxt5LA4uEx0W3pN8XlDfTktyTfLBE8ve6JXuhGy','Y',0,0,null,#CURRENT_TIMESTAMP_CREDENTIAL#,0);
-- sapshop/secret
INSERT INTO MOB_CUSTOMERS_CREDENTIALS (ID_CUSTOMER_CREDENTIAL,ID_CUSTOMER,ID_CREDENTIAL_TYPE,STR_CREDENTIAL,BOL_IS_ACTIVE,ID_CREDENTIAL_STATUS,INT_WRONG_CREDENTIALS,DAT_BLOCKED_UNTIL,DAT_CREATION,ID_CUSTOMER_CREATION) VALUES (#SEQ_VAL# * 50,7002,1,'{BCRYPT:10}$2a$10$3u31XpXnm1Q9ov1BqnIQM.vVqShMDGe1JVwlsDcsHgPmW0bm6YF/6','Y',0,0,null,#CURRENT_TIMESTAMP_CREDENTIAL#,0);
-- sapagent/secret
INSERT INTO MOB_CUSTOMERS_CREDENTIALS (ID_CUSTOMER_CREDENTIAL,ID_CUSTOMER,ID_CREDENTIAL_TYPE,STR_CREDENTIAL,BOL_IS_ACTIVE,ID_CREDENTIAL_STATUS,INT_WRONG_CREDENTIALS,DAT_BLOCKED_UNTIL,DAT_CREATION,ID_CUSTOMER_CREATION) VALUES (#SEQ_VAL# * 50,7005,1,'{BCRYPT:10}$2a$10$3u31XpXnm1Q9ov1BqnIQM.vVqShMDGe1JVwlsDcsHgPmW0bm6YF/6','Y',0,0,null,#CURRENT_TIMESTAMP_CREDENTIAL#,0);

-- central SVA for shop
INSERT INTO MOB_PIS (ID_PI,ID_PI_TYPE,ID_LIMIT_SET,ID_CUSTOMER,BOL_IS_ACTIVE,ID_CURRENCY,BOL_MULTI_CURRENCY,BOL_CREDIT_ALLOWED,BOL_DEBIT_ALLOWED,ID_CLEARING_MODE,ID_FEE_CLEARING_MODE,ID_ENTITY_STATUS,STR_HASH,DAT_CREATION,ID_CUSTOMER_CREATION) VALUES (7002,0,null,7002,'Y','EUR','Y',null,null,'DC',null,0,null,#CURRENT_TIMESTAMP#,0);
INSERT INTO MOB_SVA (ID_PI,AMNT_DEBIT_BALANCE,AMNT_CREDIT_BALANCE,AMNT_DEBIT_RESERVED,AMNT_CREDIT_RESERVED,AMNT_MAX_BALANCE,AMNT_MIN_BALANCE,DAT_CREATION,ID_CUSTOMER_CREATION) VALUES (7002,0,200000000,0,0,99999999999999999,-99999999999999999,#CURRENT_TIMESTAMP#,0);
INSERT INTO MOB_WALLET (ID_ENTITY,ID_CUSTOMER,ID_PI,INT_CREDIT_PRIO,INT_DEBIT_PRIO,DAT_CREATION,ID_CUSTOMER_CREATION) VALUES (#SEQ_VAL# * 50,7002,7002,0,0,#CURRENT_TIMESTAMP#,0);
INSERT INTO MOB_WALLET (ID_ENTITY,ID_CUSTOMER,ID_PI,INT_CREDIT_PRIO,INT_DEBIT_PRIO,DAT_CREATION,ID_CUSTOMER_CREATION) VALUES (#SEQ_VAL# * 50,7003,7002,0,0,#CURRENT_TIMESTAMP#,0);
INSERT INTO MOB_WALLET (ID_ENTITY,ID_CUSTOMER,ID_PI,INT_CREDIT_PRIO,INT_DEBIT_PRIO,DAT_CREATION,ID_CUSTOMER_CREATION) VALUES (#SEQ_VAL# * 50,7004,7002,0,0,#CURRENT_TIMESTAMP#,0);
INSERT INTO MOB_WALLET (ID_ENTITY,ID_CUSTOMER,ID_PI,INT_CREDIT_PRIO,INT_DEBIT_PRIO,DAT_CREATION,ID_CUSTOMER_CREATION) VALUES (#SEQ_VAL# * 50,7005,7002,0,0,#CURRENT_TIMESTAMP#,0);

--
INSERT INTO MOB_PREFERENCES (ID_PREFERENCE,STR_PATH,STR_NAME,STR_VALUE,STR_TYPE,STR_DESCRIPTION,DAT_CREATION,ID_CUSTOMER_CREATION) VALUES (#SEQ_VAL# * 50,'/businesslayer/system/com/sybase365/mobiliser/module/pos/businesslogic/impl/PaymentLogic/','internal.service.username','mobiliser','java.lang.String','internal service user',#CURRENT_TIMESTAMP#,0);

-- Coupon Type
INSERT INTO CPN_COUPON_TYPES (ID_COUPON_TYPE,ID_ISSUER, STR_COUPON_TYPE, BOL_IS_ACTIVE, BOL_IS_PUBLIC, BOL_USER_CAN_RESTORE, INT_MAX_USES, ID_CODE_TYPE,DAT_ISSUE_FROM) VALUES (7001,202,'SAP MWC Discount','Y','Y','N',1,1,#COUPON_START_DATE#);
INSERT INTO CPN_CPN_TYPES_DESCRIPTIONS(ID_ENTITY, ID_COUPON_TYPE, STR_CAPTION, STR_MIME_TYPE) VALUES (#SEQ_VAL# * 50,7001,'SAP MWC Discount','text/plain');
INSERT INTO CPN_CPN_TYPES_DESCRIPTIONS(ID_ENTITY, ID_COUPON_TYPE, STR_CAPTION, STR_MIME_TYPE,STR_LOCALE) VALUES (#SEQ_VAL# * 50,7001,'SAP Cola: Zahle nur die Hlfte','text/plain','de');

INSERT INTO CPN_BATCH (ID_BATCH, DAT_CREATION, ID_CUSTOMER_CREATION, DAT_LAST_UPDATE, ID_CUSTOMER_ACTIVATION, ID_COUPON_TYPE, BOL_IS_ACTIVE, DAT_ISSUE_FROM, DAT_ISSUE_TO, ID_COUPON_STATUS) VALUES (7002,#CURRENT_TIMESTAMP#,0,#CURRENT_TIMESTAMP#,100,7001,'Y',#CURRENT_TIMESTAMP#,#COUPON_END_DATE#,10);

INSERT INTO CPN_BATCH_SEGMENTS (DAT_CREATION, ID_CUSTOMER_CREATION, DAT_LAST_UPDATE, ID_CUSTOMER_LAST_UPDATE, ID_BATCH, BOL_IS_SEGMENT_LOCKED, DAT_LOCKED_UNTIL, INT_QUANTITY, INT_USED, ID_BATCH_SEGMENT) VALUES (#CURRENT_TIMESTAMP#,0,#CURRENT_TIMESTAMP#,100,7002,'N',null,10000000,0,7010);
INSERT INTO CPN_BATCH_SEGMENTS (DAT_CREATION, ID_CUSTOMER_CREATION, DAT_LAST_UPDATE, ID_CUSTOMER_LAST_UPDATE, ID_BATCH, BOL_IS_SEGMENT_LOCKED, DAT_LOCKED_UNTIL, INT_QUANTITY, INT_USED, ID_BATCH_SEGMENT) VALUES (#CURRENT_TIMESTAMP#,0,#CURRENT_TIMESTAMP#,100,7002,'N',null,10000000,0,7011);
INSERT INTO CPN_BATCH_SEGMENTS (DAT_CREATION, ID_CUSTOMER_CREATION, DAT_LAST_UPDATE, ID_CUSTOMER_LAST_UPDATE, ID_BATCH, BOL_IS_SEGMENT_LOCKED, DAT_LOCKED_UNTIL, INT_QUANTITY, INT_USED, ID_BATCH_SEGMENT) VALUES (#CURRENT_TIMESTAMP#,0,#CURRENT_TIMESTAMP#,100,7002,'N',null,10000000,0,7012);
INSERT INTO CPN_BATCH_SEGMENTS (DAT_CREATION, ID_CUSTOMER_CREATION, DAT_LAST_UPDATE, ID_CUSTOMER_LAST_UPDATE, ID_BATCH, BOL_IS_SEGMENT_LOCKED, DAT_LOCKED_UNTIL, INT_QUANTITY, INT_USED, ID_BATCH_SEGMENT) VALUES (#CURRENT_TIMESTAMP#,0,#CURRENT_TIMESTAMP#,100,7002,'N',null,10000000,0,7013);
INSERT INTO CPN_BATCH_SEGMENTS (DAT_CREATION, ID_CUSTOMER_CREATION, DAT_LAST_UPDATE, ID_CUSTOMER_LAST_UPDATE, ID_BATCH, BOL_IS_SEGMENT_LOCKED, DAT_LOCKED_UNTIL, INT_QUANTITY, INT_USED, ID_BATCH_SEGMENT) VALUES (#CURRENT_TIMESTAMP#,0,#CURRENT_TIMESTAMP#,100,7002,'N',null,10000000,0,7014);
INSERT INTO CPN_BATCH_SEGMENTS (DAT_CREATION, ID_CUSTOMER_CREATION, DAT_LAST_UPDATE, ID_CUSTOMER_LAST_UPDATE, ID_BATCH, BOL_IS_SEGMENT_LOCKED, DAT_LOCKED_UNTIL, INT_QUANTITY, INT_USED, ID_BATCH_SEGMENT) VALUES (#CURRENT_TIMESTAMP#,0,#CURRENT_TIMESTAMP#,100,7002,'N',null,10000000,0,7015);
INSERT INTO CPN_BATCH_SEGMENTS (DAT_CREATION, ID_CUSTOMER_CREATION, DAT_LAST_UPDATE, ID_CUSTOMER_LAST_UPDATE, ID_BATCH, BOL_IS_SEGMENT_LOCKED, DAT_LOCKED_UNTIL, INT_QUANTITY, INT_USED, ID_BATCH_SEGMENT) VALUES (#CURRENT_TIMESTAMP#,0,#CURRENT_TIMESTAMP#,100,7002,'N',null,10000000,0,7016);
INSERT INTO CPN_BATCH_SEGMENTS (DAT_CREATION, ID_CUSTOMER_CREATION, DAT_LAST_UPDATE, ID_CUSTOMER_LAST_UPDATE, ID_BATCH, BOL_IS_SEGMENT_LOCKED, DAT_LOCKED_UNTIL, INT_QUANTITY, INT_USED, ID_BATCH_SEGMENT) VALUES (#CURRENT_TIMESTAMP#,0,#CURRENT_TIMESTAMP#,100,7002,'N',null,10000000,0,7017);
INSERT INTO CPN_BATCH_SEGMENTS (DAT_CREATION, ID_CUSTOMER_CREATION, DAT_LAST_UPDATE, ID_CUSTOMER_LAST_UPDATE, ID_BATCH, BOL_IS_SEGMENT_LOCKED, DAT_LOCKED_UNTIL, INT_QUANTITY, INT_USED, ID_BATCH_SEGMENT) VALUES (#CURRENT_TIMESTAMP#,0,#CURRENT_TIMESTAMP#,100,7002,'N',null,10000000,0,7018);
INSERT INTO CPN_BATCH_SEGMENTS (DAT_CREATION, ID_CUSTOMER_CREATION, DAT_LAST_UPDATE, ID_CUSTOMER_LAST_UPDATE, ID_BATCH, BOL_IS_SEGMENT_LOCKED, DAT_LOCKED_UNTIL, INT_QUANTITY, INT_USED, ID_BATCH_SEGMENT) VALUES (#CURRENT_TIMESTAMP#,0,#CURRENT_TIMESTAMP#,100,7002,'N',null,10000000,0,7019);

INSERT INTO CPN_COUPONS (DAT_CREATION, ID_CUSTOMER_CREATION, DAT_LAST_UPDATE, ID_CUSTOMER_LAST_UPDATE, ID_BATCH_SEGMENT, BIN_CODE, STR_CODE, ID_COUPON_TYPE, INT_GONE, STR_CODE_HASH, INT_QUANTITY, ID_REDEEMED_AT, DAT_REDEEMED, STR_SERIAL_NUMBER, ID_COUPON_STATUS, DAT_VALID_TO, ID_COUPON) VALUES (#CURRENT_TIMESTAMP#,0,#CURRENT_TIMESTAMP#,0,7010,null,'Enjoy 50% discount on any item during your next purchase.',7001,0,null,10000000,null,null,'08/15',10,#COUPON_END_DATE#,7020);
INSERT INTO CPN_COUPONS (DAT_CREATION, ID_CUSTOMER_CREATION, DAT_LAST_UPDATE, ID_CUSTOMER_LAST_UPDATE, ID_BATCH_SEGMENT, BIN_CODE, STR_CODE, ID_COUPON_TYPE, INT_GONE, STR_CODE_HASH, INT_QUANTITY, ID_REDEEMED_AT, DAT_REDEEMED, STR_SERIAL_NUMBER, ID_COUPON_STATUS, DAT_VALID_TO, ID_COUPON) VALUES (#CURRENT_TIMESTAMP#,0,#CURRENT_TIMESTAMP#,0,7011,null,'Enjoy 50% discount on any item during your next purchase.',7001,0,null,10000000,null,null,'08/15',10,#COUPON_END_DATE#,7021);
INSERT INTO CPN_COUPONS (DAT_CREATION, ID_CUSTOMER_CREATION, DAT_LAST_UPDATE, ID_CUSTOMER_LAST_UPDATE, ID_BATCH_SEGMENT, BIN_CODE, STR_CODE, ID_COUPON_TYPE, INT_GONE, STR_CODE_HASH, INT_QUANTITY, ID_REDEEMED_AT, DAT_REDEEMED, STR_SERIAL_NUMBER, ID_COUPON_STATUS, DAT_VALID_TO, ID_COUPON) VALUES (#CURRENT_TIMESTAMP#,0,#CURRENT_TIMESTAMP#,0,7012,null,'Enjoy 50% discount on any item during your next purchase.',7001,0,null,10000000,null,null,'08/15',10,#COUPON_END_DATE#,7022);
INSERT INTO CPN_COUPONS (DAT_CREATION, ID_CUSTOMER_CREATION, DAT_LAST_UPDATE, ID_CUSTOMER_LAST_UPDATE, ID_BATCH_SEGMENT, BIN_CODE, STR_CODE, ID_COUPON_TYPE, INT_GONE, STR_CODE_HASH, INT_QUANTITY, ID_REDEEMED_AT, DAT_REDEEMED, STR_SERIAL_NUMBER, ID_COUPON_STATUS, DAT_VALID_TO, ID_COUPON) VALUES (#CURRENT_TIMESTAMP#,0,#CURRENT_TIMESTAMP#,0,7013,null,'Enjoy 50% discount on any item during your next purchase.',7001,0,null,10000000,null,null,'08/15',10,#COUPON_END_DATE#,7023);
INSERT INTO CPN_COUPONS (DAT_CREATION, ID_CUSTOMER_CREATION, DAT_LAST_UPDATE, ID_CUSTOMER_LAST_UPDATE, ID_BATCH_SEGMENT, BIN_CODE, STR_CODE, ID_COUPON_TYPE, INT_GONE, STR_CODE_HASH, INT_QUANTITY, ID_REDEEMED_AT, DAT_REDEEMED, STR_SERIAL_NUMBER, ID_COUPON_STATUS, DAT_VALID_TO, ID_COUPON) VALUES (#CURRENT_TIMESTAMP#,0,#CURRENT_TIMESTAMP#,0,7014,null,'Enjoy 50% discount on any item during your next purchase.',7001,0,null,10000000,null,null,'08/15',10,#COUPON_END_DATE#,7024);
INSERT INTO CPN_COUPONS (DAT_CREATION, ID_CUSTOMER_CREATION, DAT_LAST_UPDATE, ID_CUSTOMER_LAST_UPDATE, ID_BATCH_SEGMENT, BIN_CODE, STR_CODE, ID_COUPON_TYPE, INT_GONE, STR_CODE_HASH, INT_QUANTITY, ID_REDEEMED_AT, DAT_REDEEMED, STR_SERIAL_NUMBER, ID_COUPON_STATUS, DAT_VALID_TO, ID_COUPON) VALUES (#CURRENT_TIMESTAMP#,0,#CURRENT_TIMESTAMP#,0,7015,null,'Enjoy 50% discount on any item during your next purchase.',7001,0,null,10000000,null,null,'08/15',10,#COUPON_END_DATE#,7025);
INSERT INTO CPN_COUPONS (DAT_CREATION, ID_CUSTOMER_CREATION, DAT_LAST_UPDATE, ID_CUSTOMER_LAST_UPDATE, ID_BATCH_SEGMENT, BIN_CODE, STR_CODE, ID_COUPON_TYPE, INT_GONE, STR_CODE_HASH, INT_QUANTITY, ID_REDEEMED_AT, DAT_REDEEMED, STR_SERIAL_NUMBER, ID_COUPON_STATUS, DAT_VALID_TO, ID_COUPON) VALUES (#CURRENT_TIMESTAMP#,0,#CURRENT_TIMESTAMP#,0,7016,null,'Enjoy 50% discount on any item during your next purchase.',7001,0,null,10000000,null,null,'08/15',10,#COUPON_END_DATE#,7026);
INSERT INTO CPN_COUPONS (DAT_CREATION, ID_CUSTOMER_CREATION, DAT_LAST_UPDATE, ID_CUSTOMER_LAST_UPDATE, ID_BATCH_SEGMENT, BIN_CODE, STR_CODE, ID_COUPON_TYPE, INT_GONE, STR_CODE_HASH, INT_QUANTITY, ID_REDEEMED_AT, DAT_REDEEMED, STR_SERIAL_NUMBER, ID_COUPON_STATUS, DAT_VALID_TO, ID_COUPON) VALUES (#CURRENT_TIMESTAMP#,0,#CURRENT_TIMESTAMP#,0,7017,null,'Enjoy 50% discount on any item during your next purchase.',7001,0,null,10000000,null,null,'08/15',10,#COUPON_END_DATE#,7027);
INSERT INTO CPN_COUPONS (DAT_CREATION, ID_CUSTOMER_CREATION, DAT_LAST_UPDATE, ID_CUSTOMER_LAST_UPDATE, ID_BATCH_SEGMENT, BIN_CODE, STR_CODE, ID_COUPON_TYPE, INT_GONE, STR_CODE_HASH, INT_QUANTITY, ID_REDEEMED_AT, DAT_REDEEMED, STR_SERIAL_NUMBER, ID_COUPON_STATUS, DAT_VALID_TO, ID_COUPON) VALUES (#CURRENT_TIMESTAMP#,0,#CURRENT_TIMESTAMP#,0,7018,null,'Enjoy 50% discount on any item during your next purchase.',7001,0,null,10000000,null,null,'08/15',10,#COUPON_END_DATE#,7028);
INSERT INTO CPN_COUPONS (DAT_CREATION, ID_CUSTOMER_CREATION, DAT_LAST_UPDATE, ID_CUSTOMER_LAST_UPDATE, ID_BATCH_SEGMENT, BIN_CODE, STR_CODE, ID_COUPON_TYPE, INT_GONE, STR_CODE_HASH, INT_QUANTITY, ID_REDEEMED_AT, DAT_REDEEMED, STR_SERIAL_NUMBER, ID_COUPON_STATUS, DAT_VALID_TO, ID_COUPON) VALUES (#CURRENT_TIMESTAMP#,0,#CURRENT_TIMESTAMP#,0,7019,null,'Enjoy 50% discount on any item during your next purchase.',7001,0,null,10000000,null,null,'08/15',10,#COUPON_END_DATE#,7029);


INSERT INTO MOB_UMGR_USER_PRIVILEGES (ID_ENTITY, ID_CUSTOMER, BOL_GRANT_OPTION, ID_PRIVILEGE, DAT_CREATION, ID_CUSTOMER_CREATION) VALUES(#SEQ_VAL#, 7005, 'Y', 'WS_MOBILE_ACCESS', #CURRENT_TIMESTAMP#, 0);
INSERT INTO MOB_UMGR_USER_PRIVILEGES (ID_ENTITY, ID_CUSTOMER, BOL_GRANT_OPTION, ID_PRIVILEGE, DAT_CREATION, ID_CUSTOMER_CREATION) VALUES(#SEQ_VAL#, 7005, 'Y', 'WS_FIND_CUSTOMER', #CURRENT_TIMESTAMP#, 0);
INSERT INTO MOB_UMGR_USER_PRIVILEGES (ID_ENTITY, ID_CUSTOMER, BOL_GRANT_OPTION, ID_PRIVILEGE, DAT_CREATION, ID_CUSTOMER_CREATION) VALUES(#SEQ_VAL#, 7005, 'Y', 'WS_GET_PAYMENT_INSTRUMENT', #CURRENT_TIMESTAMP#, 0);

